{"type": "FeatureCollection","name": "Nigeria_adm1_2026-08-31_spatial_boundary","crs": { "type": "name", "properties": { "name": "urn:ogc:def:crs:OGC:1.3:CRS84" } },"features": [{ "type": "Feature", "properties": { "ucode": "NGA_0007_V1", "uuid": "e431da3e-140c-42c5-a8e9-ac7ae90af40e", "cnpt_uuid": "071528ac-5951-4a88-8036-09ad5778a64e", "is_latest": true, "start_date": "2023-09-06T00:00:00Z", "end_date": null, "name": "Benue", "level": 1, "level_name": "Admin Level 1", "type": "Admin Level 1", "SALB_ID": null, "WFP_ID": "902326", "Source_ID": "NG007", "BrazilStat": null, "UNDP_ID": null, "default": "902326", "Abyei": null, "name_en": "Benue", "Alternativ": null, "adm0_ucode": "NGA_V1", "adm0_type": "State" }, "geometry": { "type": "MultiPolygon", "coordinates": [ [ [ [ 9.17912579, 7.90808336 ], [ 9.18319154, 7.89574302 ], [ 9.17217055, 7.8866309 ], [ 9.16251848, 7.86909242 ], [ 9.14999402, 7.85986389 ], [ 9.12428559, 7.82690464 ], [ 9.11571703, 7.80844732 ], [ 9.12033103, 7.79328632 ], [ 9.13021867, 7.78801287 ], [ 9.19020482, 7.81042478 ], [ 9.22514149, 7.81833517 ], [ 9.27260208, 7.82294949 ], [ 9.31478985, 7.83481506 ], [ 9.3866404, 7.8447026 ], [ 9.39645345, 7.84453193 ], [ 9.43393405, 7.85880365 ], [ 9.44265541, 7.87072643 ], [ 9.45899397, 7.88046976 ], [ 9.503637, 7.89342924 ], [ 9.54173489, 7.89446008 ], [ 9.57004166, 7.8987566 ], [ 9.62441965, 7.87154733 ], [ 9.76351443, 7.76605605 ], [ 9.79824771, 7.72692814 ], [ 9.84497008, 7.70078753 ], [ 9.86354686, 7.68601421 ], [ 9.90521599, 7.64748663 ], [ 9.91226209, 7.63770569 ], [ 9.90520569, 7.6076482 ], [ 9.90452808, 7.57241604 ], [ 9.91267821, 7.53435525 ], [ 9.92473679, 7.51453377 ], [ 9.90704622, 7.4968428 ], [ 9.89479163, 7.43698447 ], [ 9.88014394, 7.39911721 ], [ 9.86699173, 7.35358475 ], [ 9.8680479, 7.34056399 ], [ 9.8561549, 7.32598164 ], [ 9.84081721, 7.27978266 ], [ 9.82495858, 7.25459809 ], [ 9.83521446, 7.21716075 ], [ 9.83455582, 7.1993628 ], [ 9.82309996, 7.16817439 ], [ 9.81970728, 7.10851458 ], [ 9.76639822, 7.06631993 ], [ 9.7315634, 7.0668915 ], [ 9.69975287, 7.01149546 ], [ 9.68920603, 6.98644689 ], [ 9.66415672, 6.93568939 ], [ 9.64569959, 6.89482023 ], [ 9.64141453, 6.86647557 ], [ 9.64866638, 6.79923861 ], [ 9.64602955, 6.73859416 ], [ 9.63614194, 6.71288593 ], [ 9.62229833, 6.66410634 ], [ 9.6064788, 6.57182081 ], [ 9.60252295, 6.53820214 ], [ 9.59858173, 6.52975773 ], [ 9.59288048, 6.5225895 ], [ 9.59266772, 6.5219184 ], [ 9.59263122, 6.52092907 ], [ 9.59266406, 6.51880896 ], [ 9.59262778, 6.51699836 ], [ 9.59262654, 6.51693627 ], [ 9.59248414, 6.51601773 ], [ 9.58929993, 6.51209932 ], [ 9.58855724, 6.51142883 ], [ 9.58477714, 6.48369263 ], [ 9.58450671, 6.47840495 ], [ 9.58466373, 6.4770299 ], [ 9.56709999, 6.46469607 ], [ 9.5293118, 6.44575672 ], [ 9.5157319, 6.4451036 ], [ 9.46576618, 6.4552694 ], [ 9.46728621, 6.47324512 ], [ 9.47432694, 6.49960271 ], [ 9.47109227, 6.52488415 ], [ 9.4495182, 6.5388088 ], [ 9.43254203, 6.55729575 ], [ 9.40206236, 6.60113381 ], [ 9.36804218, 6.62892212 ], [ 9.34320726, 6.66468467 ], [ 9.3250991, 6.68432703 ], [ 9.30026416, 6.72008884 ], [ 9.25575471, 6.71809992 ], [ 9.21573183, 6.70574628 ], [ 9.19282926, 6.69442318 ], [ 9.15852737, 6.68432621 ], [ 9.14940083, 6.6843891 ], [ 9.1230764, 6.67308987 ], [ 9.11166239, 6.65988757 ], [ 9.07036755, 6.6424532 ], [ 9.04755984, 6.6437587 ], [ 9.02707602, 6.65078793 ], [ 8.99765182, 6.6831378 ], [ 8.99201599, 6.69236102 ], [ 8.97033143, 6.69136184 ], [ 8.96809176, 6.69711916 ], [ 8.99141903, 6.7466098 ], [ 9.00747502, 6.75783458 ], [ 8.99493726, 6.77663696 ], [ 8.96084807, 6.79705383 ], [ 8.92340382, 6.82486578 ], [ 8.89725889, 6.83767502 ], [ 8.85977278, 6.85974699 ], [ 8.83930561, 6.86907287 ], [ 8.75960841, 6.89143604 ], [ 8.70374182, 6.89641281 ], [ 8.66474045, 6.86797904 ], [ 8.60648893, 6.8591952 ], [ 8.60185738, 6.85004296 ], [ 8.64155673, 6.81877006 ], [ 8.63684064, 6.79813711 ], [ 8.62074097, 6.7810258 ], [ 8.57841101, 6.765244 ], [ 8.54413435, 6.75859209 ], [ 8.51562241, 6.75993589 ], [ 8.46874526, 6.74648103 ], [ 8.45049952, 6.74775511 ], [ 8.44030077, 6.75700989 ], [ 8.41976519, 6.757152 ], [ 8.39341623, 6.74240771 ], [ 8.37489793, 6.70694397 ], [ 8.36110588, 6.6932621 ], [ 8.32106582, 6.67861331 ], [ 8.2945148, 6.67870896 ], [ 8.27882084, 6.69795527 ], [ 8.28563208, 6.71021552 ], [ 8.27382554, 6.71294036 ], [ 8.26883098, 6.72792539 ], [ 8.25157553, 6.73564473 ], [ 8.26610647, 6.74154807 ], [ 8.25566193, 6.76606907 ], [ 8.24067671, 6.7924061 ], [ 8.22932531, 6.80012555 ], [ 8.22024354, 6.77878342 ], [ 8.1936932, 6.77832949 ], [ 8.18096422, 6.76352532 ], [ 8.16393028, 6.76503143 ], [ 8.15258309, 6.75471645 ], [ 8.14440945, 6.72520063 ], [ 8.12760817, 6.71157781 ], [ 8.09854589, 6.70703707 ], [ 8.07538777, 6.71384824 ], [ 8.05086612, 6.70930725 ], [ 8.03820073, 6.7119149 ], [ 8.02181356, 6.72354932 ], [ 8.00622238, 6.71641239 ], [ 7.99478611, 6.70385849 ], [ 7.98224404, 6.66384386 ], [ 7.98748853, 6.64782236 ], [ 7.98745825, 6.61318348 ], [ 7.97106595, 6.60208642 ], [ 7.96542151, 6.59142803 ], [ 7.97155157, 6.57058669 ], [ 7.96254538, 6.54401719 ], [ 7.94937672, 6.53221076 ], [ 7.93235656, 6.53176309 ], [ 7.91092522, 6.55082837 ], [ 7.89024911, 6.55147586 ], [ 7.85583372, 6.5807992 ], [ 7.84675175, 6.6044116 ], [ 7.83358298, 6.6193966 ], [ 7.83176656, 6.63846886 ], [ 7.80828662, 6.63421699 ], [ 7.80492667, 6.64046036 ], [ 7.83013448, 6.68930098 ], [ 7.85534214, 6.7428684 ], [ 7.88842802, 6.76650105 ], [ 7.90339584, 6.7814685 ], [ 7.8900038, 6.78540715 ], [ 7.88645881, 6.80510104 ], [ 7.89039759, 6.84370082 ], [ 7.88814594, 6.85345899 ], [ 7.89665946, 6.86393156 ], [ 7.88259694, 6.85829168 ], [ 7.86380338, 6.88003183 ], [ 7.82675999, 6.89168358 ], [ 7.80069798, 6.88823687 ], [ 7.78523452, 6.87296976 ], [ 7.76278157, 6.87993759 ], [ 7.75017735, 6.87836215 ], [ 7.73442246, 6.86339482 ], [ 7.7202426, 6.86260692 ], [ 7.69228007, 6.85182428 ], [ 7.67455295, 6.85551744 ], [ 7.65035381, 6.88939514 ], [ 7.62019768, 6.91932527 ], [ 7.57765909, 6.93271729 ], [ 7.56426688, 6.95241123 ], [ 7.55717769, 6.97761913 ], [ 7.53827158, 7.02015776 ], [ 7.53051395, 7.03227804 ], [ 7.57867805, 7.05568736 ], [ 7.58406164, 7.0676416 ], [ 7.58073624, 7.08498702 ], [ 7.58499684, 7.10670096 ], [ 7.60548841, 7.14474974 ], [ 7.62279866, 7.16325813 ], [ 7.64666497, 7.17202593 ], [ 7.68642011, 7.19100874 ], [ 7.69219295, 7.1993127 ], [ 7.70850011, 7.19611579 ], [ 7.73674276, 7.19729922 ], [ 7.78337635, 7.20602754 ], [ 7.80664518, 7.25440682 ], [ 7.81873475, 7.28692528 ], [ 7.77471199, 7.30119262 ], [ 7.78733524, 7.33850199 ], [ 7.79813541, 7.3591499 ], [ 7.79399364, 7.41513437 ], [ 7.83583825, 7.4653235 ], [ 7.83577521, 7.48511471 ], [ 7.81834074, 7.49699217 ], [ 7.80747871, 7.49370271 ], [ 7.79339443, 7.47846862 ], [ 7.77924612, 7.48276126 ], [ 7.75591814, 7.52676733 ], [ 7.73991464, 7.53795587 ], [ 7.75197944, 7.57691065 ], [ 7.75078053, 7.59417908 ], [ 7.75244791, 7.64778267 ], [ 7.75467386, 7.64772833 ], [ 7.75263551, 7.74419884 ], [ 7.74469064, 7.76865665 ], [ 7.69285081, 7.83863111 ], [ 7.6697527, 7.88482857 ], [ 7.66383454, 7.91434519 ], [ 7.69501254, 7.93159664 ], [ 7.69280058, 7.94135218 ], [ 7.66504094, 7.94016767 ], [ 7.67683773, 8.01447118 ], [ 7.69746668, 8.0136624 ], [ 7.76073225, 8.00342853 ], [ 7.83841776, 7.9852857 ], [ 7.87990733, 7.98536302 ], [ 7.91804146, 7.97571385 ], [ 8.06291612, 7.92698881 ], [ 8.0804041, 7.9186598 ], [ 8.09241313, 7.90458695 ], [ 8.13921848, 7.90469954 ], [ 8.13925173, 7.89059692 ], [ 8.10198332, 7.86712396 ], [ 8.11380878, 7.86387212 ], [ 8.15986247, 7.85968531 ], [ 8.18544764, 7.85224255 ], [ 8.21521968, 7.83456519 ], [ 8.27476316, 7.81456222 ], [ 8.34547212, 7.78432502 ], [ 8.37215914, 7.77000237 ], [ 8.40315559, 7.76618289 ], [ 8.41199402, 7.77641691 ], [ 8.39385119, 7.80991022 ], [ 8.3966426, 7.82944813 ], [ 8.40466223, 7.83676038 ], [ 8.40538695, 7.86102354 ], [ 8.39772147, 7.87996141 ], [ 8.37849642, 7.91615586 ], [ 8.36451064, 7.9203458 ], [ 8.36711642, 7.93891744 ], [ 8.36029645, 7.96067277 ], [ 8.36345312, 8.01658436 ], [ 8.37111761, 8.04634383 ], [ 8.39050652, 8.07790764 ], [ 8.42657878, 8.11217598 ], [ 8.4662578, 8.1392297 ], [ 8.50368283, 8.15816776 ], [ 8.52442477, 8.15726555 ], [ 8.54239576, 8.1487302 ], [ 8.58848554, 8.15607043 ], [ 8.59502478, 8.15282347 ], [ 8.62165485, 8.12021486 ], [ 8.69666875, 8.09639457 ], [ 8.78053644, 8.07520205 ], [ 8.84185904, 8.06708536 ], [ 8.91084689, 8.05626392 ], [ 8.97126754, 8.05761633 ], [ 9.02537509, 8.06257634 ], [ 9.0569728, 8.07764538 ], [ 9.06338953, 8.06747898 ], [ 9.06338685, 8.05206648 ], [ 9.13094498, 7.9307589 ], [ 9.13565004, 7.92472622 ], [ 9.17296006, 7.90628244 ], [ 9.17912579, 7.90808336 ] ] ] ] } },{ "type": "Feature", "properties": { "ucode": "NGA_0035_V1", "uuid": "d988f76a-57a9-4726-9e12-bbcee4545f20", "cnpt_uuid": "aad17051-194b-4e8c-9066-5e7fd2337f5c", "is_latest": true, "start_date": "2023-09-06T00:00:00Z", "end_date": null, "name": "Taraba", "level": 1, "level_name": "Admin Level 1", "type": "Admin Level 1", "SALB_ID": null, "WFP_ID": "902354", "Source_ID": "NG035", "BrazilStat": null, "UNDP_ID": null, "default": "902354", "Abyei": null, "name_en": "Taraba", "Alternativ": null, "adm0_ucode": "NGA_V1", "adm0_type": "State" }, "geometry": { "type": "MultiPolygon", "coordinates": [ [ [ [ 10.97489369, 9.59289051 ], [ 10.97814106, 9.57461364 ], [ 10.99238201, 9.55928325 ], [ 11.00819282, 9.55210864 ], [ 11.03552601, 9.54868318 ], [ 11.0708559, 9.55124265 ], [ 11.1613471, 9.55102246 ], [ 11.19194233, 9.55811305 ], [ 11.22709009, 9.56936832 ], [ 11.25466625, 9.55434716 ], [ 11.27801446, 9.5473488 ], [ 11.32032487, 9.54891002 ], [ 11.36791447, 9.54769417 ], [ 11.40568433, 9.5445099 ], [ 11.42959875, 9.54962559 ], [ 11.44161634, 9.53315143 ], [ 11.45148646, 9.50591488 ], [ 11.479107, 9.4656334 ], [ 11.48430643, 9.46413825 ], [ 11.49742726, 9.4405069 ], [ 11.50630664, 9.43398489 ], [ 11.53000737, 9.40390949 ], [ 11.55731893, 9.38087567 ], [ 11.59625645, 9.37920748 ], [ 11.62224557, 9.33712475 ], [ 11.63906026, 9.31873024 ], [ 11.66080765, 9.27820971 ], [ 11.67015539, 9.25361463 ], [ 11.70006777, 9.2100515 ], [ 11.70261565, 9.16080966 ], [ 11.69539738, 9.13280288 ], [ 11.69493587, 9.10682957 ], [ 11.70675654, 9.07449078 ], [ 11.72963616, 9.06167789 ], [ 11.73517683, 9.05327721 ], [ 11.75253484, 9.04971503 ], [ 11.76751691, 9.03371265 ], [ 11.7917586, 9.01992721 ], [ 11.85649393, 9.00261599 ], [ 11.87604738, 8.97625533 ], [ 11.89326587, 8.94532374 ], [ 11.89896199, 8.92586063 ], [ 11.90343292, 8.89152536 ], [ 11.89980206, 8.85720804 ], [ 11.87413779, 8.81378847 ], [ 11.86135865, 8.80352031 ], [ 11.8309756, 8.74066094 ], [ 11.82859729, 8.72693641 ], [ 11.80986095, 8.68006794 ], [ 11.79705632, 8.66407957 ], [ 11.78063513, 8.61720663 ], [ 11.77938737, 8.5977584 ], [ 11.79640407, 8.54623405 ], [ 11.78015793, 8.51423271 ], [ 11.76622191, 8.50396625 ], [ 11.73018922, 8.47086894 ], [ 11.68961711, 8.45723164 ], [ 11.67452839, 8.44811255 ], [ 11.65127939, 8.42642684 ], [ 11.62211236, 8.37615009 ], [ 11.60116775, 8.35217099 ], [ 11.57779717, 8.30416861 ], [ 11.5462773, 8.24588867 ], [ 11.52298614, 8.21504988 ], [ 11.4776366, 8.16938686 ], [ 11.43348038, 8.13173009 ], [ 11.40790072, 8.10661791 ], [ 11.39047638, 8.09292686 ], [ 11.36256676, 8.06438729 ], [ 11.34625703, 8.04154118 ], [ 11.35428981, 8.02664862 ], [ 11.34272113, 8.02781972 ], [ 11.34152114, 8.01866827 ], [ 11.35074923, 8.01178258 ], [ 11.35415182, 7.99690094 ], [ 11.37252224, 7.96482173 ], [ 11.39323329, 7.93845904 ], [ 11.41156656, 7.89837087 ], [ 11.44376669, 7.85367543 ], [ 11.46564075, 7.82845357 ], [ 11.47252641, 7.81585135 ], [ 11.48981376, 7.79979375 ], [ 11.50023071, 7.79976992 ], [ 11.51419379, 7.81575626 ], [ 11.52590485, 7.84547769 ], [ 11.54116818, 7.89235354 ], [ 11.55155296, 7.90333173 ], [ 11.57826788, 7.90599868 ], [ 11.62446404, 7.88415382 ], [ 11.64636878, 7.86579702 ], [ 11.67165771, 7.82798193 ], [ 11.68771247, 7.79590839 ], [ 11.70386867, 7.78557435 ], [ 11.74765862, 7.74428426 ], [ 11.75798497, 7.72480916 ], [ 11.76936316, 7.68244931 ], [ 11.77269267, 7.65154941 ], [ 11.76610673, 7.61492442 ], [ 11.76782154, 7.58257063 ], [ 11.76291954, 7.5405879 ], [ 11.77193524, 7.48793557 ], [ 11.79608631, 7.45469954 ], [ 11.83179074, 7.41686016 ], [ 11.85399326, 7.37866605 ], [ 11.8866449, 7.33040807 ], [ 11.88199725, 7.32340702 ], [ 11.87734975, 7.31640592 ], [ 11.87227825, 7.30877824 ], [ 11.86529751, 7.30116706 ], [ 11.85201021, 7.27590111 ], [ 11.84232712, 7.26689629 ], [ 11.84709414, 7.25513051 ], [ 11.88101115, 7.24723226 ], [ 11.88116509, 7.24660203 ], [ 11.8811453, 7.24557538 ], [ 11.88096595, 7.24495407 ], [ 11.87947452, 7.24264513 ], [ 11.87930465, 7.24239238 ], [ 11.86821192, 7.23403568 ], [ 11.86484401, 7.218937 ], [ 11.85677205, 7.21581421 ], [ 11.8558942, 7.19321585 ], [ 11.86496359, 7.18451254 ], [ 11.85759575, 7.16635308 ], [ 11.86510255, 7.15758755 ], [ 11.8605842, 7.14365266 ], [ 11.86524799, 7.13064167 ], [ 11.87905761, 7.11193947 ], [ 11.87942978, 7.09914567 ], [ 11.86841033, 7.08966956 ], [ 11.86599996, 7.07571673 ], [ 11.84600065, 7.08763702 ], [ 11.83211879, 7.08241731 ], [ 11.82473572, 7.06883472 ], [ 11.8076159, 7.08182023 ], [ 11.78635859, 7.06693103 ], [ 11.77844675, 7.0457166 ], [ 11.76549088, 7.04254736 ], [ 11.73617479, 7.05024026 ], [ 11.71240389, 7.04091875 ], [ 11.7144034, 7.03436175 ], [ 11.68794729, 7.02205266 ], [ 11.68018295, 7.00851545 ], [ 11.67072317, 7.00346299 ], [ 11.670623, 7.00314412 ], [ 11.6704062, 7.00084615 ], [ 11.67037784, 7.00045548 ], [ 11.66894284, 6.99811247 ], [ 11.66861622, 6.99801854 ], [ 11.66088019, 6.99864263 ], [ 11.66053609, 6.9986068 ], [ 11.65990673, 6.99843676 ], [ 11.65963613, 6.99829466 ], [ 11.65925007, 6.99096118 ], [ 11.6593156, 6.99069689 ], [ 11.65916795, 6.98973134 ], [ 11.65910049, 6.98960524 ], [ 11.64037734, 6.98878921 ], [ 11.63483194, 6.98906329 ], [ 11.6213808, 6.97100081 ], [ 11.6234115, 6.95077104 ], [ 11.61092865, 6.94176977 ], [ 11.6084238, 6.94034518 ], [ 11.60492179, 6.93591052 ], [ 11.60722639, 6.91320985 ], [ 11.5992047, 6.90709344 ], [ 11.58063349, 6.90564122 ], [ 11.57363186, 6.89844047 ], [ 11.56318899, 6.88424707 ], [ 11.56523629, 6.87398741 ], [ 11.55541656, 6.86373145 ], [ 11.55505843, 6.85310428 ], [ 11.57071944, 6.84928613 ], [ 11.57958714, 6.84072576 ], [ 11.57890777, 6.81642172 ], [ 11.59073979, 6.80528042 ], [ 11.57657275, 6.79174849 ], [ 11.57005415, 6.77133428 ], [ 11.58022692, 6.75604741 ], [ 11.58341599, 6.73406003 ], [ 11.56382393, 6.7235546 ], [ 11.56356881, 6.72360479 ], [ 11.55235448, 6.71680673 ], [ 11.54656979, 6.70257918 ], [ 11.54638458, 6.70196313 ], [ 11.54636407, 6.70056079 ], [ 11.54791946, 6.69266527 ], [ 11.55063215, 6.68852921 ], [ 11.55105523, 6.68811083 ], [ 11.55273089, 6.684814 ], [ 11.55278607, 6.68416964 ], [ 11.54879052, 6.67594491 ], [ 11.54985672, 6.6736282 ], [ 11.55454529, 6.66907356 ], [ 11.55459403, 6.66832999 ], [ 11.55232659, 6.6639198 ], [ 11.54882501, 6.66261143 ], [ 11.53247672, 6.65474555 ], [ 11.52156725, 6.63303234 ], [ 11.50017855, 6.60523577 ], [ 11.49741393, 6.6021474 ], [ 11.48717658, 6.59901714 ], [ 11.46257874, 6.6109485 ], [ 11.44693625, 6.59996544 ], [ 11.42923365, 6.60343473 ], [ 11.41244827, 6.59766106 ], [ 11.42702448, 6.57750906 ], [ 11.4315647, 6.54554412 ], [ 11.41782736, 6.53980248 ], [ 11.41786096, 6.53893905 ], [ 11.42517952, 6.53511908 ], [ 11.42671165, 6.53455264 ], [ 11.42700256, 6.53443912 ], [ 11.42746107, 6.53413022 ], [ 11.42766121, 6.53366315 ], [ 11.4276218, 6.53314455 ], [ 11.42752093, 6.53290432 ], [ 11.42726179, 6.53241999 ], [ 11.41395211, 6.5319201 ], [ 11.41322966, 6.53203234 ], [ 11.38739018, 6.52844147 ], [ 11.37682707, 6.52322478 ], [ 11.3557413, 6.52509499 ], [ 11.34982887, 6.51424081 ], [ 11.35802596, 6.50239063 ], [ 11.35750584, 6.50228976 ], [ 11.34272848, 6.50145272 ], [ 11.31563172, 6.50599236 ], [ 11.30437592, 6.52188322 ], [ 11.27876656, 6.53765995 ], [ 11.26389947, 6.53486812 ], [ 11.25583062, 6.52699724 ], [ 11.22179775, 6.53656854 ], [ 11.19541568, 6.5344968 ], [ 11.19537926, 6.53381824 ], [ 11.1979599, 6.51049903 ], [ 11.16886679, 6.5031823 ], [ 11.14782916, 6.50419924 ], [ 11.13886597, 6.51091261 ], [ 11.13811384, 6.53029287 ], [ 11.11598446, 6.51453216 ], [ 11.09830125, 6.5199835 ], [ 11.09388141, 6.57164456 ], [ 11.09683129, 6.58971173 ], [ 11.09251347, 6.61071972 ], [ 11.09247257, 6.65769658 ], [ 11.09608047, 6.67356337 ], [ 11.06732733, 6.70827199 ], [ 11.05510698, 6.71525997 ], [ 11.05062466, 6.7075767 ], [ 11.02993257, 6.71416895 ], [ 10.99291641, 6.68694387 ], [ 10.94805188, 6.69506068 ], [ 10.94714875, 6.68762085 ], [ 10.9161781, 6.70910468 ], [ 10.91285616, 6.7230933 ], [ 10.91245994, 6.72539036 ], [ 10.91359358, 6.75833941 ], [ 10.90361192, 6.77231752 ], [ 10.89545531, 6.762484 ], [ 10.88689661, 6.77196125 ], [ 10.87577603, 6.79614643 ], [ 10.85435611, 6.80961866 ], [ 10.8400407, 6.81066523 ], [ 10.82555023, 6.82641511 ], [ 10.81808181, 6.84752475 ], [ 10.81727277, 6.85265017 ], [ 10.81466209, 6.85620818 ], [ 10.84061559, 6.92576022 ], [ 10.84079559, 6.92740446 ], [ 10.84110215, 6.9302048 ], [ 10.83821749, 6.93767547 ], [ 10.81215195, 6.94868942 ], [ 10.80034355, 6.96021012 ], [ 10.77689758, 6.96668487 ], [ 10.7665345, 6.95549228 ], [ 10.75005385, 6.96823038 ], [ 10.73403192, 6.99111974 ], [ 10.72160724, 6.98873931 ], [ 10.7080824, 6.99959566 ], [ 10.70092609, 7.01286147 ], [ 10.68314624, 7.01722326 ], [ 10.6790711, 7.03952858 ], [ 10.66683011, 7.04686269 ], [ 10.65843751, 7.05130969 ], [ 10.65389067, 7.04306578 ], [ 10.62509879, 7.04939554 ], [ 10.59570491, 7.07942462 ], [ 10.60546865, 7.1046689 ], [ 10.59938932, 7.11868829 ], [ 10.59567759, 7.14617911 ], [ 10.58491007, 7.14951792 ], [ 10.57208947, 7.16194314 ], [ 10.56551524, 7.14122233 ], [ 10.56338585, 7.085316 ], [ 10.55928383, 7.08339182 ], [ 10.55747483, 7.04740202 ], [ 10.56012801, 7.03511942 ], [ 10.55130445, 6.97598993 ], [ 10.54339728, 6.96955119 ], [ 10.54167327, 6.93934591 ], [ 10.5304828, 6.92916579 ], [ 10.53069713, 6.92880621 ], [ 10.52959659, 6.92531942 ], [ 10.5256036, 6.92331962 ], [ 10.52356611, 6.92258445 ], [ 10.52174848, 6.92321235 ], [ 10.49344034, 6.91043349 ], [ 10.49121599, 6.88939062 ], [ 10.49480799, 6.87182548 ], [ 10.21694759, 6.88530965 ], [ 10.17305525, 6.94138769 ], [ 10.18104656, 6.96792848 ], [ 10.17863068, 6.98610743 ], [ 10.16944555, 6.99068219 ], [ 10.1661107, 7.00226162 ], [ 10.17635932, 7.01419008 ], [ 10.17580761, 7.01491465 ], [ 10.15823779, 7.02112678 ], [ 10.15832421, 7.02163706 ], [ 10.16024999, 7.02554608 ], [ 10.16145247, 7.02966958 ], [ 10.16210292, 7.03439002 ], [ 10.16227641, 7.03566582 ], [ 10.16172519, 7.03660309 ], [ 10.15661948, 7.0382323 ], [ 10.15278906, 7.03900749 ], [ 10.15001352, 7.03591602 ], [ 10.09098867, 6.98157713 ], [ 10.08571059, 6.97622967 ], [ 10.07535156, 6.96561824 ], [ 10.0702706, 6.96035429 ], [ 10.06518976, 6.95509028 ], [ 10.02804342, 6.91960444 ], [ 10.01385391, 6.90237697 ], [ 10.00771603, 6.90125348 ], [ 10.00157818, 6.9001299 ], [ 9.99544037, 6.89900624 ], [ 9.96041578, 6.86675045 ], [ 9.94527073, 6.84988421 ], [ 9.94022262, 6.84426202 ], [ 9.92842408, 6.83238089 ], [ 9.92513525, 6.83036672 ], [ 9.91962986, 6.82544174 ], [ 9.91412459, 6.8205167 ], [ 9.87277585, 6.77797276 ], [ 9.86826173, 6.77335047 ], [ 9.86435194, 6.77372811 ], [ 9.86069447, 6.7768218 ], [ 9.81699819, 6.78174349 ], [ 9.80598776, 6.79055693 ], [ 9.79987112, 6.78363873 ], [ 9.77945461, 6.79469273 ], [ 9.7760327, 6.78838012 ], [ 9.76906541, 6.76563163 ], [ 9.7655617, 6.72984637 ], [ 9.7568177, 6.69485884 ], [ 9.76532101, 6.69068144 ], [ 9.76515997, 6.67948133 ], [ 9.75216765, 6.6783385 ], [ 9.75405173, 6.662471 ], [ 9.74590319, 6.64877404 ], [ 9.7374128, 6.61871802 ], [ 9.72546248, 6.58972676 ], [ 9.70894265, 6.52625575 ], [ 9.70812258, 6.5209215 ], [ 9.70468371, 6.51234019 ], [ 9.68663014, 6.51176438 ], [ 9.6858174, 6.51162415 ], [ 9.66603145, 6.51009592 ], [ 9.65361379, 6.52396315 ], [ 9.63640496, 6.52129975 ], [ 9.63580364, 6.52073516 ], [ 9.63530806, 6.51995843 ], [ 9.61687034, 6.52340876 ], [ 9.6145036, 6.52369432 ], [ 9.61379714, 6.52380118 ], [ 9.61104232, 6.52454655 ], [ 9.59858173, 6.52975773 ], [ 9.60252295, 6.53820214 ], [ 9.6064788, 6.57182081 ], [ 9.62229833, 6.66410634 ], [ 9.63614194, 6.71288593 ], [ 9.64602955, 6.73859416 ], [ 9.64866638, 6.79923861 ], [ 9.64141453, 6.86647557 ], [ 9.64569959, 6.89482023 ], [ 9.66415672, 6.93568939 ], [ 9.68920603, 6.98644689 ], [ 9.69975287, 7.01149546 ], [ 9.7315634, 7.0668915 ], [ 9.76639822, 7.06631993 ], [ 9.81970728, 7.10851458 ], [ 9.82309996, 7.16817439 ], [ 9.83455582, 7.1993628 ], [ 9.83521446, 7.21716075 ], [ 9.82495858, 7.25459809 ], [ 9.84081721, 7.27978266 ], [ 9.8561549, 7.32598164 ], [ 9.8680479, 7.34056399 ], [ 9.86699173, 7.35358475 ], [ 9.88014394, 7.39911721 ], [ 9.89479163, 7.43698447 ], [ 9.90704622, 7.4968428 ], [ 9.92473679, 7.51453377 ], [ 9.91267821, 7.53435525 ], [ 9.90452808, 7.57241604 ], [ 9.90520569, 7.6076482 ], [ 9.91226209, 7.63770569 ], [ 9.90521599, 7.64748663 ], [ 9.86354686, 7.68601421 ], [ 9.84497008, 7.70078753 ], [ 9.79824771, 7.72692814 ], [ 9.76351443, 7.76605605 ], [ 9.62441965, 7.87154733 ], [ 9.57004166, 7.8987566 ], [ 9.54173489, 7.89446008 ], [ 9.503637, 7.89342924 ], [ 9.45899397, 7.88046976 ], [ 9.44265541, 7.87072643 ], [ 9.43393405, 7.85880365 ], [ 9.39645345, 7.84453193 ], [ 9.3866404, 7.8447026 ], [ 9.31478985, 7.83481506 ], [ 9.27260208, 7.82294949 ], [ 9.22514149, 7.81833517 ], [ 9.19020482, 7.81042478 ], [ 9.13021867, 7.78801287 ], [ 9.12033103, 7.79328632 ], [ 9.11571703, 7.80844732 ], [ 9.12428559, 7.82690464 ], [ 9.14999402, 7.85986389 ], [ 9.16251848, 7.86909242 ], [ 9.17217055, 7.8866309 ], [ 9.18319154, 7.89574302 ], [ 9.17912579, 7.90808336 ], [ 9.22037336, 7.92651308 ], [ 9.25072644, 7.94472505 ], [ 9.28108047, 7.95585494 ], [ 9.33551804, 7.98550786 ], [ 9.34602662, 8.00187957 ], [ 9.4041432, 8.04559425 ], [ 9.41537643, 8.06192501 ], [ 9.39255612, 8.10175423 ], [ 9.3919098, 8.13281154 ], [ 9.38694679, 8.14882574 ], [ 9.4006139, 8.15944971 ], [ 9.41182342, 8.1769294 ], [ 9.3904693, 8.20182797 ], [ 9.37124913, 8.21510801 ], [ 9.32956694, 8.23631015 ], [ 9.32342363, 8.25345128 ], [ 9.32551934, 8.26384922 ], [ 9.34246654, 8.28374279 ], [ 9.36327667, 8.34053698 ], [ 9.37696669, 8.35001088 ], [ 9.38971694, 8.34910954 ], [ 9.42015636, 8.3324431 ], [ 9.48320676, 8.30605888 ], [ 9.51801019, 8.30213741 ], [ 9.54688658, 8.30500311 ], [ 9.59220015, 8.29668432 ], [ 9.60967351, 8.29127222 ], [ 9.61753008, 8.30293268 ], [ 9.6137507, 8.31781871 ], [ 9.61196695, 8.3502354 ], [ 9.62222637, 8.34955136 ], [ 9.62404215, 8.36060471 ], [ 9.61830238, 8.37776665 ], [ 9.62147549, 8.38899317 ], [ 9.66438009, 8.38278112 ], [ 9.7110627, 8.37327095 ], [ 9.75665456, 8.36734187 ], [ 9.8214463, 8.40279116 ], [ 9.85602547, 8.42549509 ], [ 9.86944677, 8.43128964 ], [ 9.89091415, 8.44782543 ], [ 9.92026328, 8.47855764 ], [ 9.95010666, 8.498932 ], [ 9.97132684, 8.52064802 ], [ 9.99775715, 8.54086784 ], [ 10.00417721, 8.54980648 ], [ 10.05182753, 8.59174258 ], [ 10.06620708, 8.6131507 ], [ 10.0971756, 8.64568612 ], [ 10.11644734, 8.67250346 ], [ 10.17042759, 8.72510532 ], [ 10.18034757, 8.73247143 ], [ 10.18814639, 8.74839414 ], [ 10.22407608, 8.78461146 ], [ 10.23570714, 8.79205627 ], [ 10.24863613, 8.80820849 ], [ 10.29189683, 8.83437555 ], [ 10.32507632, 8.85662952 ], [ 10.34109693, 8.87984068 ], [ 10.36914719, 8.90186402 ], [ 10.38052657, 8.91448712 ], [ 10.39719686, 8.92388745 ], [ 10.42020622, 8.94395376 ], [ 10.46380721, 8.96321578 ], [ 10.5097769, 8.96874353 ], [ 10.56624712, 8.96955394 ], [ 10.59674635, 8.97611613 ], [ 10.62722595, 9.01900941 ], [ 10.63744748, 9.05580167 ], [ 10.63791648, 9.08177364 ], [ 10.62252499, 9.09402964 ], [ 10.63612001, 9.11897783 ], [ 10.63366024, 9.13045223 ], [ 10.6177398, 9.14132812 ], [ 10.6103698, 9.17574965 ], [ 10.61423681, 9.18278509 ], [ 10.5999068, 9.19598081 ], [ 10.59660997, 9.22340086 ], [ 10.58014953, 9.24583631 ], [ 10.57775033, 9.29785339 ], [ 10.58088045, 9.31343755 ], [ 10.57806968, 9.33261678 ], [ 10.55986979, 9.35111314 ], [ 10.56658008, 9.37264727 ], [ 10.56037022, 9.38202404 ], [ 10.56358994, 9.39568039 ], [ 10.57835025, 9.40984922 ], [ 10.57894018, 9.43883325 ], [ 10.56614962, 9.4652918 ], [ 10.54165736, 9.48228859 ], [ 10.51848575, 9.50377069 ], [ 10.51632707, 9.51056111 ], [ 10.5525171, 9.54160032 ], [ 10.58910682, 9.56400776 ], [ 10.60286591, 9.56289553 ], [ 10.67244599, 9.54007529 ], [ 10.68432626, 9.54233925 ], [ 10.73117755, 9.56520838 ], [ 10.73922719, 9.5759506 ], [ 10.77036644, 9.60503309 ], [ 10.78378675, 9.6108267 ], [ 10.83821583, 9.61846527 ], [ 10.87596596, 9.61670397 ], [ 10.90013694, 9.61260054 ], [ 10.90550727, 9.60765273 ], [ 10.94555652, 9.59388255 ], [ 10.97489369, 9.59289051 ] ] ] ] } },{ "type": "Feature", "properties": { "ucode": "NGA_0002_V1", "uuid": "cd6f47a6-b7f4-4694-a07c-7af695ee10c2", "cnpt_uuid": "26c0dc61-c38b-47a0-8752-fca415f10659", "is_latest": true, "start_date": "2023-09-06T00:00:00Z", "end_date": null, "name": "Adamawa", "level": 1, "level_name": "Admin Level 1", "type": "Admin Level 1", "SALB_ID": null, "WFP_ID": "902321", "Source_ID": "NG002", "BrazilStat": null, "UNDP_ID": null, "default": "902321", "Abyei": null, "name_en": "Adamawa", "Alternativ": null, "adm0_ucode": "NGA_V1", "adm0_type": "State" }, "geometry": { "type": "MultiPolygon", "coordinates": [ [ [ [ 13.71208217, 10.94726416 ], [ 13.71314115, 10.94359127 ], [ 13.73348902, 10.92430176 ], [ 13.7315899, 10.9121596 ], [ 13.72140883, 10.90147274 ], [ 13.72231209, 10.8856758 ], [ 13.71698518, 10.86176346 ], [ 13.70148109, 10.85733592 ], [ 13.70075453, 10.84841454 ], [ 13.68412036, 10.84593633 ], [ 13.66817661, 10.8120865 ], [ 13.65269017, 10.81189415 ], [ 13.64172116, 10.79232668 ], [ 13.65346465, 10.78513324 ], [ 13.65647695, 10.77479664 ], [ 13.64062636, 10.76200362 ], [ 13.63263948, 10.74842624 ], [ 13.62476009, 10.70727437 ], [ 13.61310972, 10.70523007 ], [ 13.60392755, 10.69303748 ], [ 13.5846193, 10.69205685 ], [ 13.58131209, 10.68099482 ], [ 13.58896398, 10.66145326 ], [ 13.57916231, 10.65540162 ], [ 13.57928374, 10.63695767 ], [ 13.57927785, 10.63512381 ], [ 13.58014502, 10.62039411 ], [ 13.56507123, 10.6215586 ], [ 13.56589837, 10.60300824 ], [ 13.57334297, 10.58420954 ], [ 13.56727755, 10.57104985 ], [ 13.57150765, 10.54994841 ], [ 13.58337532, 10.55064769 ], [ 13.59429155, 10.51875847 ], [ 13.57222861, 10.50674988 ], [ 13.56007614, 10.51662098 ], [ 13.5527308, 10.51017716 ], [ 13.53960308, 10.51376764 ], [ 13.54022295, 10.49020967 ], [ 13.53690231, 10.47766934 ], [ 13.52909613, 10.47660429 ], [ 13.5297222, 10.46333334 ], [ 13.52072002, 10.45476791 ], [ 13.51937296, 10.44065946 ], [ 13.52061722, 10.43051019 ], [ 13.52161541, 10.42387728 ], [ 13.52233866, 10.4190713 ], [ 13.52334625, 10.41293985 ], [ 13.52527663, 10.40326017 ], [ 13.5262357, 10.3997121 ], [ 13.53802475, 10.38221887 ], [ 13.5419613, 10.36178291 ], [ 13.53429326, 10.31940503 ], [ 13.52292925, 10.30072956 ], [ 13.52036656, 10.26745354 ], [ 13.50970419, 10.26159276 ], [ 13.50738651, 10.25886618 ], [ 13.49600704, 10.25060547 ], [ 13.50347847, 10.22344221 ], [ 13.49949062, 10.20635816 ], [ 13.48796099, 10.19740116 ], [ 13.48675092, 10.19620049 ], [ 13.46836976, 10.19163852 ], [ 13.46355792, 10.16849113 ], [ 13.45077958, 10.16215615 ], [ 13.42317523, 10.15570392 ], [ 13.43778323, 10.14439223 ], [ 13.43055513, 10.11840615 ], [ 13.41315429, 10.12588366 ], [ 13.40928906, 10.12676927 ], [ 13.3959467, 10.13575353 ], [ 13.39809903, 10.11246159 ], [ 13.38716661, 10.11690046 ], [ 13.36666156, 10.11624925 ], [ 13.35841565, 10.10741131 ], [ 13.34491342, 10.10859636 ], [ 13.34333125, 10.11750556 ], [ 13.31012232, 10.10614803 ], [ 13.29894892, 10.08728149 ], [ 13.29722222, 10.05888889 ], [ 13.28194444, 10.03388889 ], [ 13.24714969, 10.03533182 ], [ 13.24855784, 10.00216695 ], [ 13.25230896, 9.99780008 ], [ 13.27597373, 9.99014942 ], [ 13.28790832, 9.97825078 ], [ 13.28752236, 9.97360824 ], [ 13.28288478, 9.9478861 ], [ 13.27657339, 9.93675461 ], [ 13.27177705, 9.93582092 ], [ 13.26463401, 9.92695742 ], [ 13.25138303, 9.92806062 ], [ 13.23668425, 9.91116793 ], [ 13.2382338, 9.88297448 ], [ 13.24608572, 9.87158172 ], [ 13.24347766, 9.86302868 ], [ 13.28884326, 9.84092013 ], [ 13.30177026, 9.82701562 ], [ 13.29518568, 9.8176056 ], [ 13.29156573, 9.81332948 ], [ 13.28516561, 9.80097805 ], [ 13.28106129, 9.79715391 ], [ 13.26226679, 9.78007475 ], [ 13.25596937, 9.74941332 ], [ 13.26001604, 9.74094226 ], [ 13.24924857, 9.72272654 ], [ 13.25203107, 9.70042588 ], [ 13.23372126, 9.68662654 ], [ 13.23023832, 9.6755922 ], [ 13.23747236, 9.66723696 ], [ 13.22916559, 9.65086485 ], [ 13.23559922, 9.6197786 ], [ 13.23439951, 9.61515337 ], [ 13.22532254, 9.60001354 ], [ 13.22515914, 9.59782243 ], [ 13.22857899, 9.58725724 ], [ 13.20961654, 9.55745038 ], [ 13.19132321, 9.55874353 ], [ 13.19047462, 9.55808855 ], [ 13.17347032, 9.54291455 ], [ 13.17250428, 9.5427019 ], [ 13.17040021, 9.5426649 ], [ 13.16968, 9.54292059 ], [ 13.16322249, 9.53821609 ], [ 13.16266253, 9.53783691 ], [ 13.16219286, 9.53767875 ], [ 13.16152667, 9.53761036 ], [ 13.16082079, 9.53763258 ], [ 13.16020598, 9.53773312 ], [ 13.15956453, 9.53792433 ], [ 13.15835763, 9.53876123 ], [ 13.15777812, 9.53958847 ], [ 13.1573966, 9.5400535 ], [ 13.15695036, 9.54040142 ], [ 13.1564396, 9.54059332 ], [ 13.15532829, 9.54066527 ], [ 13.15464896, 9.54060978 ], [ 13.12402585, 9.526422 ], [ 13.09586807, 9.52553344 ], [ 13.08179878, 9.5102884 ], [ 13.0598967, 9.51147088 ], [ 13.05516995, 9.50870597 ], [ 13.03688937, 9.50614536 ], [ 13.01110154, 9.49011283 ], [ 13.00652507, 9.48162002 ], [ 12.98276699, 9.46593636 ], [ 12.97473356, 9.46793497 ], [ 12.97357729, 9.45713874 ], [ 12.96132025, 9.44008982 ], [ 12.95034093, 9.43628603 ], [ 12.93773081, 9.41511796 ], [ 12.8962253, 9.39641561 ], [ 12.88425263, 9.39622062 ], [ 12.87955546, 9.39371017 ], [ 12.86849808, 9.37923834 ], [ 12.87023238, 9.37033701 ], [ 12.8510523, 9.37373392 ], [ 12.86752032, 9.35061147 ], [ 12.88290462, 9.34706838 ], [ 12.9003911, 9.35493033 ], [ 12.91321931, 9.35201649 ], [ 12.92451483, 9.33952662 ], [ 12.91062631, 9.31327461 ], [ 12.91057502, 9.29758524 ], [ 12.91825879, 9.28072125 ], [ 12.91132268, 9.26891396 ], [ 12.91698534, 9.25170323 ], [ 12.90707944, 9.22514629 ], [ 12.90055864, 9.22063595 ], [ 12.89917087, 9.19477442 ], [ 12.88812788, 9.1777056 ], [ 12.89289781, 9.17287847 ], [ 12.88475873, 9.14917796 ], [ 12.89721414, 9.1346376 ], [ 12.89361111, 9.12528939 ], [ 12.90081961, 9.11480792 ], [ 12.889071, 9.10342757 ], [ 12.8875, 9.07194444 ], [ 12.86527778, 9.0175 ], [ 12.84706218, 8.99785776 ], [ 12.83491954, 8.98476242 ], [ 12.82884855, 8.9782146 ], [ 12.82277778, 8.97166667 ], [ 12.82151707, 8.96353885 ], [ 12.81945364, 8.95023499 ], [ 12.81899583, 8.94728318 ], [ 12.81773529, 8.93915533 ], [ 12.81318282, 8.92480929 ], [ 12.80331464, 8.91308088 ], [ 12.81856697, 8.8960491 ], [ 12.80878125, 8.88869368 ], [ 12.81183816, 8.86559126 ], [ 12.80394381, 8.86273422 ], [ 12.80164979, 8.85703846 ], [ 12.80918282, 8.83834743 ], [ 12.81829566, 8.82967081 ], [ 12.81051543, 8.818965 ], [ 12.81177013, 8.79993013 ], [ 12.78651106, 8.78176177 ], [ 12.79265603, 8.77683275 ], [ 12.78429005, 8.74567512 ], [ 12.76361709, 8.75232145 ], [ 12.75264229, 8.76438925 ], [ 12.74041977, 8.7576548 ], [ 12.72315902, 8.76342326 ], [ 12.71409872, 8.74613976 ], [ 12.71354999, 8.74189657 ], [ 12.70904789, 8.73766979 ], [ 12.70725835, 8.71198477 ], [ 12.71021995, 8.70273271 ], [ 12.69735922, 8.67902288 ], [ 12.70097963, 8.67071733 ], [ 12.70090526, 8.67018133 ], [ 12.68785324, 8.65756313 ], [ 12.6877806, 8.65721875 ], [ 12.68539861, 8.65376793 ], [ 12.68431008, 8.65277381 ], [ 12.67354042, 8.64733323 ], [ 12.67316391, 8.64738952 ], [ 12.65510274, 8.65263353 ], [ 12.6360688, 8.64834017 ], [ 12.63170067, 8.63711294 ], [ 12.63128238, 8.63681047 ], [ 12.61509339, 8.64013292 ], [ 12.60853095, 8.63438662 ], [ 12.60317998, 8.60649888 ], [ 12.619628, 8.60434035 ], [ 12.6047545, 8.59998179 ], [ 12.59923642, 8.59155555 ], [ 12.54877732, 8.61240198 ], [ 12.53856703, 8.63104598 ], [ 12.52374716, 8.63068458 ], [ 12.50703691, 8.64080599 ], [ 12.49486953, 8.64182086 ], [ 12.47251208, 8.63063721 ], [ 12.4632621, 8.62166973 ], [ 12.43174065, 8.62008531 ], [ 12.44633213, 8.60266896 ], [ 12.44635356, 8.57361809 ], [ 12.45813601, 8.55265626 ], [ 12.43657119, 8.54468362 ], [ 12.41259743, 8.5409781 ], [ 12.40602704, 8.51835879 ], [ 12.39916647, 8.51274798 ], [ 12.39416627, 8.49587179 ], [ 12.4088594, 8.47532586 ], [ 12.36646123, 8.42061275 ], [ 12.33921956, 8.43063275 ], [ 12.31056165, 8.42655319 ], [ 12.30099892, 8.44253165 ], [ 12.27849101, 8.44724581 ], [ 12.27029418, 8.44796553 ], [ 12.26036631, 8.44311595 ], [ 12.26098452, 8.42784199 ], [ 12.25258658, 8.41688814 ], [ 12.24166667, 8.36666667 ], [ 12.24009037, 8.32238778 ], [ 12.23977516, 8.31353198 ], [ 12.23741471, 8.24720406 ], [ 12.23725393, 8.2426855 ], [ 12.2349286, 8.17732121 ], [ 12.2347336, 8.17183875 ], [ 12.2253478, 8.14410316 ], [ 12.20591032, 8.13298398 ], [ 12.19223805, 8.10683305 ], [ 12.19093138, 8.09636553 ], [ 12.19089544, 8.09289904 ], [ 12.19115725, 8.0897334 ], [ 12.19340485, 8.07689981 ], [ 12.20003839, 8.06278136 ], [ 12.19872003, 8.0102403 ], [ 12.21203712, 7.98277932 ], [ 12.20360345, 7.96464407 ], [ 12.20140639, 7.96324251 ], [ 12.19127316, 7.95829751 ], [ 12.19374201, 7.94081551 ], [ 12.18232596, 7.93414046 ], [ 12.17818951, 7.92890111 ], [ 12.16276351, 7.91268446 ], [ 12.16206466, 7.90268752 ], [ 12.13644631, 7.87196686 ], [ 12.13108981, 7.86534545 ], [ 12.08824396, 7.81237163 ], [ 12.08288899, 7.80574959 ], [ 12.07753419, 7.79912747 ], [ 12.07587762, 7.79952824 ], [ 12.07552762, 7.79950236 ], [ 12.06825132, 7.78934407 ], [ 12.06820202, 7.78905183 ], [ 12.05840379, 7.77029281 ], [ 12.06253969, 7.75737982 ], [ 12.05105963, 7.7351671 ], [ 12.03917277, 7.7324694 ], [ 12.01689228, 7.69101203 ], [ 12.01456204, 7.6784299 ], [ 11.99796726, 7.67541393 ], [ 11.9966722, 7.66778016 ], [ 12.00681516, 7.65008613 ], [ 12.0038471, 7.63762855 ], [ 12.01102787, 7.62902048 ], [ 12.00536902, 7.60583114 ], [ 12.01187362, 7.59393364 ], [ 12.00488546, 7.57910957 ], [ 12.01076053, 7.5659284 ], [ 12.00999081, 7.5450274 ], [ 12.02479065, 7.52730364 ], [ 12.01028961, 7.5226572 ], [ 11.99076282, 7.50898568 ], [ 11.97853485, 7.50521666 ], [ 11.95414151, 7.4865869 ], [ 11.94125838, 7.48702885 ], [ 11.94064137, 7.48707332 ], [ 11.9321731, 7.48575873 ], [ 11.91441792, 7.46680664 ], [ 11.91605818, 7.45230802 ], [ 11.93031887, 7.43986802 ], [ 11.92522161, 7.42233781 ], [ 11.92753086, 7.39411477 ], [ 11.8866449, 7.33040807 ], [ 11.85399326, 7.37866605 ], [ 11.83179074, 7.41686016 ], [ 11.79608631, 7.45469954 ], [ 11.77193524, 7.48793557 ], [ 11.76291954, 7.5405879 ], [ 11.76782154, 7.58257063 ], [ 11.76610673, 7.61492442 ], [ 11.77269267, 7.65154941 ], [ 11.76936316, 7.68244931 ], [ 11.75798497, 7.72480916 ], [ 11.74765862, 7.74428426 ], [ 11.70386867, 7.78557435 ], [ 11.68771247, 7.79590839 ], [ 11.67165771, 7.82798193 ], [ 11.64636878, 7.86579702 ], [ 11.62446404, 7.88415382 ], [ 11.57826788, 7.90599868 ], [ 11.55155296, 7.90333173 ], [ 11.54116818, 7.89235354 ], [ 11.52590485, 7.84547769 ], [ 11.51419379, 7.81575626 ], [ 11.50023071, 7.79976992 ], [ 11.48981376, 7.79979375 ], [ 11.47252641, 7.81585135 ], [ 11.46564075, 7.82845357 ], [ 11.44376669, 7.85367543 ], [ 11.41156656, 7.89837087 ], [ 11.39323329, 7.93845904 ], [ 11.37252224, 7.96482173 ], [ 11.35415182, 7.99690094 ], [ 11.35074923, 8.01178258 ], [ 11.34152114, 8.01866827 ], [ 11.34272113, 8.02781972 ], [ 11.35428981, 8.02664862 ], [ 11.34625703, 8.04154118 ], [ 11.36256676, 8.06438729 ], [ 11.39047638, 8.09292686 ], [ 11.40790072, 8.10661791 ], [ 11.43348038, 8.13173009 ], [ 11.4776366, 8.16938686 ], [ 11.52298614, 8.21504988 ], [ 11.5462773, 8.24588867 ], [ 11.57779717, 8.30416861 ], [ 11.60116775, 8.35217099 ], [ 11.62211236, 8.37615009 ], [ 11.65127939, 8.42642684 ], [ 11.67452839, 8.44811255 ], [ 11.68961711, 8.45723164 ], [ 11.73018922, 8.47086894 ], [ 11.76622191, 8.50396625 ], [ 11.78015793, 8.51423271 ], [ 11.79640407, 8.54623405 ], [ 11.77938737, 8.5977584 ], [ 11.78063513, 8.61720663 ], [ 11.79705632, 8.66407957 ], [ 11.80986095, 8.68006794 ], [ 11.82859729, 8.72693641 ], [ 11.8309756, 8.74066094 ], [ 11.86135865, 8.80352031 ], [ 11.87413779, 8.81378847 ], [ 11.89980206, 8.85720804 ], [ 11.90343292, 8.89152536 ], [ 11.89896199, 8.92586063 ], [ 11.89326587, 8.94532374 ], [ 11.87604738, 8.97625533 ], [ 11.85649393, 9.00261599 ], [ 11.7917586, 9.01992721 ], [ 11.76751691, 9.03371265 ], [ 11.75253484, 9.04971503 ], [ 11.73517683, 9.05327721 ], [ 11.72963616, 9.06167789 ], [ 11.70675654, 9.07449078 ], [ 11.69493587, 9.10682957 ], [ 11.69539738, 9.13280288 ], [ 11.70261565, 9.16080966 ], [ 11.70006777, 9.2100515 ], [ 11.67015539, 9.25361463 ], [ 11.66080765, 9.27820971 ], [ 11.63906026, 9.31873024 ], [ 11.62224557, 9.33712475 ], [ 11.59625645, 9.37920748 ], [ 11.55731893, 9.38087567 ], [ 11.53000737, 9.40390949 ], [ 11.50630664, 9.43398489 ], [ 11.49742726, 9.4405069 ], [ 11.48430643, 9.46413825 ], [ 11.479107, 9.4656334 ], [ 11.45148646, 9.50591488 ], [ 11.44161634, 9.53315143 ], [ 11.42959875, 9.54962559 ], [ 11.44189361, 9.56043145 ], [ 11.44446587, 9.57615266 ], [ 11.46804805, 9.59847042 ], [ 11.50165576, 9.60754675 ], [ 11.52732305, 9.60823714 ], [ 11.56298648, 9.60511847 ], [ 11.59888721, 9.60961318 ], [ 11.61511705, 9.61529642 ], [ 11.63601398, 9.62897893 ], [ 11.65456945, 9.63694598 ], [ 11.66388151, 9.64836601 ], [ 11.68362599, 9.66319449 ], [ 11.71734692, 9.68403755 ], [ 11.75954896, 9.69729581 ], [ 11.77290226, 9.706253 ], [ 11.784703, 9.72921917 ], [ 11.80136727, 9.73650372 ], [ 11.81714128, 9.76273199 ], [ 11.83575335, 9.77268709 ], [ 11.85786069, 9.79780768 ], [ 11.8533257, 9.81841289 ], [ 11.84070008, 9.84132481 ], [ 11.83614989, 9.85849868 ], [ 11.83973882, 9.8836613 ], [ 11.84674737, 9.89737615 ], [ 11.85498628, 9.92710473 ], [ 11.85062684, 9.9854669 ], [ 11.85534677, 10.00490756 ], [ 11.84391045, 10.03468141 ], [ 11.84339031, 10.04459005 ], [ 11.8659544, 10.04607322 ], [ 11.91966506, 10.03239635 ], [ 11.95909987, 10.02697549 ], [ 11.97296123, 10.03091224 ], [ 11.99924182, 10.02460675 ], [ 12.01365078, 10.05287772 ], [ 12.06622288, 10.04627156 ], [ 12.09015781, 10.05156029 ], [ 12.1006379, 10.0624485 ], [ 12.10128603, 10.09777183 ], [ 12.10904763, 10.11451352 ], [ 12.13125336, 10.13953647 ], [ 12.16783407, 10.16718196 ], [ 12.19484522, 10.19454372 ], [ 12.20923577, 10.19969534 ], [ 12.24897158, 10.22025033 ], [ 12.25835004, 10.23761985 ], [ 12.26513114, 10.26827142 ], [ 12.29540879, 10.30824974 ], [ 12.32902585, 10.31961363 ], [ 12.36142289, 10.31725034 ], [ 12.40235078, 10.31873991 ], [ 12.44359832, 10.31706211 ], [ 12.47607864, 10.33300714 ], [ 12.50737082, 10.3420876 ], [ 12.53754275, 10.35918153 ], [ 12.55962064, 10.37650691 ], [ 12.56384998, 10.41661519 ], [ 12.56262707, 10.44891822 ], [ 12.57767997, 10.46066233 ], [ 12.60601806, 10.46763163 ], [ 12.6127791, 10.44862011 ], [ 12.62593894, 10.45280068 ], [ 12.63975944, 10.43789464 ], [ 12.65249546, 10.43900952 ], [ 12.665322, 10.45957569 ], [ 12.67368006, 10.48493013 ], [ 12.68634183, 10.49957354 ], [ 12.69803118, 10.52471846 ], [ 12.7353063, 10.57612054 ], [ 12.76080086, 10.582927 ], [ 12.77697712, 10.57716931 ], [ 12.87534032, 10.57351133 ], [ 12.91811147, 10.56197171 ], [ 12.95855763, 10.54814933 ], [ 12.99738609, 10.52506937 ], [ 13.01455422, 10.50342644 ], [ 13.03220772, 10.4744394 ], [ 13.05258661, 10.45981926 ], [ 13.11398248, 10.43966288 ], [ 13.1216938, 10.44042403 ], [ 13.15745052, 10.42393261 ], [ 13.18483305, 10.42362406 ], [ 13.19670505, 10.41417347 ], [ 13.20527169, 10.41492316 ], [ 13.21312043, 10.4275378 ], [ 13.21942583, 10.45456757 ], [ 13.22898755, 10.46716232 ], [ 13.2425637, 10.50508722 ], [ 13.23549395, 10.53609857 ], [ 13.23720081, 10.58453549 ], [ 13.26562734, 10.62524988 ], [ 13.28318279, 10.66754437 ], [ 13.31124559, 10.71346113 ], [ 13.31938595, 10.73725536 ], [ 13.32295895, 10.75898651 ], [ 13.33438136, 10.7957616 ], [ 13.33637619, 10.84707519 ], [ 13.33443981, 10.89000011 ], [ 13.33697006, 10.92090061 ], [ 13.35037927, 10.93169222 ], [ 13.36519188, 10.92604037 ], [ 13.37698417, 10.90222447 ], [ 13.39255662, 10.89273806 ], [ 13.45034927, 10.87241066 ], [ 13.48757049, 10.88023052 ], [ 13.52445129, 10.9025209 ], [ 13.55178193, 10.93466349 ], [ 13.57730733, 10.94833581 ], [ 13.61319297, 10.94939803 ], [ 13.658309, 10.94471729 ], [ 13.71208217, 10.94726416 ] ] ] ] } },{ "type": "Feature", "properties": { "ucode": "NGA_0008_V1", "uuid": "29006c7a-3b41-46b4-ae75-aedc41502a05", "cnpt_uuid": "7c821ab8-c736-4515-a968-6fdc0f5ae7e0", "is_latest": true, "start_date": "2023-09-06T00:00:00Z", "end_date": null, "name": "Borno", "level": 1, "level_name": "Admin Level 1", "type": "Admin Level 1", "SALB_ID": null, "WFP_ID": "902327", "Source_ID": "NG008", "BrazilStat": null, "UNDP_ID": null, "default": "902327", "Abyei": null, "name_en": "Borno", "Alternativ": null, "adm0_ucode": "NGA_V1", "adm0_type": "State" }, "geometry": { "type": "MultiPolygon", "coordinates": [ [ [ [ 13.35346705, 13.71425296 ], [ 13.3625, 13.71172 ], [ 13.37049, 13.7136 ], [ 13.37615, 13.7104 ], [ 13.38426498, 13.71112013 ], [ 13.40885, 13.7103 ], [ 13.41615, 13.70918 ], [ 13.43097, 13.70947 ], [ 13.45001999, 13.71081009 ], [ 13.45684, 13.71118 ], [ 13.46532, 13.70937 ], [ 13.46531, 13.71029 ], [ 13.5171696, 13.71042432 ], [ 13.52576307, 13.71039651 ], [ 13.57478667, 13.71007352 ], [ 13.58153, 13.71002 ], [ 13.58694, 13.70935 ], [ 13.59211, 13.71074 ], [ 13.59964001, 13.71030512 ], [ 13.60717, 13.70987 ], [ 13.61282, 13.70874 ], [ 13.61658, 13.71059 ], [ 13.625565, 13.71063516 ], [ 13.63455, 13.71068 ], [ 13.63779, 13.70146 ], [ 13.66214, 13.66658 ], [ 13.66734, 13.66062 ], [ 13.68316, 13.64135 ], [ 13.68812516, 13.63389005 ], [ 13.69309, 13.62643 ], [ 13.70278, 13.61427 ], [ 13.70798, 13.60854 ], [ 13.71222, 13.60556 ], [ 13.71388003, 13.60085001 ], [ 13.71554, 13.59614 ], [ 13.77436, 13.51167 ], [ 13.78096, 13.50594 ], [ 13.78451, 13.49652 ], [ 13.78911009, 13.49181504 ], [ 13.80138504, 13.47471001 ], [ 13.8034, 13.47034 ], [ 13.80820971, 13.46345284 ], [ 13.81782831, 13.44967822 ], [ 13.82744581, 13.43590322 ], [ 13.83225415, 13.42901557 ], [ 13.83836592, 13.42026009 ], [ 13.85320506, 13.39848003 ], [ 13.85674, 13.39412 ], [ 13.86122, 13.38631 ], [ 13.87019, 13.37345 ], [ 13.88339, 13.35669 ], [ 13.88433, 13.35669 ], [ 13.88929, 13.34612 ], [ 13.93197, 13.28734 ], [ 13.93503, 13.28251 ], [ 13.95615062, 13.25384623 ], [ 13.96143, 13.24668 ], [ 13.97439, 13.229 ], [ 13.97697, 13.22762 ], [ 13.97981, 13.22142 ], [ 13.9935207, 13.20267025 ], [ 13.99809047, 13.19642017 ], [ 14.02762005, 13.15525501 ], [ 14.03810036, 13.13940513 ], [ 14.04835, 13.12378 ], [ 14.05187, 13.12171 ], [ 14.066, 13.10173 ], [ 14.06765, 13.09736 ], [ 14.07212, 13.09368 ], [ 14.07760777, 13.08646432 ], [ 14.083333, 13.083333 ], [ 14.08543, 13.07806 ], [ 14.08733567, 13.06935087 ], [ 14.08924121, 13.06064173 ], [ 14.09114661, 13.05193256 ], [ 14.09305188, 13.04322338 ], [ 14.09495702, 13.03451417 ], [ 14.09686202, 13.02580494 ], [ 14.0987669, 13.0170957 ], [ 14.10067163, 13.00838643 ], [ 14.10257624, 12.99967715 ], [ 14.20333273, 12.53805707 ], [ 14.20083333, 12.50388889 ], [ 14.20004671, 12.50150334 ], [ 14.19982809, 12.50133522 ], [ 14.19675845, 12.50187634 ], [ 14.1962959, 12.50185104 ], [ 14.19495835, 12.50132071 ], [ 14.19420487, 12.50088782 ], [ 14.19320903, 12.50009534 ], [ 14.19279674, 12.49956777 ], [ 14.19204565, 12.4983693 ], [ 14.19161013, 12.49748279 ], [ 14.19083761, 12.49535121 ], [ 14.19054856, 12.49434552 ], [ 14.190356, 12.49362722 ], [ 14.19028594, 12.49267003 ], [ 14.19058459, 12.49058952 ], [ 14.19075807, 12.48960914 ], [ 14.18909761, 12.48333598 ], [ 14.18841858, 12.48247266 ], [ 14.18790916, 12.48187302 ], [ 14.18635447, 12.4807439 ], [ 14.1854057, 12.48050179 ], [ 14.18328717, 12.48061501 ], [ 14.1820932, 12.48092241 ], [ 14.17761379, 12.48078917 ], [ 14.17707877, 12.48059614 ], [ 14.1766174, 12.48021195 ], [ 14.17642398, 12.47978072 ], [ 14.17627972, 12.4792061 ], [ 14.1762088, 12.478536 ], [ 14.17665414, 12.47628848 ], [ 14.17712642, 12.47442798 ], [ 14.18300372, 12.44673732 ], [ 14.19442932, 12.43612522 ], [ 14.18591098, 12.43559733 ], [ 14.18552352, 12.4349502 ], [ 14.18540382, 12.43430388 ], [ 14.18535722, 12.43363386 ], [ 14.18597583, 12.43040593 ], [ 14.18580811, 12.42954415 ], [ 14.18476588, 12.42810555 ], [ 14.18408588, 12.42760109 ], [ 14.18257834, 12.42707021 ], [ 14.18179911, 12.42716355 ], [ 14.17549439, 12.42721621 ], [ 14.17554602, 12.42628332 ], [ 14.17660034, 12.41611867 ], [ 14.17591978, 12.41580559 ], [ 14.1733018, 12.41237644 ], [ 14.17332923, 12.41139562 ], [ 14.1735021, 12.41060664 ], [ 14.17855078, 12.40734434 ], [ 14.18095982, 12.40754302 ], [ 14.18904858, 12.40500741 ], [ 14.18958686, 12.40409989 ], [ 14.1978908, 12.38685106 ], [ 14.20988557, 12.38009162 ], [ 14.21129815, 12.37976078 ], [ 14.2133934, 12.37902519 ], [ 14.21980316, 12.37600522 ], [ 14.22168088, 12.3747426 ], [ 14.22212036, 12.37426536 ], [ 14.22256019, 12.3736685 ], [ 14.22258609, 12.37314223 ], [ 14.22244169, 12.37259155 ], [ 14.22188925, 12.36189564 ], [ 14.23991359, 12.36491324 ], [ 14.24091007, 12.36537059 ], [ 14.25442186, 12.36847151 ], [ 14.25548122, 12.3682232 ], [ 14.26077484, 12.36809408 ], [ 14.26394525, 12.37007648 ], [ 14.27664091, 12.37308919 ], [ 14.2859731, 12.36457263 ], [ 14.28582912, 12.36381861 ], [ 14.29114733, 12.35453763 ], [ 14.29736842, 12.36241314 ], [ 14.29689108, 12.36345265 ], [ 14.30192749, 12.36393215 ], [ 14.30138144, 12.36335655 ], [ 14.31164865, 12.35979394 ], [ 14.3148556, 12.36188351 ], [ 14.31613, 12.36314279 ], [ 14.31678429, 12.36422106 ], [ 14.3303712, 12.37581071 ], [ 14.35336427, 12.36352089 ], [ 14.35456814, 12.36384674 ], [ 14.36255938, 12.36526521 ], [ 14.36507938, 12.36480456 ], [ 14.36734374, 12.36437917 ], [ 14.36938899, 12.36398915 ], [ 14.37223837, 12.36317031 ], [ 14.37326205, 12.36252668 ], [ 14.37754342, 12.35819404 ], [ 14.3995717, 12.36721557 ], [ 14.40289325, 12.36743821 ], [ 14.40395217, 12.36733287 ], [ 14.40508434, 12.36712002 ], [ 14.40625334, 12.36676369 ], [ 14.40884776, 12.3656568 ], [ 14.42090462, 12.36116078 ], [ 14.42327361, 12.36292434 ], [ 14.42767632, 12.369573 ], [ 14.4426553, 12.36425671 ], [ 14.44342397, 12.36328929 ], [ 14.44408358, 12.36210632 ], [ 14.44434154, 12.36095841 ], [ 14.44405526, 12.3582303 ], [ 14.44318499, 12.3554651 ], [ 14.44271544, 12.3530955 ], [ 14.44772367, 12.34969628 ], [ 14.44859849, 12.35030816 ], [ 14.45719853, 12.35753904 ], [ 14.46471352, 12.36003023 ], [ 14.46811221, 12.35820657 ], [ 14.4690273, 12.35698814 ], [ 14.47056614, 12.35419182 ], [ 14.47093385, 12.35286465 ], [ 14.47130135, 12.35164515 ], [ 14.47196159, 12.35006733 ], [ 14.47532832, 12.34587485 ], [ 14.47613168, 12.34573284 ], [ 14.48652718, 12.34984395 ], [ 14.48718649, 12.34869675 ], [ 14.48759041, 12.34747729 ], [ 14.48398498, 12.34316383 ], [ 14.48311073, 12.34222907 ], [ 14.4830755, 12.341583 ], [ 14.49959729, 12.32977049 ], [ 14.50098468, 12.32959359 ], [ 14.50927088, 12.32939328 ], [ 14.51235354, 12.32948289 ], [ 14.52082924, 12.32543048 ], [ 14.52244864, 12.31804616 ], [ 14.52248689, 12.31707722 ], [ 14.51022913, 12.31375373 ], [ 14.51041336, 12.31282095 ], [ 14.51275466, 12.30991812 ], [ 14.51355934, 12.30898644 ], [ 14.51432832, 12.30762402 ], [ 14.51487823, 12.30629711 ], [ 14.51513537, 12.30540034 ], [ 14.51513754, 12.304216 ], [ 14.51492033, 12.30324661 ], [ 14.51186075, 12.2998676 ], [ 14.51138748, 12.29922075 ], [ 14.51113319, 12.29857429 ], [ 14.51102529, 12.29771276 ], [ 14.51099005, 12.29703081 ], [ 14.51380249, 12.29585148 ], [ 14.51493356, 12.29603293 ], [ 14.52362263, 12.29446908 ], [ 14.52435495, 12.29314246 ], [ 14.52519675, 12.29181602 ], [ 14.52687827, 12.29031159 ], [ 14.52804723, 12.28970349 ], [ 14.54711858, 12.27778459 ], [ 14.54602535, 12.27684966 ], [ 14.55124203, 12.25647312 ], [ 14.5587529, 12.26032546 ], [ 14.55006816, 12.23597966 ], [ 14.57252003, 12.22898116 ], [ 14.59003316, 12.22968973 ], [ 14.59286288, 12.21652245 ], [ 14.60231705, 12.21370098 ], [ 14.6091587, 12.20089815 ], [ 14.5981873, 12.19402744 ], [ 14.61307489, 12.19236192 ], [ 14.61436113, 12.18590356 ], [ 14.62874023, 12.18222663 ], [ 14.62657546, 12.19105261 ], [ 14.65914403, 12.19793832 ], [ 14.66072862, 12.19650488 ], [ 14.66580002, 12.18524142 ], [ 14.66507146, 12.18437918 ], [ 14.66405628, 12.17935335 ], [ 14.66421427, 12.17921179 ], [ 14.67735047, 12.16698714 ], [ 14.67279436, 12.15430238 ], [ 14.67078965, 12.15300796 ], [ 14.65468477, 12.13877586 ], [ 14.65655708, 12.12937499 ], [ 14.65681599, 12.12657589 ], [ 14.65588132, 12.11591537 ], [ 14.6389089, 12.0981282 ], [ 14.63828997, 12.09733781 ], [ 14.63687112, 12.09475188 ], [ 14.63623935, 12.09315072 ], [ 14.64050108, 12.0801852 ], [ 14.65299467, 12.06344033 ], [ 14.63691561, 12.061733 ], [ 14.62424261, 12.04954942 ], [ 14.62332126, 12.03038282 ], [ 14.63241503, 12.01937662 ], [ 14.63335274, 11.99999708 ], [ 14.64479594, 11.97211733 ], [ 14.6564736, 11.96215431 ], [ 14.63420681, 11.93097325 ], [ 14.64352325, 11.91393718 ], [ 14.62819468, 11.90289897 ], [ 14.62441962, 11.89187557 ], [ 14.61965572, 11.8846193 ], [ 14.60411874, 11.86830365 ], [ 14.61609121, 11.85374856 ], [ 14.60743341, 11.8437232 ], [ 14.61045723, 11.81824499 ], [ 14.60754024, 11.79430186 ], [ 14.61114266, 11.78992401 ], [ 14.61606695, 11.78533667 ], [ 14.59981796, 11.76148282 ], [ 14.58487295, 11.75352642 ], [ 14.58057806, 11.75143848 ], [ 14.57021994, 11.73681555 ], [ 14.54787512, 11.72565497 ], [ 14.55222589, 11.71525351 ], [ 14.58265535, 11.70219931 ], [ 14.60115675, 11.7012566 ], [ 14.61050846, 11.68059623 ], [ 14.62300678, 11.67461909 ], [ 14.62531256, 11.66590056 ], [ 14.64207412, 11.65680555 ], [ 14.64268559, 11.63418884 ], [ 14.64909084, 11.61694494 ], [ 14.63923842, 11.59680971 ], [ 14.64518333, 11.57841673 ], [ 14.63295897, 11.55476101 ], [ 14.62966707, 11.54770228 ], [ 14.62637533, 11.5406435 ], [ 14.62308376, 11.53358468 ], [ 14.61127448, 11.50847063 ], [ 14.59975735, 11.49388576 ], [ 14.56720312, 11.47952591 ], [ 14.51772412, 11.4741245 ], [ 14.51214379, 11.47465359 ], [ 14.49250163, 11.4706721 ], [ 14.48680621, 11.46779087 ], [ 14.46946872, 11.46417081 ], [ 14.46510084, 11.4650003 ], [ 14.45582654, 11.46282972 ], [ 14.45410447, 11.46103161 ], [ 14.45249787, 11.45935406 ], [ 14.44802035, 11.45420129 ], [ 14.44027185, 11.44730749 ], [ 14.40858789, 11.43264965 ], [ 14.39240211, 11.43076219 ], [ 14.37938949, 11.4197285 ], [ 14.37740886, 11.38257759 ], [ 14.37651107, 11.37725192 ], [ 14.37307226, 11.36958796 ], [ 14.3205522, 11.3273602 ], [ 14.26382329, 11.30192193 ], [ 14.25213324, 11.2992009 ], [ 14.24478721, 11.28087843 ], [ 14.22895455, 11.2639695 ], [ 14.20404254, 11.25629793 ], [ 14.19571137, 11.24507796 ], [ 14.17943868, 11.23979368 ], [ 14.16152658, 11.2474537 ], [ 14.13306851, 11.25282444 ], [ 14.08455277, 11.28088749 ], [ 14.07216991, 11.27848146 ], [ 14.02070106, 11.29718552 ], [ 14.00218776, 11.30646412 ], [ 13.98428771, 11.30932368 ], [ 13.98265719, 11.30424598 ], [ 13.98367785, 11.30143492 ], [ 13.98862021, 11.29742385 ], [ 13.9895599, 11.27826308 ], [ 13.98365261, 11.27625713 ], [ 13.97770086, 11.2594174 ], [ 13.94721546, 11.24182608 ], [ 13.94113192, 11.22547936 ], [ 13.93821895, 11.22131605 ], [ 13.93488157, 11.20675563 ], [ 13.91139848, 11.18624304 ], [ 13.91126883, 11.17439782 ], [ 13.90253197, 11.16303617 ], [ 13.88772968, 11.15830381 ], [ 13.87829248, 11.14861268 ], [ 13.87996053, 11.13291185 ], [ 13.87037149, 11.12905649 ], [ 13.85906922, 11.09648403 ], [ 13.83055431, 11.07744926 ], [ 13.82612457, 11.06605962 ], [ 13.81855702, 11.06804712 ], [ 13.80795363, 11.03849983 ], [ 13.79054543, 11.00302256 ], [ 13.76156607, 11.00168569 ], [ 13.73554184, 11.00592063 ], [ 13.72973978, 10.9952385 ], [ 13.73172681, 10.98198662 ], [ 13.71491264, 10.96344478 ], [ 13.71090533, 10.9513458 ], [ 13.71208217, 10.94726416 ], [ 13.658309, 10.94471729 ], [ 13.61319297, 10.94939803 ], [ 13.57730733, 10.94833581 ], [ 13.55178193, 10.93466349 ], [ 13.52445129, 10.9025209 ], [ 13.48757049, 10.88023052 ], [ 13.45034927, 10.87241066 ], [ 13.39255662, 10.89273806 ], [ 13.37698417, 10.90222447 ], [ 13.36519188, 10.92604037 ], [ 13.35037927, 10.93169222 ], [ 13.33697006, 10.92090061 ], [ 13.33443981, 10.89000011 ], [ 13.33637619, 10.84707519 ], [ 13.33438136, 10.7957616 ], [ 13.32295895, 10.75898651 ], [ 13.31938595, 10.73725536 ], [ 13.31124559, 10.71346113 ], [ 13.28318279, 10.66754437 ], [ 13.26562734, 10.62524988 ], [ 13.23720081, 10.58453549 ], [ 13.23549395, 10.53609857 ], [ 13.2425637, 10.50508722 ], [ 13.22898755, 10.46716232 ], [ 13.21942583, 10.45456757 ], [ 13.21312043, 10.4275378 ], [ 13.20527169, 10.41492316 ], [ 13.19670505, 10.41417347 ], [ 13.18483305, 10.42362406 ], [ 13.15745052, 10.42393261 ], [ 13.1216938, 10.44042403 ], [ 13.11398248, 10.43966288 ], [ 13.05258661, 10.45981926 ], [ 13.03220772, 10.4744394 ], [ 13.01455422, 10.50342644 ], [ 12.99738609, 10.52506937 ], [ 12.95855763, 10.54814933 ], [ 12.91811147, 10.56197171 ], [ 12.87534032, 10.57351133 ], [ 12.77697712, 10.57716931 ], [ 12.76080086, 10.582927 ], [ 12.7353063, 10.57612054 ], [ 12.69803118, 10.52471846 ], [ 12.68634183, 10.49957354 ], [ 12.67368006, 10.48493013 ], [ 12.665322, 10.45957569 ], [ 12.65249546, 10.43900952 ], [ 12.63975944, 10.43789464 ], [ 12.62593894, 10.45280068 ], [ 12.6127791, 10.44862011 ], [ 12.60601806, 10.46763163 ], [ 12.57767997, 10.46066233 ], [ 12.56262707, 10.44891822 ], [ 12.56384998, 10.41661519 ], [ 12.55962064, 10.37650691 ], [ 12.53754275, 10.35918153 ], [ 12.50737082, 10.3420876 ], [ 12.47607864, 10.33300714 ], [ 12.44359832, 10.31706211 ], [ 12.40235078, 10.31873991 ], [ 12.36142289, 10.31725034 ], [ 12.32902585, 10.31961363 ], [ 12.29540879, 10.30824974 ], [ 12.26513114, 10.26827142 ], [ 12.25835004, 10.23761985 ], [ 12.24897158, 10.22025033 ], [ 12.20923577, 10.19969534 ], [ 12.19484522, 10.19454372 ], [ 12.16783407, 10.16718196 ], [ 12.13125336, 10.13953647 ], [ 12.10904763, 10.11451352 ], [ 12.10128603, 10.09777183 ], [ 12.1006379, 10.0624485 ], [ 12.09015781, 10.05156029 ], [ 12.06622288, 10.04627156 ], [ 12.01365078, 10.05287772 ], [ 11.99924182, 10.02460675 ], [ 11.97296123, 10.03091224 ], [ 11.95909987, 10.02697549 ], [ 11.91966506, 10.03239635 ], [ 11.8659544, 10.04607322 ], [ 11.84339031, 10.04459005 ], [ 11.83337963, 10.04806977 ], [ 11.81108369, 10.07479449 ], [ 11.80679597, 10.08700382 ], [ 11.75997939, 10.13368136 ], [ 11.7487538, 10.15533088 ], [ 11.73993378, 10.16415037 ], [ 11.71022743, 10.16697138 ], [ 11.69186666, 10.17622397 ], [ 11.66371526, 10.19586158 ], [ 11.60127562, 10.20805705 ], [ 11.58907236, 10.22486467 ], [ 11.582856, 10.24931331 ], [ 11.56532302, 10.28739913 ], [ 11.53339479, 10.30510274 ], [ 11.54348672, 10.32611825 ], [ 11.60202036, 10.35658858 ], [ 11.63548015, 10.39455055 ], [ 11.6358664, 10.46573908 ], [ 11.64037027, 10.50006702 ], [ 11.65020094, 10.52929667 ], [ 11.64875003, 10.54318425 ], [ 11.63907435, 10.5621002 ], [ 11.64015034, 10.60904003 ], [ 11.68556991, 10.62016938 ], [ 11.71694011, 10.63739 ], [ 11.7539209, 10.67205218 ], [ 11.76827774, 10.68022197 ], [ 11.76846991, 10.68918991 ], [ 11.75051967, 10.72231019 ], [ 11.73980044, 10.72725978 ], [ 11.72113037, 10.74473931 ], [ 11.73971012, 10.79208004 ], [ 11.73421322, 10.81074803 ], [ 11.71853475, 10.83991247 ], [ 11.70039149, 10.86195094 ], [ 11.68118014, 10.87018604 ], [ 11.68466568, 10.88539962 ], [ 11.73620058, 10.90577054 ], [ 11.82235977, 10.93575951 ], [ 11.86587976, 10.94509974 ], [ 11.88508967, 10.95310036 ], [ 11.93655004, 10.96702016 ], [ 11.97529997, 10.99756994 ], [ 12.00166009, 11.02509034 ], [ 12.02215021, 11.05710023 ], [ 12.02898026, 11.06206997 ], [ 12.05438982, 11.06301989 ], [ 12.08289993, 11.05190013 ], [ 12.10680955, 11.05216054 ], [ 12.13912978, 11.06172008 ], [ 12.14968008, 11.08106979 ], [ 12.13912012, 11.09594986 ], [ 12.1334798, 11.12847044 ], [ 12.12100984, 11.13891976 ], [ 12.11465001, 11.15579049 ], [ 12.11416996, 11.18529969 ], [ 12.10281005, 11.22959036 ], [ 12.10748931, 11.25607963 ], [ 12.13392995, 11.27013003 ], [ 12.18690037, 11.30185986 ], [ 12.1953012, 11.31244617 ], [ 12.21190493, 11.36487283 ], [ 12.24462635, 11.41397205 ], [ 12.26899678, 11.43128149 ], [ 12.31601338, 11.45316682 ], [ 12.33031882, 11.4928978 ], [ 12.338265, 11.48285014 ], [ 12.37354441, 11.5497565 ], [ 12.34846562, 11.58307811 ], [ 12.31355404, 11.605639 ], [ 12.29995876, 11.60861908 ], [ 12.30111365, 11.64490942 ], [ 12.2748444, 11.69402149 ], [ 12.22371952, 11.63285502 ], [ 12.19238145, 11.64503235 ], [ 12.17824592, 11.6583515 ], [ 12.18684005, 11.67840968 ], [ 12.19898021, 11.72187056 ], [ 12.20992392, 11.74143319 ], [ 12.23329217, 11.75223231 ], [ 12.24129429, 11.77372017 ], [ 12.23967277, 11.78327146 ], [ 12.24844014, 11.79883013 ], [ 12.25240957, 11.82678966 ], [ 12.24629012, 11.87170018 ], [ 12.2465899, 11.92467138 ], [ 12.24469028, 11.93582997 ], [ 12.24881017, 11.97107037 ], [ 12.24992009, 12.00491992 ], [ 12.25754017, 12.04628012 ], [ 12.29158945, 12.17016026 ], [ 12.30309063, 12.21872973 ], [ 12.29789155, 12.2619567 ], [ 12.30593064, 12.28724909 ], [ 12.30403002, 12.31375966 ], [ 12.29839079, 12.32915949 ], [ 12.27758035, 12.36818047 ], [ 12.26062012, 12.42027024 ], [ 12.26550054, 12.43105042 ], [ 12.30043995, 12.45594991 ], [ 12.31555915, 12.45907219 ], [ 12.34053005, 12.47259971 ], [ 12.34539975, 12.47990987 ], [ 12.3637998, 12.48737993 ], [ 12.39811074, 12.51947956 ], [ 12.40620042, 12.53950962 ], [ 12.41935297, 12.55438159 ], [ 12.43389795, 12.58130721 ], [ 12.42988631, 12.59658654 ], [ 12.43795075, 12.60774217 ], [ 12.46643528, 12.61418551 ], [ 12.47904088, 12.63302763 ], [ 12.49046461, 12.66241349 ], [ 12.49412899, 12.68681593 ], [ 12.48999144, 12.70202236 ], [ 12.45192196, 12.75377828 ], [ 12.446237, 12.78669391 ], [ 12.4064856, 12.8435161 ], [ 12.39381711, 12.86385489 ], [ 12.37765448, 12.87748383 ], [ 12.3752562, 12.89604346 ], [ 12.38844235, 12.93047169 ], [ 12.40526055, 12.9859319 ], [ 12.40557946, 13.019634 ], [ 12.40074384, 13.05254041 ], [ 12.39406308, 13.07643963 ], [ 12.3945115, 13.07676805 ], [ 12.39552833, 13.07765909 ], [ 12.39656613, 13.07945165 ], [ 12.3968282, 13.07981855 ], [ 12.40797143, 13.08294243 ], [ 12.4089044, 13.08263843 ], [ 12.41718582, 13.07769054 ], [ 12.41816073, 13.07667371 ], [ 12.41865342, 13.07596087 ], [ 12.41899935, 13.07558349 ], [ 12.42286751, 13.07456666 ], [ 12.42374807, 13.07455618 ], [ 12.4288532, 13.0764326 ], [ 12.43087638, 13.07499646 ], [ 12.44264858, 13.07510128 ], [ 12.44425245, 13.07577218 ], [ 12.4569681, 13.07392721 ], [ 12.45946301, 13.07262734 ], [ 12.47194804, 13.0633815 ], [ 12.47237784, 13.06249046 ], [ 12.47934891, 13.06387419 ], [ 12.48281872, 13.0720403 ], [ 12.48122533, 13.07650598 ], [ 12.48083747, 13.07711398 ], [ 12.4805125, 13.07763812 ], [ 12.47982063, 13.07878075 ], [ 12.47815387, 13.08340367 ], [ 12.47820628, 13.08490271 ], [ 12.48985269, 13.0882677 ], [ 12.49008331, 13.08809997 ], [ 12.49574403, 13.08579375 ], [ 12.49602706, 13.08610824 ], [ 12.49367891, 13.09032233 ], [ 12.49279836, 13.09046909 ], [ 12.49099531, 13.09081502 ], [ 12.49318622, 13.09579436 ], [ 12.49515699, 13.09789092 ], [ 12.49529327, 13.09898113 ], [ 12.49369988, 13.10096238 ], [ 12.49300801, 13.10146556 ], [ 12.49204359, 13.10161232 ], [ 12.49067035, 13.10585786 ], [ 12.49105821, 13.10614089 ], [ 12.49241049, 13.10783911 ], [ 12.49495782, 13.11360466 ], [ 12.49396195, 13.11527142 ], [ 12.4909429, 13.11617295 ], [ 12.49023007, 13.11679143 ], [ 12.48915034, 13.12325933 ], [ 12.48916082, 13.12461161 ], [ 12.49011476, 13.12615258 ], [ 12.49318622, 13.12960143 ], [ 12.50203371, 13.14426689 ], [ 12.51518965, 13.15424652 ], [ 12.52350252, 13.15009533 ], [ 12.5278424, 13.15141616 ], [ 12.53553679, 13.14733835 ], [ 12.53537954, 13.14644731 ], [ 12.53447802, 13.14557724 ], [ 12.53403774, 13.14533613 ], [ 12.53740273, 13.14218081 ], [ 12.5382099, 13.14198163 ], [ 12.54226675, 13.14778911 ], [ 12.54109268, 13.14874305 ], [ 12.5449189, 13.15662612 ], [ 12.54717861, 13.1581648 ], [ 12.55304243, 13.16763209 ], [ 12.55333726, 13.16853296 ], [ 12.55327174, 13.16949935 ], [ 12.55147001, 13.18633736 ], [ 12.55605624, 13.19185722 ], [ 12.5580709, 13.1935443 ], [ 12.55888987, 13.19405206 ], [ 12.56100282, 13.19642707 ], [ 12.56090454, 13.19713139 ], [ 12.55358295, 13.20193055 ], [ 12.55399243, 13.20116072 ], [ 12.53905442, 13.19949002 ], [ 12.53839925, 13.20017795 ], [ 12.53446819, 13.21695045 ], [ 12.53566389, 13.21847374 ], [ 12.53779321, 13.21873581 ], [ 12.53794063, 13.21790046 ], [ 12.53872684, 13.21251164 ], [ 12.53933287, 13.21216767 ], [ 12.54100357, 13.21174181 ], [ 12.54169151, 13.21144698 ], [ 12.54473808, 13.20664781 ], [ 12.54500015, 13.20615643 ], [ 12.55114242, 13.20532108 ], [ 12.55413985, 13.21062801 ], [ 12.55613813, 13.2201772 ], [ 12.55615451, 13.2211272 ], [ 12.55502434, 13.22432118 ], [ 12.55428726, 13.22491084 ], [ 12.55543382, 13.22799017 ], [ 12.56362352, 13.22810482 ], [ 12.57038821, 13.23177381 ], [ 12.57096149, 13.23280571 ], [ 12.56775113, 13.23891031 ], [ 12.56721061, 13.23894307 ], [ 12.56660457, 13.23917238 ], [ 12.56606405, 13.23940169 ], [ 12.56532698, 13.24443017 ], [ 12.56547439, 13.24572414 ], [ 12.56121575, 13.24834484 ], [ 12.5607735, 13.24850864 ], [ 12.54934069, 13.25851645 ], [ 12.56113385, 13.26441303 ], [ 12.56314852, 13.26280785 ], [ 12.56956924, 13.2520646 ], [ 12.56989683, 13.25254943 ], [ 12.57520375, 13.25499979 ], [ 12.57598996, 13.25518324 ], [ 12.57690721, 13.25536669 ], [ 12.57782445, 13.25551083 ], [ 12.58045826, 13.26857503 ], [ 12.57994722, 13.26929573 ], [ 12.57765411, 13.26989849 ], [ 12.57693342, 13.26972814 ], [ 12.57671066, 13.27001642 ], [ 12.57718238, 13.27444541 ], [ 12.58146723, 13.27645025 ], [ 12.58455966, 13.27544128 ], [ 12.58681347, 13.27326609 ], [ 12.58771761, 13.27086815 ], [ 12.58689209, 13.26964952 ], [ 12.59129487, 13.26953159 ], [ 12.59041693, 13.27634542 ], [ 12.58957831, 13.27768198 ], [ 12.57919944, 13.28239784 ], [ 12.57854291, 13.28320443 ], [ 12.5819006, 13.28541788 ], [ 12.5833262, 13.2846488 ], [ 12.58918273, 13.28627602 ], [ 12.5887799, 13.28680703 ], [ 12.59036463, 13.29000002 ], [ 12.59106845, 13.29039484 ], [ 12.59342883, 13.28592586 ], [ 12.59345744, 13.28550814 ], [ 12.60603303, 13.28265711 ], [ 12.6065569, 13.28329013 ], [ 12.60712444, 13.28429423 ], [ 12.61176354, 13.28305971 ], [ 12.61192, 13.28238915 ], [ 12.62302853, 13.27879532 ], [ 12.63404859, 13.28751073 ], [ 12.63411423, 13.28862659 ], [ 12.63461746, 13.29031862 ], [ 12.63512069, 13.29123757 ], [ 12.63636054, 13.29274726 ], [ 12.63750558, 13.29391418 ], [ 12.64120324, 13.30227951 ], [ 12.64126159, 13.30333702 ], [ 12.64227535, 13.29897568 ], [ 12.64563752, 13.28889644 ], [ 12.64956128, 13.28731381 ], [ 12.65437481, 13.2903405 ], [ 12.65471759, 13.29089478 ], [ 12.66435194, 13.28751802 ], [ 12.66618254, 13.28573847 ], [ 12.66640863, 13.28467366 ], [ 12.6667587, 13.27792014 ], [ 12.66675141, 13.27748984 ], [ 12.66703584, 13.27673134 ], [ 12.66735675, 13.27633021 ], [ 12.67771312, 13.2775336 ], [ 12.67764748, 13.27854006 ], [ 12.67995214, 13.28481953 ], [ 12.68466057, 13.29025338 ], [ 12.69248389, 13.30308856 ], [ 12.69235598, 13.30377606 ], [ 12.69211615, 13.30430368 ], [ 12.68431382, 13.32144323 ], [ 12.69967866, 13.32131533 ], [ 12.70134146, 13.32129934 ], [ 12.70330803, 13.32056387 ], [ 12.70700135, 13.31671067 ], [ 12.70778478, 13.31504788 ], [ 12.70792867, 13.31357695 ], [ 12.70752896, 13.31261764 ], [ 12.70746501, 13.31210601 ], [ 12.707481, 13.31159439 ], [ 12.71928043, 13.30866851 ], [ 12.72033566, 13.30961182 ], [ 12.71803334, 13.31559148 ], [ 12.71709002, 13.31551154 ], [ 12.71440397, 13.31568741 ], [ 12.71389234, 13.31587927 ], [ 12.71531531, 13.32483277 ], [ 12.71694613, 13.32419324 ], [ 12.72769032, 13.32486475 ], [ 12.72922521, 13.32593597 ], [ 12.73202318, 13.32678336 ], [ 12.73469324, 13.32683132 ], [ 12.74144034, 13.32817435 ], [ 12.7423197, 13.3347136 ], [ 12.74195197, 13.33560895 ], [ 12.73992144, 13.33752756 ], [ 12.73757115, 13.33795924 ], [ 12.73713946, 13.33779936 ], [ 12.73586039, 13.33703192 ], [ 12.73494905, 13.3370479 ], [ 12.7344694, 13.33722378 ], [ 12.73381388, 13.33779936 ], [ 12.73800284, 13.34979065 ], [ 12.74187203, 13.35423542 ], [ 12.74455808, 13.35586624 ], [ 12.74513366, 13.35602612 ], [ 12.75299995, 13.36119037 ], [ 12.75411913, 13.36267729 ], [ 12.7548546, 13.36374852 ], [ 12.76001885, 13.36833719 ], [ 12.76075432, 13.36872091 ], [ 12.76280083, 13.37737063 ], [ 12.76249705, 13.37794621 ], [ 12.77246102, 13.39176178 ], [ 12.78108196, 13.38398502 ], [ 12.77940637, 13.38296177 ], [ 12.79302848, 13.37787106 ], [ 12.79345058, 13.37802455 ], [ 12.79460686, 13.37879327 ], [ 12.79582453, 13.38164816 ], [ 12.78686694, 13.39081143 ], [ 12.7860688, 13.39119003 ], [ 12.78422694, 13.39395283 ], [ 12.78391996, 13.39506818 ], [ 12.78356182, 13.39704306 ], [ 12.79862081, 13.40744693 ], [ 12.79932284, 13.40774555 ], [ 12.80078455, 13.4077246 ], [ 12.80101824, 13.40768267 ], [ 12.81885936, 13.41070563 ], [ 12.81878077, 13.41096235 ], [ 12.82187707, 13.40813325 ], [ 12.82120123, 13.4076041 ], [ 12.81952996, 13.40708019 ], [ 12.81895366, 13.40703304 ], [ 12.81951424, 13.40394722 ], [ 12.82283372, 13.40334997 ], [ 12.82564396, 13.40294132 ], [ 12.82598974, 13.40293608 ], [ 12.82635124, 13.40305134 ], [ 12.83133255, 13.40910195 ], [ 12.83109679, 13.4095216 ], [ 12.82890686, 13.41355045 ], [ 12.82878636, 13.4143887 ], [ 12.82877588, 13.4148707 ], [ 12.82917929, 13.42013597 ], [ 12.82915833, 13.4207699 ], [ 12.82507709, 13.42615043 ], [ 12.8244746, 13.42610852 ], [ 12.82429647, 13.42591467 ], [ 12.81484204, 13.4265355 ], [ 12.81447006, 13.42682365 ], [ 12.8132546, 13.42872019 ], [ 12.81261019, 13.4299409 ], [ 12.81323888, 13.43237707 ], [ 12.81403522, 13.43250281 ], [ 12.82318264, 13.43300576 ], [ 12.82318788, 13.43431029 ], [ 12.82897182, 13.43664692 ], [ 12.82909232, 13.43592392 ], [ 12.82939095, 13.43546812 ], [ 12.83618603, 13.44290761 ], [ 12.83589264, 13.44327959 ], [ 12.83644275, 13.44825671 ], [ 12.83726004, 13.4497708 ], [ 12.8389837, 13.44315385 ], [ 12.84059733, 13.44176549 ], [ 12.84088024, 13.44172358 ], [ 12.84645986, 13.44225797 ], [ 12.84897462, 13.44331626 ], [ 12.85047299, 13.44430121 ], [ 12.85171989, 13.44532283 ], [ 12.85216521, 13.44555335 ], [ 12.85712662, 13.44235751 ], [ 12.85739905, 13.44181265 ], [ 12.85854044, 13.44359555 ], [ 12.8564568, 13.44870742 ], [ 12.85540109, 13.45059658 ], [ 12.85480378, 13.4513328 ], [ 12.85631789, 13.46561268 ], [ 12.85751251, 13.46608497 ], [ 12.85837375, 13.46690454 ], [ 12.85854044, 13.4672657 ], [ 12.85841542, 13.46798803 ], [ 12.85661238, 13.47213169 ], [ 12.85551222, 13.47454316 ], [ 12.8509671, 13.47478764 ], [ 12.84641088, 13.47524326 ], [ 12.84448074, 13.47891137 ], [ 12.84494792, 13.47931737 ], [ 12.85221697, 13.47879458 ], [ 12.85423585, 13.48470103 ], [ 12.85598387, 13.48505753 ], [ 12.85996155, 13.48309094 ], [ 12.86001049, 13.48326001 ], [ 12.86213726, 13.48262821 ], [ 12.86420619, 13.48113324 ], [ 12.86884681, 13.47613667 ], [ 12.86950976, 13.47522456 ], [ 12.86976337, 13.47490421 ], [ 12.87063099, 13.48738897 ], [ 12.87035068, 13.48764703 ], [ 12.86821946, 13.49298175 ], [ 12.87259624, 13.50067415 ], [ 12.87372815, 13.50151418 ], [ 12.87657926, 13.50198047 ], [ 12.87808135, 13.50174199 ], [ 12.87971869, 13.50131841 ], [ 12.88727184, 13.50082365 ], [ 12.88772033, 13.50090552 ], [ 12.89313424, 13.4948331 ], [ 12.89281745, 13.49432766 ], [ 12.89258965, 13.49418884 ], [ 12.89225862, 13.49406426 ], [ 12.89127977, 13.49348407 ], [ 12.89108756, 13.49324203 ], [ 12.89178521, 13.49086076 ], [ 12.89208065, 13.49076466 ], [ 12.89545856, 13.49156197 ], [ 12.89745897, 13.49209589 ], [ 12.90448176, 13.48720877 ], [ 12.92427247, 13.49138753 ], [ 12.92433503, 13.49199931 ], [ 12.93946268, 13.50669593 ], [ 12.94505907, 13.50806548 ], [ 12.94571256, 13.50575045 ], [ 12.94937629, 13.50100221 ], [ 12.95098221, 13.49922248 ], [ 12.95169827, 13.49863851 ], [ 12.95248385, 13.49849947 ], [ 12.95357532, 13.4985968 ], [ 12.95915781, 13.50150971 ], [ 12.9575936, 13.50543066 ], [ 12.95573741, 13.50836442 ], [ 12.95545237, 13.50876764 ], [ 12.95883802, 13.52088505 ], [ 12.96044394, 13.51868125 ], [ 12.9657553, 13.51806252 ], [ 12.96530342, 13.51989091 ], [ 12.96506705, 13.52055135 ], [ 12.96531037, 13.52114922 ], [ 12.97133084, 13.51904276 ], [ 12.97185224, 13.51781224 ], [ 12.97192871, 13.51745074 ], [ 12.97843235, 13.52017594 ], [ 12.97959334, 13.52119789 ], [ 12.983556, 13.51788176 ], [ 12.98366028, 13.51734646 ], [ 12.99203054, 13.51820851 ], [ 12.9932541, 13.51892457 ], [ 13.00025481, 13.51679725 ], [ 13.00065803, 13.51606033 ], [ 13.00080402, 13.51476725 ], [ 12.99988635, 13.51274421 ], [ 13.00183987, 13.51190996 ], [ 13.00516295, 13.51072116 ], [ 13.00581644, 13.51081154 ], [ 13.00674106, 13.5117153 ], [ 13.00765178, 13.51366674 ], [ 13.00920548, 13.51729326 ], [ 13.02360231, 13.53674384 ], [ 13.02706208, 13.53612397 ], [ 13.04241479, 13.52841157 ], [ 13.04376876, 13.54286683 ], [ 13.04352991, 13.54334453 ], [ 13.04531502, 13.54348282 ], [ 13.04557901, 13.54315597 ], [ 13.04775382, 13.54022688 ], [ 13.05376284, 13.53902005 ], [ 13.05632736, 13.54095601 ], [ 13.05700621, 13.54166 ], [ 13.05977186, 13.54540621 ], [ 13.06214782, 13.54906442 ], [ 13.06916253, 13.54751816 ], [ 13.06932596, 13.54710331 ], [ 13.06925053, 13.54675132 ], [ 13.06979109, 13.5428794 ], [ 13.07128706, 13.53997546 ], [ 13.07383901, 13.53650582 ], [ 13.074015, 13.53611611 ], [ 13.07013051, 13.53341331 ], [ 13.07020594, 13.53480871 ], [ 13.06578088, 13.52642374 ], [ 13.0659066, 13.52675059 ], [ 13.06794313, 13.52705229 ], [ 13.07539783, 13.52535519 ], [ 13.08943747, 13.51910634 ], [ 13.09092555, 13.51685211 ], [ 13.1002629, 13.52924483 ], [ 13.10083383, 13.52918958 ], [ 13.1013495, 13.52933691 ], [ 13.10262026, 13.53254145 ], [ 13.10281522, 13.53422229 ], [ 13.10257295, 13.53539023 ], [ 13.1023226, 13.53794215 ], [ 13.10287982, 13.53894354 ], [ 13.10764448, 13.53940385 ], [ 13.11218183, 13.53275623 ], [ 13.11233723, 13.53172496 ], [ 13.11381351, 13.52891367 ], [ 13.11439272, 13.52824263 ], [ 13.11508495, 13.52751509 ], [ 13.11708393, 13.52560087 ], [ 13.12381548, 13.521391 ], [ 13.12481144, 13.52134156 ], [ 13.12646431, 13.52181482 ], [ 13.12684574, 13.5220691 ], [ 13.12684574, 13.52558674 ], [ 13.12611113, 13.5259046 ], [ 13.12564494, 13.52649794 ], [ 13.12536239, 13.52733144 ], [ 13.12572263, 13.52994495 ], [ 13.12660558, 13.53064424 ], [ 13.12773574, 13.52928804 ], [ 13.12815249, 13.52942224 ], [ 13.12474465, 13.53738992 ], [ 13.12401278, 13.5377133 ], [ 13.12351919, 13.53790053 ], [ 13.12278732, 13.53829199 ], [ 13.13345905, 13.54234282 ], [ 13.13422496, 13.5419003 ], [ 13.14887944, 13.54784038 ], [ 13.14477755, 13.54435122 ], [ 13.14399461, 13.54384061 ], [ 13.14326784, 13.54141862 ], [ 13.14378526, 13.53583596 ], [ 13.14448541, 13.5163966 ], [ 13.15613274, 13.51631911 ], [ 13.16134521, 13.53089274 ], [ 13.16222282, 13.53256817 ], [ 13.16355253, 13.53376491 ], [ 13.16538753, 13.53320643 ], [ 13.17318336, 13.53462284 ], [ 13.18011062, 13.53732907 ], [ 13.18731021, 13.52994226 ], [ 13.18657833, 13.52728709 ], [ 13.19052704, 13.51661537 ], [ 13.19266445, 13.51493274 ], [ 13.19920134, 13.51376719 ], [ 13.20018171, 13.51473667 ], [ 13.20003683, 13.51921804 ], [ 13.199307, 13.51987162 ], [ 13.19810877, 13.52042716 ], [ 13.19742251, 13.52053609 ], [ 13.19677982, 13.52093913 ], [ 13.1958866, 13.52171254 ], [ 13.20606065, 13.52749672 ], [ 13.20949195, 13.53246392 ], [ 13.20671423, 13.53477323 ], [ 13.2061369, 13.53603682 ], [ 13.20852247, 13.544773 ], [ 13.20944837, 13.54646141 ], [ 13.20936123, 13.54799732 ], [ 13.20329383, 13.54545926 ], [ 13.20277097, 13.54459871 ], [ 13.19797805, 13.54784482 ], [ 13.20059237, 13.55273578 ], [ 13.20382759, 13.5530081 ], [ 13.20513475, 13.55184255 ], [ 13.21125525, 13.54930584 ], [ 13.21254071, 13.55205164 ], [ 13.21256198, 13.5524346 ], [ 13.21243433, 13.55334944 ], [ 13.21996581, 13.55043472 ], [ 13.23770309, 13.56385139 ], [ 13.23920088, 13.56624785 ], [ 13.23617807, 13.57170796 ], [ 13.23390416, 13.5726611 ], [ 13.2268101, 13.57818929 ], [ 13.22735475, 13.57912881 ], [ 13.23000992, 13.58774789 ], [ 13.24336745, 13.5889325 ], [ 13.24452483, 13.58510634 ], [ 13.24460652, 13.58370387 ], [ 13.24564136, 13.58287328 ], [ 13.25152357, 13.57986409 ], [ 13.25201376, 13.58023173 ], [ 13.25362047, 13.5852425 ], [ 13.25334815, 13.58589608 ], [ 13.25755557, 13.59350756 ], [ 13.26066007, 13.59436538 ], [ 13.26238933, 13.59564531 ], [ 13.2581683, 13.60288915 ], [ 13.25571737, 13.60329764 ], [ 13.2549004, 13.60011144 ], [ 13.25421959, 13.59767413 ], [ 13.25055682, 13.60513583 ], [ 13.25141464, 13.6051086 ], [ 13.24979431, 13.60909815 ], [ 13.24922243, 13.6090573 ], [ 13.24346957, 13.61554817 ], [ 13.24394886, 13.61678997 ], [ 13.25964021, 13.62230509 ], [ 13.25990426, 13.63191445 ], [ 13.26223972, 13.63580455 ], [ 13.26938831, 13.63876048 ], [ 13.27358516, 13.64048244 ], [ 13.27382916, 13.64096347 ], [ 13.27442871, 13.64562045 ], [ 13.27368973, 13.64914106 ], [ 13.27666657, 13.65189481 ], [ 13.28583592, 13.65928716 ], [ 13.29784413, 13.6674386 ], [ 13.29946701, 13.66569861 ], [ 13.29988528, 13.6657488 ], [ 13.29881451, 13.6709186 ], [ 13.29789432, 13.67138706 ], [ 13.29999915, 13.67543391 ], [ 13.30151611, 13.67383033 ], [ 13.30302539, 13.67380018 ], [ 13.30356047, 13.67628696 ], [ 13.30419916, 13.68293319 ], [ 13.30622214, 13.68375005 ], [ 13.30766399, 13.68390904 ], [ 13.30829994, 13.68377746 ], [ 13.3103565, 13.68918098 ], [ 13.30972603, 13.68892743 ], [ 13.3098905, 13.69750727 ], [ 13.31291263, 13.69751412 ], [ 13.3201551, 13.69483189 ], [ 13.33187328, 13.69617036 ], [ 13.33258912, 13.69665713 ], [ 13.33440734, 13.7091556 ], [ 13.33354834, 13.71074475 ], [ 13.35346705, 13.71425296 ] ] ] ] } },{ "type": "Feature", "properties": { "ucode": "NGA_0037_V1", "uuid": "c46d4685-0a60-4530-b93d-21736122b6b0", "cnpt_uuid": "b66db046-a7dd-4048-88ec-d8bba0a0bd6d", "is_latest": true, "start_date": "2023-09-06T00:00:00Z", "end_date": null, "name": "Yobe", "level": 1, "level_name": "Admin Level 1", "type": "Admin Level 1", "SALB_ID": null, "WFP_ID": "902356", "Source_ID": "NG036", "BrazilStat": null, "UNDP_ID": null, "default": "902356", "Abyei": null, "name_en": "Yobe", "Alternativ": null, "adm0_ucode": "NGA_V1", "adm0_type": "State" }, "geometry": { "type": "MultiPolygon", "coordinates": [ [ [ [ 11.15928002, 13.3753969 ], [ 11.17462, 13.37604 ], [ 11.18099, 13.37473 ], [ 11.2127, 13.3758 ], [ 11.21271, 13.37488 ], [ 11.26611754, 13.37429688 ], [ 11.27501878, 13.3741986 ], [ 11.28003398, 13.37414304 ], [ 11.28392, 13.3741 ], [ 11.30226, 13.37247 ], [ 11.30225, 13.37339 ], [ 11.31031667, 13.37333026 ], [ 11.32645, 13.37321 ], [ 11.33467803, 13.37298254 ], [ 11.36759, 13.37207 ], [ 11.37458754, 13.37157279 ], [ 11.40386618, 13.36879254 ], [ 11.41215226, 13.36750481 ], [ 11.45089, 13.36195 ], [ 11.45759503, 13.36099009 ], [ 11.4643, 13.36003 ], [ 11.4688, 13.35777 ], [ 11.4801, 13.35606 ], [ 11.48549, 13.3568 ], [ 11.51725, 13.35278 ], [ 11.52219, 13.35306 ], [ 11.53963, 13.34796 ], [ 11.54691773, 13.34471777 ], [ 11.55420526, 13.34147534 ], [ 11.56149259, 13.33823269 ], [ 11.59064, 13.32526 ], [ 11.59607507, 13.32221006 ], [ 11.60151, 13.31916 ], [ 11.60976, 13.31718 ], [ 11.61766511, 13.31381512 ], [ 11.65198, 13.30175 ], [ 11.6614, 13.29931 ], [ 11.66566, 13.2959 ], [ 11.72832, 13.27997 ], [ 11.73361502, 13.27887506 ], [ 11.74387, 13.27553 ], [ 11.75116, 13.27537 ], [ 11.75786504, 13.27394009 ], [ 11.76457, 13.27251 ], [ 11.77186, 13.27189 ], [ 11.77706, 13.26849 ], [ 11.78575, 13.26858 ], [ 11.7939101, 13.26704693 ], [ 11.8594934, 13.25299267 ], [ 11.86746175, 13.25132646 ], [ 11.87543, 13.24966 ], [ 11.88003003, 13.24809004 ], [ 11.88463, 13.24652 ], [ 11.88464, 13.24537 ], [ 11.89113026, 13.24215275 ], [ 11.91666016, 13.22926015 ], [ 11.92272016, 13.22602014 ], [ 11.92878, 13.22278 ], [ 11.94191348, 13.21266688 ], [ 11.98911, 13.17687 ], [ 11.99502, 13.17324 ], [ 12.0116, 13.15821 ], [ 12.01472, 13.15133 ], [ 12.02703, 13.14086 ], [ 12.04098, 13.13087 ], [ 12.04545, 13.12975 ], [ 12.04735, 13.12655 ], [ 12.05390029, 13.12287025 ], [ 12.06045039, 13.11919034 ], [ 12.10424, 13.09346 ], [ 12.12985, 13.09115 ], [ 12.13063498, 13.096055 ], [ 12.13142, 13.10096 ], [ 12.1347, 13.10419 ], [ 12.1394, 13.09937 ], [ 12.14927, 13.09685 ], [ 12.15114, 13.09846 ], [ 12.14901, 13.10559 ], [ 12.15089, 13.10859 ], [ 12.1577, 13.10813 ], [ 12.16193, 13.10331 ], [ 12.16357, 13.10216 ], [ 12.17031862, 13.10379166 ], [ 12.18141511, 13.10670852 ], [ 12.18615358, 13.1089979 ], [ 12.18446761, 13.11157122 ], [ 12.18370448, 13.11174869 ], [ 12.18240894, 13.1123166 ], [ 12.17742379, 13.11724497 ], [ 12.18067505, 13.1237475 ], [ 12.18049048, 13.12344935 ], [ 12.18456522, 13.12062401 ], [ 12.18460781, 13.12102155 ], [ 12.1852751, 13.12218576 ], [ 12.18645351, 13.12415923 ], [ 12.20123328, 13.13000867 ], [ 12.20346232, 13.1274247 ], [ 12.20434257, 13.12583456 ], [ 12.20912719, 13.12400306 ], [ 12.21426816, 13.11506846 ], [ 12.23407062, 13.11027011 ], [ 12.25021557, 13.11767854 ], [ 12.25733652, 13.11774611 ], [ 12.2723769, 13.10394442 ], [ 12.27216396, 13.0974205 ], [ 12.27195431, 13.09635912 ], [ 12.27152189, 13.09523222 ], [ 12.27123361, 13.0906853 ], [ 12.27129913, 13.0839763 ], [ 12.27561019, 13.08198456 ], [ 12.27617364, 13.08257422 ], [ 12.28224057, 13.08146042 ], [ 12.28239781, 13.08073973 ], [ 12.28313161, 13.07999283 ], [ 12.28479575, 13.07920662 ], [ 12.28281712, 13.08385836 ], [ 12.2805109, 13.08434319 ], [ 12.27783779, 13.08951908 ], [ 12.29231717, 13.09939913 ], [ 12.29285442, 13.09962189 ], [ 12.3009786, 13.09942534 ], [ 12.30609051, 13.09835579 ], [ 12.31233935, 13.09761706 ], [ 12.31870766, 13.09012184 ], [ 12.32135457, 13.08591562 ], [ 12.32751322, 13.08540458 ], [ 12.32797184, 13.08560113 ], [ 12.33441877, 13.08320319 ], [ 12.33284635, 13.07861696 ], [ 12.33242704, 13.07792247 ], [ 12.33211255, 13.07754247 ], [ 12.33143117, 13.07547211 ], [ 12.33981742, 13.07693971 ], [ 12.33951604, 13.07720178 ], [ 12.33903645, 13.07797357 ], [ 12.3473598, 13.08792176 ], [ 12.35274797, 13.07960889 ], [ 12.35308342, 13.07890655 ], [ 12.35709834, 13.07929441 ], [ 12.35744427, 13.08013303 ], [ 12.3568782, 13.08303677 ], [ 12.35646937, 13.08373912 ], [ 12.36497093, 13.09128675 ], [ 12.36880764, 13.08416892 ], [ 12.36728763, 13.08117083 ], [ 12.371638, 13.07592943 ], [ 12.37327332, 13.07655839 ], [ 12.37467802, 13.07884365 ], [ 12.37467802, 13.07915813 ], [ 12.38192164, 13.0767366 ], [ 12.38222564, 13.0763697 ], [ 12.38257157, 13.07609715 ], [ 12.39376722, 13.07622294 ], [ 12.39406308, 13.07643963 ], [ 12.40074384, 13.05254041 ], [ 12.40557946, 13.019634 ], [ 12.40526055, 12.9859319 ], [ 12.38844235, 12.93047169 ], [ 12.3752562, 12.89604346 ], [ 12.37765448, 12.87748383 ], [ 12.39381711, 12.86385489 ], [ 12.4064856, 12.8435161 ], [ 12.446237, 12.78669391 ], [ 12.45192196, 12.75377828 ], [ 12.48999144, 12.70202236 ], [ 12.49412899, 12.68681593 ], [ 12.49046461, 12.66241349 ], [ 12.47904088, 12.63302763 ], [ 12.46643528, 12.61418551 ], [ 12.43795075, 12.60774217 ], [ 12.42988631, 12.59658654 ], [ 12.43389795, 12.58130721 ], [ 12.41935297, 12.55438159 ], [ 12.40620042, 12.53950962 ], [ 12.39811074, 12.51947956 ], [ 12.3637998, 12.48737993 ], [ 12.34539975, 12.47990987 ], [ 12.34053005, 12.47259971 ], [ 12.31555915, 12.45907219 ], [ 12.30043995, 12.45594991 ], [ 12.26550054, 12.43105042 ], [ 12.26062012, 12.42027024 ], [ 12.27758035, 12.36818047 ], [ 12.29839079, 12.32915949 ], [ 12.30403002, 12.31375966 ], [ 12.30593064, 12.28724909 ], [ 12.29789155, 12.2619567 ], [ 12.30309063, 12.21872973 ], [ 12.29158945, 12.17016026 ], [ 12.25754017, 12.04628012 ], [ 12.24992009, 12.00491992 ], [ 12.24881017, 11.97107037 ], [ 12.24469028, 11.93582997 ], [ 12.2465899, 11.92467138 ], [ 12.24629012, 11.87170018 ], [ 12.25240957, 11.82678966 ], [ 12.24844014, 11.79883013 ], [ 12.23967277, 11.78327146 ], [ 12.24129429, 11.77372017 ], [ 12.23329217, 11.75223231 ], [ 12.20992392, 11.74143319 ], [ 12.19898021, 11.72187056 ], [ 12.18684005, 11.67840968 ], [ 12.17824592, 11.6583515 ], [ 12.19238145, 11.64503235 ], [ 12.22371952, 11.63285502 ], [ 12.2748444, 11.69402149 ], [ 12.30111365, 11.64490942 ], [ 12.29995876, 11.60861908 ], [ 12.31355404, 11.605639 ], [ 12.34846562, 11.58307811 ], [ 12.37354441, 11.5497565 ], [ 12.338265, 11.48285014 ], [ 12.33031882, 11.4928978 ], [ 12.31601338, 11.45316682 ], [ 12.26899678, 11.43128149 ], [ 12.24462635, 11.41397205 ], [ 12.21190493, 11.36487283 ], [ 12.1953012, 11.31244617 ], [ 12.18690037, 11.30185986 ], [ 12.13392995, 11.27013003 ], [ 12.10748931, 11.25607963 ], [ 12.10281005, 11.22959036 ], [ 12.11416996, 11.18529969 ], [ 12.11465001, 11.15579049 ], [ 12.12100984, 11.13891976 ], [ 12.1334798, 11.12847044 ], [ 12.13912012, 11.09594986 ], [ 12.14968008, 11.08106979 ], [ 12.13912978, 11.06172008 ], [ 12.10680955, 11.05216054 ], [ 12.08289993, 11.05190013 ], [ 12.05438982, 11.06301989 ], [ 12.02898026, 11.06206997 ], [ 12.02215021, 11.05710023 ], [ 12.00166009, 11.02509034 ], [ 11.97529997, 10.99756994 ], [ 11.93655004, 10.96702016 ], [ 11.88508967, 10.95310036 ], [ 11.86587976, 10.94509974 ], [ 11.82235977, 10.93575951 ], [ 11.73620058, 10.90577054 ], [ 11.68466568, 10.88539962 ], [ 11.68118014, 10.87018604 ], [ 11.70039149, 10.86195094 ], [ 11.71853475, 10.83991247 ], [ 11.73421322, 10.81074803 ], [ 11.73971012, 10.79208004 ], [ 11.72113037, 10.74473931 ], [ 11.73980044, 10.72725978 ], [ 11.75051967, 10.72231019 ], [ 11.76846991, 10.68918991 ], [ 11.76827774, 10.68022197 ], [ 11.7539209, 10.67205218 ], [ 11.71694011, 10.63739 ], [ 11.68556991, 10.62016938 ], [ 11.64015034, 10.60904003 ], [ 11.6022578, 10.60301015 ], [ 11.58330747, 10.59386916 ], [ 11.55152866, 10.58791173 ], [ 11.52758954, 10.56763453 ], [ 11.51651373, 10.57027813 ], [ 11.51272082, 10.585271 ], [ 11.51341994, 10.6073293 ], [ 11.52418535, 10.66000642 ], [ 11.51507077, 10.69495401 ], [ 11.51661518, 10.73211296 ], [ 11.52651791, 10.75786426 ], [ 11.52873906, 10.79039745 ], [ 11.53617752, 10.82305312 ], [ 11.5390747, 10.85096282 ], [ 11.52867437, 10.87682361 ], [ 11.53100409, 10.90414048 ], [ 11.53036236, 10.93486668 ], [ 11.51341534, 10.96869562 ], [ 11.48254107, 11.00278162 ], [ 11.47054548, 11.02164582 ], [ 11.44856145, 11.04665659 ], [ 11.43485348, 11.05590832 ], [ 11.39873969, 11.09280024 ], [ 11.38592988, 11.10182 ], [ 11.36518969, 11.12716965 ], [ 11.34893972, 11.16452028 ], [ 11.30908982, 11.24505981 ], [ 11.28655981, 11.25333968 ], [ 11.27019995, 11.24209949 ], [ 11.23793055, 11.24269952 ], [ 11.20724968, 11.25924023 ], [ 11.17850016, 11.26621982 ], [ 11.15497944, 11.26887039 ], [ 11.14101038, 11.27807978 ], [ 11.13031966, 11.27865039 ], [ 11.09206974, 11.29989985 ], [ 11.07867994, 11.31248016 ], [ 11.05126011, 11.30651017 ], [ 11.03686998, 11.30652048 ], [ 11.02830024, 11.29864979 ], [ 11.00731555, 11.29586532 ], [ 10.97346999, 11.29364947 ], [ 10.93443027, 11.31039037 ], [ 10.85851005, 11.34930984 ], [ 10.85038016, 11.36452005 ], [ 10.8691776, 11.37777385 ], [ 10.88986434, 11.38079703 ], [ 10.91426246, 11.39432396 ], [ 10.92637579, 11.42956804 ], [ 10.93559005, 11.47455972 ], [ 10.92773989, 11.52560036 ], [ 10.93167004, 11.54115956 ], [ 10.9321301, 11.57118017 ], [ 10.92866046, 11.58563025 ], [ 10.92451972, 11.64416968 ], [ 10.91336036, 11.67442864 ], [ 10.91666409, 11.7572639 ], [ 10.90526883, 11.76956215 ], [ 10.90247088, 11.78228621 ], [ 10.90593809, 11.80580584 ], [ 10.90075451, 11.81901386 ], [ 10.88025122, 11.82523767 ], [ 10.84976386, 11.84045467 ], [ 10.82544986, 11.84904817 ], [ 10.81837106, 11.86602944 ], [ 10.82886746, 11.89329104 ], [ 10.82045333, 11.8985704 ], [ 10.79975508, 11.95255427 ], [ 10.79988351, 11.97831058 ], [ 10.80392047, 12.00147211 ], [ 10.81180902, 12.01044877 ], [ 10.8106824, 12.04651371 ], [ 10.80312184, 12.10321549 ], [ 10.80081519, 12.16504244 ], [ 10.78922406, 12.20115797 ], [ 10.77500869, 12.23599685 ], [ 10.7699913, 12.27980682 ], [ 10.77290531, 12.34032034 ], [ 10.75737403, 12.37516498 ], [ 10.75125057, 12.4614768 ], [ 10.70549645, 12.47327905 ], [ 10.67807634, 12.48756975 ], [ 10.64298874, 12.49822904 ], [ 10.63319966, 12.5143003 ], [ 10.61047003, 12.52145013 ], [ 10.59405054, 12.52013039 ], [ 10.59047007, 12.5304801 ], [ 10.59496956, 12.54248058 ], [ 10.58857999, 12.55393042 ], [ 10.59932976, 12.58112997 ], [ 10.59566424, 12.61881143 ], [ 10.59862038, 12.64223972 ], [ 10.59408014, 12.66067982 ], [ 10.59643403, 12.68061363 ], [ 10.59253442, 12.69603825 ], [ 10.59654333, 12.715052 ], [ 10.57446003, 12.75414011 ], [ 10.57712006, 12.79282005 ], [ 10.57088011, 12.80216991 ], [ 10.57769995, 12.80685058 ], [ 10.56190025, 12.82126717 ], [ 10.54142703, 12.82335277 ], [ 10.52415474, 12.8208136 ], [ 10.51739941, 12.82800402 ], [ 10.49016967, 12.82170027 ], [ 10.46064825, 12.82156857 ], [ 10.44246013, 12.83570962 ], [ 10.40563023, 12.84371 ], [ 10.39383971, 12.85161956 ], [ 10.36680041, 12.86166006 ], [ 10.33053966, 12.85776992 ], [ 10.29903987, 12.84702036 ], [ 10.27217013, 12.84094035 ], [ 10.25222953, 12.84414958 ], [ 10.24746967, 12.85101052 ], [ 10.25342341, 12.86097532 ], [ 10.27402943, 12.86743094 ], [ 10.2767131, 12.87525232 ], [ 10.27155036, 12.89966026 ], [ 10.28172997, 12.93317048 ], [ 10.27787989, 12.96535982 ], [ 10.25352169, 13.00600716 ], [ 10.25479759, 13.01214111 ], [ 10.23002459, 13.01059893 ], [ 10.21789334, 13.01966579 ], [ 10.20059434, 13.01919089 ], [ 10.1775815, 13.00705121 ], [ 10.14711337, 12.98710083 ], [ 10.1074094, 12.9943894 ], [ 10.07047795, 12.98029292 ], [ 10.0082885, 12.96825321 ], [ 9.97527137, 12.95028692 ], [ 9.95284049, 12.94928291 ], [ 9.93984304, 12.93896131 ], [ 9.90648727, 12.87337012 ], [ 9.89263182, 12.85477994 ], [ 9.87408085, 12.83728046 ], [ 9.83325975, 12.82182023 ], [ 9.79976941, 12.81450007 ], [ 9.76430299, 12.80947015 ], [ 9.72646548, 12.81210053 ], [ 9.65777428, 12.80913737 ], [ 9.658007, 12.80930811 ], [ 9.66597, 12.81515 ], [ 9.68858, 12.83534 ], [ 9.69201994, 12.83988002 ], [ 9.70037649, 12.84903009 ], [ 9.70529315, 12.85364009 ], [ 9.72277828, 12.87102081 ], [ 9.7290629, 12.87740598 ], [ 9.73534784, 12.883791 ], [ 9.74163309, 12.89017587 ], [ 9.76296, 12.91184 ], [ 9.7699, 12.91748 ], [ 9.78130983, 12.93079675 ], [ 9.78583983, 12.93547341 ], [ 9.79037, 12.94015 ], [ 9.79433, 12.94206 ], [ 9.80328, 12.95326 ], [ 9.80762489, 12.95965504 ], [ 9.81197, 12.96605 ], [ 9.81659, 12.97004 ], [ 9.82063718, 12.9765501 ], [ 9.82468458, 12.98306013 ], [ 9.84677, 13.01495 ], [ 9.8694, 13.03581 ], [ 9.87268, 13.03586 ], [ 9.89140319, 13.05251009 ], [ 9.89626652, 13.05627009 ], [ 9.91268, 13.07057 ], [ 9.93534343, 13.09542626 ], [ 9.94644064, 13.10761178 ], [ 9.97903, 13.14344 ], [ 9.98191, 13.1496 ], [ 9.98545, 13.15228 ], [ 9.99148, 13.15652 ], [ 9.99653, 13.16327 ], [ 10.01085986, 13.17185345 ], [ 10.01629, 13.1751 ], [ 10.03329, 13.18342 ], [ 10.03952, 13.18974 ], [ 10.0609, 13.20342 ], [ 10.08439533, 13.21386672 ], [ 10.09222756, 13.21734848 ], [ 10.11529314, 13.22720356 ], [ 10.12291, 13.23039 ], [ 10.12546, 13.23273 ], [ 10.13214651, 13.23552018 ], [ 10.13883318, 13.23831018 ], [ 10.14552, 13.2411 ], [ 10.18971965, 13.2609264 ], [ 10.19681, 13.26398 ], [ 10.20194996, 13.26590005 ], [ 10.20709, 13.26782 ], [ 10.21577394, 13.26822859 ], [ 10.22445791, 13.26863689 ], [ 10.25777, 13.27135 ], [ 10.26929, 13.27061 ], [ 10.27554665, 13.27101015 ], [ 10.28106601, 13.27136302 ], [ 10.28180331, 13.27141015 ], [ 10.35229655, 13.27500108 ], [ 10.36058987, 13.27543122 ], [ 10.36888322, 13.27586108 ], [ 10.38547, 13.27672 ], [ 10.43192, 13.28062 ], [ 10.4392, 13.28026 ], [ 10.44553498, 13.28104508 ], [ 10.45187, 13.28183 ], [ 10.46642, 13.2825 ], [ 10.48438, 13.29081 ], [ 10.49255449, 13.29388066 ], [ 10.52525449, 13.30616066 ], [ 10.53343, 13.30923 ], [ 10.54653, 13.31309 ], [ 10.55399489, 13.31665011 ], [ 10.56683496, 13.32201006 ], [ 10.57945492, 13.3265551 ], [ 10.60049, 13.33364 ], [ 10.60877988, 13.33720514 ], [ 10.6396475, 13.34881667 ], [ 10.64717367, 13.35149845 ], [ 10.6547, 13.35418 ], [ 10.66195996, 13.3555401 ], [ 10.66922, 13.3569 ], [ 10.67826499, 13.35714016 ], [ 10.71255495, 13.35852791 ], [ 10.72088994, 13.35898555 ], [ 10.82185, 13.36425 ], [ 10.83092997, 13.36459699 ], [ 10.84000997, 13.36494366 ], [ 10.84909, 13.36529 ], [ 10.97729, 13.37224 ], [ 10.9855, 13.37372 ], [ 11.05928, 13.37395 ], [ 11.06513, 13.37563 ], [ 11.06868, 13.37407 ], [ 11.10519422, 13.37464341 ], [ 11.1143228, 13.37478593 ], [ 11.13258, 13.37507 ], [ 11.13832999, 13.37560007 ], [ 11.15168002, 13.37576356 ], [ 11.15928002, 13.3753969 ] ] ] ] } },{ "type": "Feature", "properties": { "ucode": "NGA_0018_V1", "uuid": "dcea20d8-d84e-496c-b26f-b9d4727318e5", "cnpt_uuid": "0254f7ec-a265-4df3-b9fa-690f7746e9cd", "is_latest": true, "start_date": "2023-09-06T00:00:00Z", "end_date": null, "name": "Jigawa", "level": 1, "level_name": "Admin Level 1", "type": "Admin Level 1", "SALB_ID": null, "WFP_ID": "902337", "Source_ID": "NG018", "BrazilStat": null, "UNDP_ID": null, "default": "902337", "Abyei": null, "name_en": "Jigawa", "Alternativ": null, "adm0_ucode": "NGA_V1", "adm0_type": "State" }, "geometry": { "type": "MultiPolygon", "coordinates": [ [ [ [ 10.59405054, 12.52013039 ], [ 10.58481989, 12.50736023 ], [ 10.52653992, 12.48132016 ], [ 10.50914955, 12.46498995 ], [ 10.49185012, 12.43945005 ], [ 10.45102957, 12.42399048 ], [ 10.43453048, 12.43414992 ], [ 10.42833984, 12.46632002 ], [ 10.42477992, 12.47087942 ], [ 10.3790102, 12.4732619 ], [ 10.34401981, 12.46760004 ], [ 10.29615017, 12.45436021 ], [ 10.26825052, 12.43445011 ], [ 10.25669961, 12.41934013 ], [ 10.23376592, 12.37699985 ], [ 10.19618977, 12.34026246 ], [ 10.19524076, 12.32947674 ], [ 10.20062245, 12.29979141 ], [ 10.17309717, 12.26122065 ], [ 10.16849057, 12.24864855 ], [ 10.14534425, 12.14892636 ], [ 10.14709831, 12.1264448 ], [ 10.164272, 12.07334732 ], [ 10.16422559, 12.05896294 ], [ 10.15414038, 12.04043965 ], [ 10.13074013, 12.03899964 ], [ 10.12148, 12.02853022 ], [ 10.09922955, 12.02826049 ], [ 10.09474019, 12.00978 ], [ 10.06558971, 11.99790953 ], [ 9.9885634, 11.97396002 ], [ 9.97686876, 11.97265981 ], [ 9.96525764, 11.96331019 ], [ 9.95115876, 11.96774949 ], [ 9.92077819, 11.96162014 ], [ 9.8986301, 11.95214014 ], [ 9.88201239, 11.95044542 ], [ 9.85920843, 11.93209258 ], [ 9.84866774, 11.91893614 ], [ 9.83762185, 11.89354169 ], [ 9.82997161, 11.89026326 ], [ 9.75924837, 11.87629248 ], [ 9.71765424, 11.85660378 ], [ 9.69810689, 11.87452922 ], [ 9.68855035, 11.87266393 ], [ 9.67945514, 11.86185374 ], [ 9.6789316, 11.83737639 ], [ 9.67126211, 11.82232646 ], [ 9.67358417, 11.78701688 ], [ 9.65284405, 11.79296319 ], [ 9.63345743, 11.78083013 ], [ 9.62665102, 11.76002047 ], [ 9.63978381, 11.73599985 ], [ 9.64919844, 11.73151045 ], [ 9.71404205, 11.72056613 ], [ 9.77566924, 11.73833097 ], [ 9.79762538, 11.73498942 ], [ 9.8114407, 11.72130804 ], [ 9.80327829, 11.70061292 ], [ 9.82061357, 11.68844451 ], [ 9.8208657, 11.66450039 ], [ 9.82638604, 11.64474251 ], [ 9.81504534, 11.62620896 ], [ 9.82468704, 11.60167899 ], [ 9.81837196, 11.56774982 ], [ 9.81027309, 11.55844049 ], [ 9.78353905, 11.53969959 ], [ 9.77782986, 11.52581019 ], [ 9.78514664, 11.49826996 ], [ 9.78938831, 11.46150157 ], [ 9.80081642, 11.45159115 ], [ 9.8213384, 11.45484201 ], [ 9.84046972, 11.47551183 ], [ 9.85474938, 11.46135685 ], [ 9.87763166, 11.45377133 ], [ 9.88220774, 11.39926981 ], [ 9.87786462, 11.36696992 ], [ 9.88499933, 11.35669971 ], [ 9.91598196, 11.3378729 ], [ 9.92119218, 11.32373691 ], [ 9.94262726, 11.31379761 ], [ 9.95212639, 11.29917958 ], [ 9.97689871, 11.27691744 ], [ 9.9914884, 11.25205983 ], [ 10.00092007, 11.24641033 ], [ 10.03703992, 11.26297009 ], [ 10.09564969, 11.2567701 ], [ 10.12742992, 11.24102955 ], [ 10.15089032, 11.23785953 ], [ 10.16504966, 11.22766988 ], [ 10.18968991, 11.22220988 ], [ 10.20837999, 11.22704989 ], [ 10.22947981, 11.22500018 ], [ 10.25530978, 11.21840013 ], [ 10.26108951, 11.21352305 ], [ 10.29486001, 11.20599819 ], [ 10.32219616, 11.20419768 ], [ 10.35846059, 11.20812972 ], [ 10.36672039, 11.20248026 ], [ 10.36462035, 11.17942044 ], [ 10.34644423, 11.16284583 ], [ 10.32767033, 11.12946982 ], [ 10.30655805, 11.13145062 ], [ 10.27050019, 11.11034965 ], [ 10.2601299, 11.09410951 ], [ 10.24256986, 11.09389021 ], [ 10.21553021, 11.10393045 ], [ 10.19888755, 11.10067584 ], [ 10.17485998, 11.07464975 ], [ 10.15411002, 11.04331025 ], [ 10.14153007, 11.01438031 ], [ 10.15466974, 10.99036046 ], [ 10.17136289, 10.97857077 ], [ 10.18762975, 10.97348009 ], [ 10.19475003, 10.96436026 ], [ 10.18675993, 10.94468958 ], [ 10.17273991, 10.94221021 ], [ 10.13404009, 10.94750006 ], [ 10.11046052, 10.96333969 ], [ 10.10323985, 10.98167042 ], [ 10.07556476, 10.9891858 ], [ 10.05157009, 10.97596631 ], [ 10.02441658, 10.9774549 ], [ 10.00818915, 10.9676131 ], [ 9.96645854, 10.96045007 ], [ 9.95003053, 10.96370019 ], [ 9.865819, 10.99939631 ], [ 9.85440634, 11.03738963 ], [ 9.85293216, 11.0661601 ], [ 9.8562748, 11.08231997 ], [ 9.85365386, 11.10877017 ], [ 9.8628264, 11.1273003 ], [ 9.8825599, 11.14365981 ], [ 9.89293982, 11.15874983 ], [ 9.8657199, 11.18606015 ], [ 9.84646512, 11.23532951 ], [ 9.83458699, 11.25131024 ], [ 9.82489274, 11.28228008 ], [ 9.80144038, 11.2854498 ], [ 9.78980537, 11.27840018 ], [ 9.74898414, 11.26294013 ], [ 9.71747323, 11.26326173 ], [ 9.69943123, 11.25726577 ], [ 9.62861891, 11.25190902 ], [ 9.59562103, 11.25994034 ], [ 9.58226313, 11.25965136 ], [ 9.57675445, 11.27237055 ], [ 9.57642741, 11.30346039 ], [ 9.57035455, 11.32411026 ], [ 9.54678075, 11.33878974 ], [ 9.5280238, 11.34087015 ], [ 9.49998483, 11.33477012 ], [ 9.47565245, 11.31029977 ], [ 9.44657333, 11.30792047 ], [ 9.42410063, 11.31313027 ], [ 9.40174604, 11.32322028 ], [ 9.36884583, 11.34234336 ], [ 9.31306436, 11.36930439 ], [ 9.27903541, 11.37203964 ], [ 9.23907477, 11.36908991 ], [ 9.22494817, 11.3658132 ], [ 9.1935491, 11.35088807 ], [ 9.19283179, 11.36905015 ], [ 9.21904474, 11.43731018 ], [ 9.22223022, 11.46842946 ], [ 9.22799883, 11.47655979 ], [ 9.26305031, 11.48388961 ], [ 9.27936949, 11.49100014 ], [ 9.30145663, 11.50623971 ], [ 9.32364164, 11.51226039 ], [ 9.33275326, 11.5365498 ], [ 9.35137629, 11.54714003 ], [ 9.36412264, 11.5599601 ], [ 9.35997568, 11.57539663 ], [ 9.30533956, 11.58226967 ], [ 9.27706986, 11.59805031 ], [ 9.26281528, 11.61744982 ], [ 9.26727893, 11.63823018 ], [ 9.27642742, 11.65907028 ], [ 9.27169501, 11.66361974 ], [ 9.24133865, 11.65519059 ], [ 9.23191138, 11.66082964 ], [ 9.22819336, 11.68035999 ], [ 9.21744997, 11.69981028 ], [ 9.23615816, 11.70234022 ], [ 9.25104024, 11.73476015 ], [ 9.248576, 11.74623969 ], [ 9.23449043, 11.74952018 ], [ 9.20762243, 11.74343987 ], [ 9.18648726, 11.74894057 ], [ 9.16085079, 11.73711985 ], [ 9.1467035, 11.74615942 ], [ 9.14768009, 11.76459032 ], [ 9.14037591, 11.79098969 ], [ 9.14488958, 11.80716033 ], [ 9.19710445, 11.85270012 ], [ 9.20745736, 11.87010017 ], [ 9.22261813, 11.8760402 ], [ 9.23875525, 11.9004095 ], [ 9.23499954, 11.92339058 ], [ 9.22187819, 11.94626033 ], [ 9.21939063, 11.96004976 ], [ 9.22975841, 11.9762897 ], [ 9.25417642, 11.99270983 ], [ 9.25115798, 12.0013104 ], [ 9.22596737, 12.00273055 ], [ 9.21634569, 12.02678938 ], [ 9.22299475, 12.06256984 ], [ 9.22239586, 12.08477571 ], [ 9.21303353, 12.11886993 ], [ 9.19662968, 12.11981964 ], [ 9.16518781, 12.10331997 ], [ 9.14802621, 12.06511971 ], [ 9.14599245, 12.03004181 ], [ 9.13565721, 12.01661039 ], [ 9.12044934, 12.0152704 ], [ 9.0969479, 12.02305032 ], [ 9.08866671, 12.03100963 ], [ 9.06822967, 12.08142007 ], [ 9.05881113, 12.08467032 ], [ 9.04383943, 12.07952031 ], [ 9.01092058, 12.0749701 ], [ 8.99213886, 12.07935049 ], [ 8.98149181, 12.08958986 ], [ 8.96863851, 12.08712963 ], [ 8.94657438, 12.0695895 ], [ 8.94740597, 12.10183992 ], [ 8.94141749, 12.1144302 ], [ 8.95163996, 12.14449031 ], [ 8.96795823, 12.15160008 ], [ 8.96176447, 12.18375979 ], [ 8.95460578, 12.19633935 ], [ 8.92742263, 12.22019007 ], [ 8.9135613, 12.23749064 ], [ 8.91063239, 12.24901092 ], [ 8.88965088, 12.27279639 ], [ 8.89047223, 12.28192041 ], [ 8.90543822, 12.30627996 ], [ 8.90767112, 12.31667037 ], [ 8.89128022, 12.31646991 ], [ 8.86914247, 12.30583959 ], [ 8.86354467, 12.28160022 ], [ 8.85188459, 12.27684997 ], [ 8.83626337, 12.31465993 ], [ 8.81868907, 12.31560037 ], [ 8.80121215, 12.30733041 ], [ 8.79669846, 12.29114995 ], [ 8.77922153, 12.28288008 ], [ 8.75392507, 12.23881989 ], [ 8.74008195, 12.21907979 ], [ 8.72137283, 12.21654985 ], [ 8.72238614, 12.23153039 ], [ 8.73110322, 12.27168566 ], [ 8.73232839, 12.28806967 ], [ 8.74023323, 12.31579964 ], [ 8.74949101, 12.32626984 ], [ 8.78222265, 12.35116105 ], [ 8.78763598, 12.37219693 ], [ 8.81657193, 12.40537999 ], [ 8.81175598, 12.41798996 ], [ 8.78238879, 12.42683999 ], [ 8.76438031, 12.43869957 ], [ 8.74362638, 12.44035252 ], [ 8.70716555, 12.45357015 ], [ 8.68467692, 12.47632956 ], [ 8.67852027, 12.50504036 ], [ 8.68766765, 12.52587048 ], [ 8.71202468, 12.54804065 ], [ 8.71911598, 12.56659041 ], [ 8.71409917, 12.57339946 ], [ 8.68704981, 12.58458995 ], [ 8.65773121, 12.58883979 ], [ 8.64822085, 12.59522178 ], [ 8.61955137, 12.58895191 ], [ 8.59798533, 12.59759971 ], [ 8.5646153, 12.59534755 ], [ 8.54977154, 12.59918859 ], [ 8.53470555, 12.5902917 ], [ 8.48058012, 12.58544623 ], [ 8.46739178, 12.58819986 ], [ 8.4425685, 12.56089958 ], [ 8.43956387, 12.54584048 ], [ 8.43111501, 12.53658939 ], [ 8.42238697, 12.5136785 ], [ 8.40350245, 12.49019983 ], [ 8.39189081, 12.48083988 ], [ 8.38177778, 12.44042014 ], [ 8.37472827, 12.44264056 ], [ 8.35564313, 12.4757993 ], [ 8.32736179, 12.49272993 ], [ 8.3118869, 12.51672003 ], [ 8.31123168, 12.57888974 ], [ 8.2900335, 12.59998968 ], [ 8.29196944, 12.62068 ], [ 8.28605571, 12.64022992 ], [ 8.26728698, 12.63549018 ], [ 8.25202655, 12.63652988 ], [ 8.244957, 12.6480103 ], [ 8.20624721, 12.63852042 ], [ 8.19330426, 12.65225956 ], [ 8.16158952, 12.66240966 ], [ 8.14640912, 12.66324974 ], [ 8.14241311, 12.67007093 ], [ 8.14958072, 12.69552971 ], [ 8.15085592, 12.71688917 ], [ 8.1660955, 12.74307996 ], [ 8.17459884, 12.76607055 ], [ 8.17301588, 12.79496956 ], [ 8.16239666, 12.8190897 ], [ 8.17108955, 12.83333011 ], [ 8.18717878, 12.83917835 ], [ 8.23203026, 12.83470243 ], [ 8.28034225, 12.84333979 ], [ 8.29380314, 12.83958996 ], [ 8.3231611, 12.84040429 ], [ 8.3301766, 12.84445015 ], [ 8.35015383, 12.83421978 ], [ 8.37717069, 12.8251894 ], [ 8.39901056, 12.82705568 ], [ 8.43371573, 12.81606691 ], [ 8.45498548, 12.82608416 ], [ 8.48864767, 12.83633037 ], [ 8.53559954, 12.83434953 ], [ 8.55673695, 12.82989012 ], [ 8.59081754, 12.81169018 ], [ 8.60026656, 12.78641033 ], [ 8.59565011, 12.76668564 ], [ 8.60973331, 12.75306039 ], [ 8.61212722, 12.73349003 ], [ 8.65086725, 12.73031035 ], [ 8.68263248, 12.69826959 ], [ 8.6942051, 12.69087833 ], [ 8.70161788, 12.70304786 ], [ 8.72389449, 12.69138793 ], [ 8.73281158, 12.67777107 ], [ 8.75606925, 12.67535431 ], [ 8.77634802, 12.68801755 ], [ 8.79268418, 12.6758629 ], [ 8.80802133, 12.67976369 ], [ 8.81543791, 12.69047168 ], [ 8.82978665, 12.69291122 ], [ 8.84710996, 12.68221448 ], [ 8.87184904, 12.68757565 ], [ 8.90252372, 12.70315459 ], [ 8.91390472, 12.70510366 ], [ 8.94311618, 12.73233055 ], [ 8.95690634, 12.75594977 ], [ 8.96762543, 12.79125027 ], [ 8.97038545, 12.81023007 ], [ 8.98082549, 12.8195694 ], [ 9.03708457, 12.81449026 ], [ 9.04971321, 12.82176989 ], [ 9.04508232, 12.83752896 ], [ 9.04520781, 12.83752383 ], [ 9.06048, 12.8369 ], [ 9.07336, 12.83739 ], [ 9.13816, 12.83427 ], [ 9.14336, 12.83253 ], [ 9.14708, 12.83398 ], [ 9.15998, 12.83377 ], [ 9.16658, 12.83228 ], [ 9.16942, 12.83073 ], [ 9.17886, 12.82791 ], [ 9.18715999, 12.82802252 ], [ 9.20375998, 12.82824679 ], [ 9.21205999, 12.82835852 ], [ 9.22036, 12.82847 ], [ 9.22602, 12.82697 ], [ 9.22982, 12.82451 ], [ 9.23661999, 12.82475509 ], [ 9.24342, 12.825 ], [ 9.25142, 12.82377 ], [ 9.2583, 12.81975 ], [ 9.26567676, 12.81820354 ], [ 9.27305342, 12.81665687 ], [ 9.28043, 12.81511 ], [ 9.288, 12.81203 ], [ 9.29197, 12.81302 ], [ 9.29878502, 12.81211509 ], [ 9.3056, 12.81121 ], [ 9.32739, 12.81253 ], [ 9.34611, 12.81449 ], [ 9.35333, 12.81715 ], [ 9.359305, 12.81726007 ], [ 9.36528, 12.81737 ], [ 9.38188, 12.82021 ], [ 9.40763337, 12.82221695 ], [ 9.42301, 12.82165009 ], [ 9.4297, 12.82154 ], [ 9.43513, 12.81934 ], [ 9.48924, 12.81065 ], [ 9.51389, 12.80902 ], [ 9.52255999, 12.80929014 ], [ 9.54673, 12.80846 ], [ 9.55379, 12.8072 ], [ 9.57278, 12.80731 ], [ 9.58075, 12.80791 ], [ 9.58569002, 12.80684505 ], [ 9.59063, 12.80578 ], [ 9.59946667, 12.80570696 ], [ 9.60830334, 12.80563363 ], [ 9.61714, 12.80556 ], [ 9.62541505, 12.80507289 ], [ 9.63369006, 12.80458552 ], [ 9.64196505, 12.80409789 ], [ 9.65024, 12.80361 ], [ 9.65777428, 12.80913737 ], [ 9.72646548, 12.81210053 ], [ 9.76430299, 12.80947015 ], [ 9.79976941, 12.81450007 ], [ 9.83325975, 12.82182023 ], [ 9.87408085, 12.83728046 ], [ 9.89263182, 12.85477994 ], [ 9.90648727, 12.87337012 ], [ 9.93984304, 12.93896131 ], [ 9.95284049, 12.94928291 ], [ 9.97527137, 12.95028692 ], [ 10.0082885, 12.96825321 ], [ 10.07047795, 12.98029292 ], [ 10.1074094, 12.9943894 ], [ 10.14711337, 12.98710083 ], [ 10.1775815, 13.00705121 ], [ 10.20059434, 13.01919089 ], [ 10.21789334, 13.01966579 ], [ 10.23002459, 13.01059893 ], [ 10.25479759, 13.01214111 ], [ 10.25352169, 13.00600716 ], [ 10.27787989, 12.96535982 ], [ 10.28172997, 12.93317048 ], [ 10.27155036, 12.89966026 ], [ 10.2767131, 12.87525232 ], [ 10.27402943, 12.86743094 ], [ 10.25342341, 12.86097532 ], [ 10.24746967, 12.85101052 ], [ 10.25222953, 12.84414958 ], [ 10.27217013, 12.84094035 ], [ 10.29903987, 12.84702036 ], [ 10.33053966, 12.85776992 ], [ 10.36680041, 12.86166006 ], [ 10.39383971, 12.85161956 ], [ 10.40563023, 12.84371 ], [ 10.44246013, 12.83570962 ], [ 10.46064825, 12.82156857 ], [ 10.49016967, 12.82170027 ], [ 10.51739941, 12.82800402 ], [ 10.52415474, 12.8208136 ], [ 10.54142703, 12.82335277 ], [ 10.56190025, 12.82126717 ], [ 10.57769995, 12.80685058 ], [ 10.57088011, 12.80216991 ], [ 10.57712006, 12.79282005 ], [ 10.57446003, 12.75414011 ], [ 10.59654333, 12.715052 ], [ 10.59253442, 12.69603825 ], [ 10.59643403, 12.68061363 ], [ 10.59408014, 12.66067982 ], [ 10.59862038, 12.64223972 ], [ 10.59566424, 12.61881143 ], [ 10.59932976, 12.58112997 ], [ 10.58857999, 12.55393042 ], [ 10.59496956, 12.54248058 ], [ 10.59047007, 12.5304801 ], [ 10.59405054, 12.52013039 ] ] ] ] } },{ "type": "Feature", "properties": { "ucode": "NGA_0005_V1", "uuid": "62636ac7-5051-4b9c-b713-dc2c6e6b1680", "cnpt_uuid": "f00ec51f-9a85-4d0e-a951-d9a4c70feb9e", "is_latest": true, "start_date": "2023-09-06T00:00:00Z", "end_date": null, "name": "Bauchi", "level": 1, "level_name": "Admin Level 1", "type": "Admin Level 1", "SALB_ID": null, "WFP_ID": "902324", "Source_ID": "NG005", "BrazilStat": null, "UNDP_ID": null, "default": "902324", "Abyei": null, "name_en": "Bauchi", "Alternativ": null, "adm0_ucode": "NGA_V1", "adm0_type": "State" }, "geometry": { "type": "MultiPolygon", "coordinates": [ [ [ [ 11.00731555, 11.29586532 ], [ 11.02217386, 11.29234592 ], [ 11.02327524, 11.28541954 ], [ 11.00044038, 11.23616995 ], [ 10.97071939, 11.20198456 ], [ 10.92446133, 11.15879165 ], [ 10.90436575, 11.14637382 ], [ 10.89717364, 11.13263983 ], [ 10.87458337, 11.10642838 ], [ 10.86663446, 11.08855652 ], [ 10.84920667, 11.07876995 ], [ 10.83681057, 11.07789022 ], [ 10.8226975, 11.08634826 ], [ 10.79363429, 11.11436671 ], [ 10.77959169, 11.11915289 ], [ 10.76195347, 11.11707192 ], [ 10.73237912, 11.09671038 ], [ 10.71220943, 11.0773801 ], [ 10.68833513, 11.0408164 ], [ 10.67049021, 11.01915265 ], [ 10.64815545, 11.01713203 ], [ 10.61855624, 10.99446573 ], [ 10.61022686, 10.98420264 ], [ 10.60294997, 10.96240533 ], [ 10.61548912, 10.92653184 ], [ 10.63866927, 10.89743598 ], [ 10.64552017, 10.87891659 ], [ 10.64297664, 10.86051565 ], [ 10.62999909, 10.85491922 ], [ 10.61776443, 10.85825511 ], [ 10.59977335, 10.88410498 ], [ 10.589278, 10.89115035 ], [ 10.57630077, 10.88555429 ], [ 10.55197637, 10.80636895 ], [ 10.55065518, 10.79256159 ], [ 10.53763814, 10.77136536 ], [ 10.52425969, 10.76143246 ], [ 10.47868107, 10.6878468 ], [ 10.50318123, 10.67608575 ], [ 10.51479185, 10.66533545 ], [ 10.54211055, 10.62899674 ], [ 10.55361965, 10.59519237 ], [ 10.55352722, 10.57363349 ], [ 10.55877617, 10.56089113 ], [ 10.57732105, 10.53761465 ], [ 10.61693972, 10.5083105 ], [ 10.6391899, 10.50226893 ], [ 10.70487525, 10.49452383 ], [ 10.72827423, 10.48616225 ], [ 10.76576412, 10.47762317 ], [ 10.79350405, 10.4599066 ], [ 10.80918553, 10.43430693 ], [ 10.82575472, 10.42022868 ], [ 10.83510417, 10.40211942 ], [ 10.83360771, 10.34081845 ], [ 10.8260634, 10.29367925 ], [ 10.8457453, 10.26693179 ], [ 10.85715982, 10.23568175 ], [ 10.83932681, 10.21516993 ], [ 10.8356294, 10.20409389 ], [ 10.81988338, 10.18114775 ], [ 10.81722643, 10.16948496 ], [ 10.81891742, 10.14406471 ], [ 10.81517491, 10.12883377 ], [ 10.80617712, 10.11528411 ], [ 10.79063317, 10.10970284 ], [ 10.74992823, 10.11455944 ], [ 10.71859631, 10.11499228 ], [ 10.70067216, 10.11225605 ], [ 10.68451299, 10.0805588 ], [ 10.68992436, 10.07140438 ], [ 10.72767174, 10.04153753 ], [ 10.7884454, 10.00612523 ], [ 10.81217183, 9.97933856 ], [ 10.82499031, 9.96996035 ], [ 10.85772336, 9.95571978 ], [ 10.87517827, 9.94052226 ], [ 10.90667627, 9.92053794 ], [ 10.9284646, 9.90982644 ], [ 10.93620058, 9.88349268 ], [ 10.94560302, 9.8674885 ], [ 10.94352116, 9.83727655 ], [ 10.95131165, 9.78890302 ], [ 10.96115307, 9.7657964 ], [ 10.94982434, 9.73620569 ], [ 10.95150287, 9.68362314 ], [ 10.96655489, 9.62944883 ], [ 10.97489369, 9.59289051 ], [ 10.94555652, 9.59388255 ], [ 10.90550727, 9.60765273 ], [ 10.90013694, 9.61260054 ], [ 10.87596596, 9.61670397 ], [ 10.83821583, 9.61846527 ], [ 10.78378675, 9.6108267 ], [ 10.77036644, 9.60503309 ], [ 10.73922719, 9.5759506 ], [ 10.73117755, 9.56520838 ], [ 10.68432626, 9.54233925 ], [ 10.67244599, 9.54007529 ], [ 10.60286591, 9.56289553 ], [ 10.58910682, 9.56400776 ], [ 10.5525171, 9.54160032 ], [ 10.51632707, 9.51056111 ], [ 10.49967018, 9.5279771 ], [ 10.48890015, 9.55259488 ], [ 10.46537966, 9.56120413 ], [ 10.45339988, 9.57032382 ], [ 10.42383965, 9.5844546 ], [ 10.38274935, 9.59807485 ], [ 10.35300993, 9.61606006 ], [ 10.32686042, 9.63999548 ], [ 10.29738988, 9.65220069 ], [ 10.26440049, 9.68351849 ], [ 10.25587247, 9.68825521 ], [ 10.19036257, 9.68753069 ], [ 10.14983294, 9.68163313 ], [ 10.14081013, 9.70509355 ], [ 10.13039006, 9.72200485 ], [ 10.08290024, 9.74885461 ], [ 10.05778115, 9.75983212 ], [ 10.00876978, 9.76872946 ], [ 10.0030899, 9.76654624 ], [ 9.96574763, 9.7738334 ], [ 9.94653104, 9.74848947 ], [ 9.93506889, 9.72215754 ], [ 9.93974042, 9.69296032 ], [ 9.95481207, 9.64773167 ], [ 9.96044014, 9.62229724 ], [ 9.95386089, 9.61117724 ], [ 9.94210411, 9.60903922 ], [ 9.90677544, 9.61179141 ], [ 9.88154128, 9.60766248 ], [ 9.85355395, 9.60674498 ], [ 9.81684769, 9.59343912 ], [ 9.77769934, 9.55120459 ], [ 9.74694325, 9.54225907 ], [ 9.74175953, 9.53479074 ], [ 9.70393582, 9.52739448 ], [ 9.68689846, 9.52084625 ], [ 9.66006655, 9.51772511 ], [ 9.64587997, 9.52407283 ], [ 9.56428142, 9.50574945 ], [ 9.55082239, 9.50515158 ], [ 9.5192628, 9.51911628 ], [ 9.50875008, 9.53996358 ], [ 9.49055393, 9.5280973 ], [ 9.49137054, 9.50271074 ], [ 9.48279544, 9.4763612 ], [ 9.46381775, 9.47544354 ], [ 9.42278857, 9.50001997 ], [ 9.40424147, 9.50829596 ], [ 9.39476767, 9.54648611 ], [ 9.36982134, 9.55973244 ], [ 9.35634224, 9.57231973 ], [ 9.32263591, 9.57978765 ], [ 9.31874639, 9.58763255 ], [ 9.32269481, 9.60506163 ], [ 9.32014871, 9.61846231 ], [ 9.29541599, 9.62567515 ], [ 9.28458007, 9.63611206 ], [ 9.29449064, 9.67330748 ], [ 9.27933891, 9.70931421 ], [ 9.27129066, 9.71667855 ], [ 9.24883633, 9.70013894 ], [ 9.24003218, 9.68183876 ], [ 9.21167848, 9.70057009 ], [ 9.19428851, 9.71519008 ], [ 9.15218347, 9.74476123 ], [ 9.15955082, 9.75804909 ], [ 9.21241082, 9.7816327 ], [ 9.25355448, 9.80855537 ], [ 9.27126869, 9.84216024 ], [ 9.27771304, 9.86947351 ], [ 9.28688145, 9.87953257 ], [ 9.29167001, 9.9009809 ], [ 9.27965041, 9.95257078 ], [ 9.26503259, 9.97701818 ], [ 9.2597618, 10.00767022 ], [ 9.24706546, 10.0322104 ], [ 9.21751099, 10.04634018 ], [ 9.16358276, 10.04586958 ], [ 9.12545562, 10.03940892 ], [ 9.09122738, 10.0272199 ], [ 9.04744842, 10.01562009 ], [ 9.02043912, 10.0163498 ], [ 8.99763316, 10.00954987 ], [ 8.97822594, 10.01255027 ], [ 8.9544391, 10.02692998 ], [ 8.96097262, 10.05231938 ], [ 8.96357088, 10.07945993 ], [ 8.97435767, 10.1378605 ], [ 8.97181151, 10.1512606 ], [ 8.97713468, 10.16114998 ], [ 8.9781668, 10.18049975 ], [ 8.97387582, 10.1899596 ], [ 8.93032671, 10.21504965 ], [ 8.93124659, 10.24511171 ], [ 8.93641396, 10.25006983 ], [ 8.93561189, 10.26741054 ], [ 8.95386048, 10.2894604 ], [ 8.95489229, 10.30881008 ], [ 8.93571565, 10.3485002 ], [ 8.92583471, 10.3538505 ], [ 8.89869336, 10.35821414 ], [ 8.87019271, 10.35763454 ], [ 8.85036496, 10.37055985 ], [ 8.82352165, 10.38328192 ], [ 8.80550787, 10.40944697 ], [ 8.78422571, 10.42164976 ], [ 8.73986043, 10.42889394 ], [ 8.73371581, 10.43623176 ], [ 8.72921943, 10.45582877 ], [ 8.7386821, 10.46826541 ], [ 8.76956263, 10.47628581 ], [ 8.77140116, 10.49214261 ], [ 8.76746032, 10.51228167 ], [ 8.77940366, 10.56267369 ], [ 8.80020115, 10.58088997 ], [ 8.81689056, 10.60358039 ], [ 8.83541983, 10.64031996 ], [ 8.85245895, 10.6863296 ], [ 8.85521891, 10.7074003 ], [ 8.85127831, 10.72008998 ], [ 8.83798389, 10.73363958 ], [ 8.8215893, 10.76924045 ], [ 8.78564462, 10.79720011 ], [ 8.76937114, 10.82929994 ], [ 8.76461706, 10.86528033 ], [ 8.77262777, 10.90283939 ], [ 8.78574286, 10.92774005 ], [ 8.78970738, 10.94768042 ], [ 8.78017442, 10.98700068 ], [ 8.77815507, 11.01140966 ], [ 8.78845411, 11.05021017 ], [ 8.81035353, 11.09055044 ], [ 8.82749083, 11.10042972 ], [ 8.87450479, 11.08913972 ], [ 8.89621708, 11.10151021 ], [ 8.94736779, 11.17193991 ], [ 8.98268312, 11.19524005 ], [ 9.01530476, 11.22893996 ], [ 9.03299545, 11.25632001 ], [ 9.0762975, 11.28454005 ], [ 9.09704986, 11.29104981 ], [ 9.11169551, 11.30550945 ], [ 9.13336638, 11.31904057 ], [ 9.14235383, 11.32865035 ], [ 9.16117376, 11.33205871 ], [ 9.1935491, 11.35088807 ], [ 9.22494817, 11.3658132 ], [ 9.23907477, 11.36908991 ], [ 9.27903541, 11.37203964 ], [ 9.31306436, 11.36930439 ], [ 9.36884583, 11.34234336 ], [ 9.40174604, 11.32322028 ], [ 9.42410063, 11.31313027 ], [ 9.44657333, 11.30792047 ], [ 9.47565245, 11.31029977 ], [ 9.49998483, 11.33477012 ], [ 9.5280238, 11.34087015 ], [ 9.54678075, 11.33878974 ], [ 9.57035455, 11.32411026 ], [ 9.57642741, 11.30346039 ], [ 9.57675445, 11.27237055 ], [ 9.58226313, 11.25965136 ], [ 9.59562103, 11.25994034 ], [ 9.62861891, 11.25190902 ], [ 9.69943123, 11.25726577 ], [ 9.71747323, 11.26326173 ], [ 9.74898414, 11.26294013 ], [ 9.78980537, 11.27840018 ], [ 9.80144038, 11.2854498 ], [ 9.82489274, 11.28228008 ], [ 9.83458699, 11.25131024 ], [ 9.84646512, 11.23532951 ], [ 9.8657199, 11.18606015 ], [ 9.89293982, 11.15874983 ], [ 9.8825599, 11.14365981 ], [ 9.8628264, 11.1273003 ], [ 9.85365386, 11.10877017 ], [ 9.8562748, 11.08231997 ], [ 9.85293216, 11.0661601 ], [ 9.85440634, 11.03738963 ], [ 9.865819, 10.99939631 ], [ 9.95003053, 10.96370019 ], [ 9.96645854, 10.96045007 ], [ 10.00818915, 10.9676131 ], [ 10.02441658, 10.9774549 ], [ 10.05157009, 10.97596631 ], [ 10.07556476, 10.9891858 ], [ 10.10323985, 10.98167042 ], [ 10.11046052, 10.96333969 ], [ 10.13404009, 10.94750006 ], [ 10.17273991, 10.94221021 ], [ 10.18675993, 10.94468958 ], [ 10.19475003, 10.96436026 ], [ 10.18762975, 10.97348009 ], [ 10.17136289, 10.97857077 ], [ 10.15466974, 10.99036046 ], [ 10.14153007, 11.01438031 ], [ 10.15411002, 11.04331025 ], [ 10.17485998, 11.07464975 ], [ 10.19888755, 11.10067584 ], [ 10.21553021, 11.10393045 ], [ 10.24256986, 11.09389021 ], [ 10.2601299, 11.09410951 ], [ 10.27050019, 11.11034965 ], [ 10.30655805, 11.13145062 ], [ 10.32767033, 11.12946982 ], [ 10.34644423, 11.16284583 ], [ 10.36462035, 11.17942044 ], [ 10.36672039, 11.20248026 ], [ 10.35846059, 11.20812972 ], [ 10.32219616, 11.20419768 ], [ 10.29486001, 11.20599819 ], [ 10.26108951, 11.21352305 ], [ 10.25530978, 11.21840013 ], [ 10.22947981, 11.22500018 ], [ 10.20837999, 11.22704989 ], [ 10.18968991, 11.22220988 ], [ 10.16504966, 11.22766988 ], [ 10.15089032, 11.23785953 ], [ 10.12742992, 11.24102955 ], [ 10.09564969, 11.2567701 ], [ 10.03703992, 11.26297009 ], [ 10.00092007, 11.24641033 ], [ 9.9914884, 11.25205983 ], [ 9.97689871, 11.27691744 ], [ 9.95212639, 11.29917958 ], [ 9.94262726, 11.31379761 ], [ 9.92119218, 11.32373691 ], [ 9.91598196, 11.3378729 ], [ 9.88499933, 11.35669971 ], [ 9.87786462, 11.36696992 ], [ 9.88220774, 11.39926981 ], [ 9.87763166, 11.45377133 ], [ 9.85474938, 11.46135685 ], [ 9.84046972, 11.47551183 ], [ 9.8213384, 11.45484201 ], [ 9.80081642, 11.45159115 ], [ 9.78938831, 11.46150157 ], [ 9.78514664, 11.49826996 ], [ 9.77782986, 11.52581019 ], [ 9.78353905, 11.53969959 ], [ 9.81027309, 11.55844049 ], [ 9.81837196, 11.56774982 ], [ 9.82468704, 11.60167899 ], [ 9.81504534, 11.62620896 ], [ 9.82638604, 11.64474251 ], [ 9.8208657, 11.66450039 ], [ 9.82061357, 11.68844451 ], [ 9.80327829, 11.70061292 ], [ 9.8114407, 11.72130804 ], [ 9.79762538, 11.73498942 ], [ 9.77566924, 11.73833097 ], [ 9.71404205, 11.72056613 ], [ 9.64919844, 11.73151045 ], [ 9.63978381, 11.73599985 ], [ 9.62665102, 11.76002047 ], [ 9.63345743, 11.78083013 ], [ 9.65284405, 11.79296319 ], [ 9.67358417, 11.78701688 ], [ 9.67126211, 11.82232646 ], [ 9.6789316, 11.83737639 ], [ 9.67945514, 11.86185374 ], [ 9.68855035, 11.87266393 ], [ 9.69810689, 11.87452922 ], [ 9.71765424, 11.85660378 ], [ 9.75924837, 11.87629248 ], [ 9.82997161, 11.89026326 ], [ 9.83762185, 11.89354169 ], [ 9.84866774, 11.91893614 ], [ 9.85920843, 11.93209258 ], [ 9.88201239, 11.95044542 ], [ 9.8986301, 11.95214014 ], [ 9.92077819, 11.96162014 ], [ 9.95115876, 11.96774949 ], [ 9.96525764, 11.96331019 ], [ 9.97686876, 11.97265981 ], [ 9.9885634, 11.97396002 ], [ 10.06558971, 11.99790953 ], [ 10.09474019, 12.00978 ], [ 10.09922955, 12.02826049 ], [ 10.12148, 12.02853022 ], [ 10.13074013, 12.03899964 ], [ 10.15414038, 12.04043965 ], [ 10.16422559, 12.05896294 ], [ 10.164272, 12.07334732 ], [ 10.14709831, 12.1264448 ], [ 10.14534425, 12.14892636 ], [ 10.16849057, 12.24864855 ], [ 10.17309717, 12.26122065 ], [ 10.20062245, 12.29979141 ], [ 10.19524076, 12.32947674 ], [ 10.19618977, 12.34026246 ], [ 10.23376592, 12.37699985 ], [ 10.25669961, 12.41934013 ], [ 10.26825052, 12.43445011 ], [ 10.29615017, 12.45436021 ], [ 10.34401981, 12.46760004 ], [ 10.3790102, 12.4732619 ], [ 10.42477992, 12.47087942 ], [ 10.42833984, 12.46632002 ], [ 10.43453048, 12.43414992 ], [ 10.45102957, 12.42399048 ], [ 10.49185012, 12.43945005 ], [ 10.50914955, 12.46498995 ], [ 10.52653992, 12.48132016 ], [ 10.58481989, 12.50736023 ], [ 10.59405054, 12.52013039 ], [ 10.61047003, 12.52145013 ], [ 10.63319966, 12.5143003 ], [ 10.64298874, 12.49822904 ], [ 10.67807634, 12.48756975 ], [ 10.70549645, 12.47327905 ], [ 10.75125057, 12.4614768 ], [ 10.75737403, 12.37516498 ], [ 10.77290531, 12.34032034 ], [ 10.7699913, 12.27980682 ], [ 10.77500869, 12.23599685 ], [ 10.78922406, 12.20115797 ], [ 10.80081519, 12.16504244 ], [ 10.80312184, 12.10321549 ], [ 10.8106824, 12.04651371 ], [ 10.81180902, 12.01044877 ], [ 10.80392047, 12.00147211 ], [ 10.79988351, 11.97831058 ], [ 10.79975508, 11.95255427 ], [ 10.82045333, 11.8985704 ], [ 10.82886746, 11.89329104 ], [ 10.81837106, 11.86602944 ], [ 10.82544986, 11.84904817 ], [ 10.84976386, 11.84045467 ], [ 10.88025122, 11.82523767 ], [ 10.90075451, 11.81901386 ], [ 10.90593809, 11.80580584 ], [ 10.90247088, 11.78228621 ], [ 10.90526883, 11.76956215 ], [ 10.91666409, 11.7572639 ], [ 10.91336036, 11.67442864 ], [ 10.92451972, 11.64416968 ], [ 10.92866046, 11.58563025 ], [ 10.9321301, 11.57118017 ], [ 10.93167004, 11.54115956 ], [ 10.92773989, 11.52560036 ], [ 10.93559005, 11.47455972 ], [ 10.92637579, 11.42956804 ], [ 10.91426246, 11.39432396 ], [ 10.88986434, 11.38079703 ], [ 10.8691776, 11.37777385 ], [ 10.85038016, 11.36452005 ], [ 10.85851005, 11.34930984 ], [ 10.93443027, 11.31039037 ], [ 10.97346999, 11.29364947 ], [ 11.00731555, 11.29586532 ] ] ] ] } },{ "type": "Feature", "properties": { "ucode": "NGA_0016_V1", "uuid": "bbe72e41-2601-4f70-aaa2-854c4eeea8c6", "cnpt_uuid": "6e1fbeac-187c-4267-8c33-d2bac4bc3620", "is_latest": true, "start_date": "2023-09-06T00:00:00Z", "end_date": null, "name": "Gombe", "level": 1, "level_name": "Admin Level 1", "type": "Admin Level 1", "SALB_ID": null, "WFP_ID": "902335", "Source_ID": "NG016", "BrazilStat": null, "UNDP_ID": null, "default": "902335", "Abyei": null, "name_en": "Gombe", "Alternativ": null, "adm0_ucode": "NGA_V1", "adm0_type": "State" }, "geometry": { "type": "MultiPolygon", "coordinates": [ [ [ [ 11.64015034, 10.60904003 ], [ 11.63907435, 10.5621002 ], [ 11.64875003, 10.54318425 ], [ 11.65020094, 10.52929667 ], [ 11.64037027, 10.50006702 ], [ 11.6358664, 10.46573908 ], [ 11.63548015, 10.39455055 ], [ 11.60202036, 10.35658858 ], [ 11.54348672, 10.32611825 ], [ 11.53339479, 10.30510274 ], [ 11.56532302, 10.28739913 ], [ 11.582856, 10.24931331 ], [ 11.58907236, 10.22486467 ], [ 11.60127562, 10.20805705 ], [ 11.66371526, 10.19586158 ], [ 11.69186666, 10.17622397 ], [ 11.71022743, 10.16697138 ], [ 11.73993378, 10.16415037 ], [ 11.7487538, 10.15533088 ], [ 11.75997939, 10.13368136 ], [ 11.80679597, 10.08700382 ], [ 11.81108369, 10.07479449 ], [ 11.83337963, 10.04806977 ], [ 11.84339031, 10.04459005 ], [ 11.84391045, 10.03468141 ], [ 11.85534677, 10.00490756 ], [ 11.85062684, 9.9854669 ], [ 11.85498628, 9.92710473 ], [ 11.84674737, 9.89737615 ], [ 11.83973882, 9.8836613 ], [ 11.83614989, 9.85849868 ], [ 11.84070008, 9.84132481 ], [ 11.8533257, 9.81841289 ], [ 11.85786069, 9.79780768 ], [ 11.83575335, 9.77268709 ], [ 11.81714128, 9.76273199 ], [ 11.80136727, 9.73650372 ], [ 11.784703, 9.72921917 ], [ 11.77290226, 9.706253 ], [ 11.75954896, 9.69729581 ], [ 11.71734692, 9.68403755 ], [ 11.68362599, 9.66319449 ], [ 11.66388151, 9.64836601 ], [ 11.65456945, 9.63694598 ], [ 11.63601398, 9.62897893 ], [ 11.61511705, 9.61529642 ], [ 11.59888721, 9.60961318 ], [ 11.56298648, 9.60511847 ], [ 11.52732305, 9.60823714 ], [ 11.50165576, 9.60754675 ], [ 11.46804805, 9.59847042 ], [ 11.44446587, 9.57615266 ], [ 11.44189361, 9.56043145 ], [ 11.42959875, 9.54962559 ], [ 11.40568433, 9.5445099 ], [ 11.36791447, 9.54769417 ], [ 11.32032487, 9.54891002 ], [ 11.27801446, 9.5473488 ], [ 11.25466625, 9.55434716 ], [ 11.22709009, 9.56936832 ], [ 11.19194233, 9.55811305 ], [ 11.1613471, 9.55102246 ], [ 11.0708559, 9.55124265 ], [ 11.03552601, 9.54868318 ], [ 11.00819282, 9.55210864 ], [ 10.99238201, 9.55928325 ], [ 10.97814106, 9.57461364 ], [ 10.97489369, 9.59289051 ], [ 10.96655489, 9.62944883 ], [ 10.95150287, 9.68362314 ], [ 10.94982434, 9.73620569 ], [ 10.96115307, 9.7657964 ], [ 10.95131165, 9.78890302 ], [ 10.94352116, 9.83727655 ], [ 10.94560302, 9.8674885 ], [ 10.93620058, 9.88349268 ], [ 10.9284646, 9.90982644 ], [ 10.90667627, 9.92053794 ], [ 10.87517827, 9.94052226 ], [ 10.85772336, 9.95571978 ], [ 10.82499031, 9.96996035 ], [ 10.81217183, 9.97933856 ], [ 10.7884454, 10.00612523 ], [ 10.72767174, 10.04153753 ], [ 10.68992436, 10.07140438 ], [ 10.68451299, 10.0805588 ], [ 10.70067216, 10.11225605 ], [ 10.71859631, 10.11499228 ], [ 10.74992823, 10.11455944 ], [ 10.79063317, 10.10970284 ], [ 10.80617712, 10.11528411 ], [ 10.81517491, 10.12883377 ], [ 10.81891742, 10.14406471 ], [ 10.81722643, 10.16948496 ], [ 10.81988338, 10.18114775 ], [ 10.8356294, 10.20409389 ], [ 10.83932681, 10.21516993 ], [ 10.85715982, 10.23568175 ], [ 10.8457453, 10.26693179 ], [ 10.8260634, 10.29367925 ], [ 10.83360771, 10.34081845 ], [ 10.83510417, 10.40211942 ], [ 10.82575472, 10.42022868 ], [ 10.80918553, 10.43430693 ], [ 10.79350405, 10.4599066 ], [ 10.76576412, 10.47762317 ], [ 10.72827423, 10.48616225 ], [ 10.70487525, 10.49452383 ], [ 10.6391899, 10.50226893 ], [ 10.61693972, 10.5083105 ], [ 10.57732105, 10.53761465 ], [ 10.55877617, 10.56089113 ], [ 10.55352722, 10.57363349 ], [ 10.55361965, 10.59519237 ], [ 10.54211055, 10.62899674 ], [ 10.51479185, 10.66533545 ], [ 10.50318123, 10.67608575 ], [ 10.47868107, 10.6878468 ], [ 10.52425969, 10.76143246 ], [ 10.53763814, 10.77136536 ], [ 10.55065518, 10.79256159 ], [ 10.55197637, 10.80636895 ], [ 10.57630077, 10.88555429 ], [ 10.589278, 10.89115035 ], [ 10.59977335, 10.88410498 ], [ 10.61776443, 10.85825511 ], [ 10.62999909, 10.85491922 ], [ 10.64297664, 10.86051565 ], [ 10.64552017, 10.87891659 ], [ 10.63866927, 10.89743598 ], [ 10.61548912, 10.92653184 ], [ 10.60294997, 10.96240533 ], [ 10.61022686, 10.98420264 ], [ 10.61855624, 10.99446573 ], [ 10.64815545, 11.01713203 ], [ 10.67049021, 11.01915265 ], [ 10.68833513, 11.0408164 ], [ 10.71220943, 11.0773801 ], [ 10.73237912, 11.09671038 ], [ 10.76195347, 11.11707192 ], [ 10.77959169, 11.11915289 ], [ 10.79363429, 11.11436671 ], [ 10.8226975, 11.08634826 ], [ 10.83681057, 11.07789022 ], [ 10.84920667, 11.07876995 ], [ 10.86663446, 11.08855652 ], [ 10.87458337, 11.10642838 ], [ 10.89717364, 11.13263983 ], [ 10.90436575, 11.14637382 ], [ 10.92446133, 11.15879165 ], [ 10.97071939, 11.20198456 ], [ 11.00044038, 11.23616995 ], [ 11.02327524, 11.28541954 ], [ 11.02217386, 11.29234592 ], [ 11.00731555, 11.29586532 ], [ 11.02830024, 11.29864979 ], [ 11.03686998, 11.30652048 ], [ 11.05126011, 11.30651017 ], [ 11.07867994, 11.31248016 ], [ 11.09206974, 11.29989985 ], [ 11.13031966, 11.27865039 ], [ 11.14101038, 11.27807978 ], [ 11.15497944, 11.26887039 ], [ 11.17850016, 11.26621982 ], [ 11.20724968, 11.25924023 ], [ 11.23793055, 11.24269952 ], [ 11.27019995, 11.24209949 ], [ 11.28655981, 11.25333968 ], [ 11.30908982, 11.24505981 ], [ 11.34893972, 11.16452028 ], [ 11.36518969, 11.12716965 ], [ 11.38592988, 11.10182 ], [ 11.39873969, 11.09280024 ], [ 11.43485348, 11.05590832 ], [ 11.44856145, 11.04665659 ], [ 11.47054548, 11.02164582 ], [ 11.48254107, 11.00278162 ], [ 11.51341534, 10.96869562 ], [ 11.53036236, 10.93486668 ], [ 11.53100409, 10.90414048 ], [ 11.52867437, 10.87682361 ], [ 11.5390747, 10.85096282 ], [ 11.53617752, 10.82305312 ], [ 11.52873906, 10.79039745 ], [ 11.52651791, 10.75786426 ], [ 11.51661518, 10.73211296 ], [ 11.51507077, 10.69495401 ], [ 11.52418535, 10.66000642 ], [ 11.51341994, 10.6073293 ], [ 11.51272082, 10.585271 ], [ 11.51651373, 10.57027813 ], [ 11.52758954, 10.56763453 ], [ 11.55152866, 10.58791173 ], [ 11.58330747, 10.59386916 ], [ 11.6022578, 10.60301015 ], [ 11.64015034, 10.60904003 ] ] ] ] } },{ "type": "Feature", "properties": { "ucode": "NGA_0032_V1", "uuid": "f1162258-73ba-4e2d-b066-8e04d5ae7c5b", "cnpt_uuid": "00f402ab-2f12-40f1-bb96-3ba6cef5f55b", "is_latest": true, "start_date": "2023-09-06T00:00:00Z", "end_date": null, "name": "Plateau", "level": 1, "level_name": "Admin Level 1", "type": "Admin Level 1", "SALB_ID": null, "WFP_ID": "902351", "Source_ID": "NG032", "BrazilStat": null, "UNDP_ID": null, "default": "902351", "Abyei": null, "name_en": "Plateau", "Alternativ": null, "adm0_ucode": "NGA_V1", "adm0_type": "State" }, "geometry": { "type": "MultiPolygon", "coordinates": [ [ [ [ 8.82352165, 10.38328192 ], [ 8.85036496, 10.37055985 ], [ 8.87019271, 10.35763454 ], [ 8.89869336, 10.35821414 ], [ 8.92583471, 10.3538505 ], [ 8.93571565, 10.3485002 ], [ 8.95489229, 10.30881008 ], [ 8.95386048, 10.2894604 ], [ 8.93561189, 10.26741054 ], [ 8.93641396, 10.25006983 ], [ 8.93124659, 10.24511171 ], [ 8.93032671, 10.21504965 ], [ 8.97387582, 10.1899596 ], [ 8.9781668, 10.18049975 ], [ 8.97713468, 10.16114998 ], [ 8.97181151, 10.1512606 ], [ 8.97435767, 10.1378605 ], [ 8.96357088, 10.07945993 ], [ 8.96097262, 10.05231938 ], [ 8.9544391, 10.02692998 ], [ 8.97822594, 10.01255027 ], [ 8.99763316, 10.00954987 ], [ 9.02043912, 10.0163498 ], [ 9.04744842, 10.01562009 ], [ 9.09122738, 10.0272199 ], [ 9.12545562, 10.03940892 ], [ 9.16358276, 10.04586958 ], [ 9.21751099, 10.04634018 ], [ 9.24706546, 10.0322104 ], [ 9.2597618, 10.00767022 ], [ 9.26503259, 9.97701818 ], [ 9.27965041, 9.95257078 ], [ 9.29167001, 9.9009809 ], [ 9.28688145, 9.87953257 ], [ 9.27771304, 9.86947351 ], [ 9.27126869, 9.84216024 ], [ 9.25355448, 9.80855537 ], [ 9.21241082, 9.7816327 ], [ 9.15955082, 9.75804909 ], [ 9.15218347, 9.74476123 ], [ 9.19428851, 9.71519008 ], [ 9.21167848, 9.70057009 ], [ 9.24003218, 9.68183876 ], [ 9.24883633, 9.70013894 ], [ 9.27129066, 9.71667855 ], [ 9.27933891, 9.70931421 ], [ 9.29449064, 9.67330748 ], [ 9.28458007, 9.63611206 ], [ 9.29541599, 9.62567515 ], [ 9.32014871, 9.61846231 ], [ 9.32269481, 9.60506163 ], [ 9.31874639, 9.58763255 ], [ 9.32263591, 9.57978765 ], [ 9.35634224, 9.57231973 ], [ 9.36982134, 9.55973244 ], [ 9.39476767, 9.54648611 ], [ 9.40424147, 9.50829596 ], [ 9.42278857, 9.50001997 ], [ 9.46381775, 9.47544354 ], [ 9.48279544, 9.4763612 ], [ 9.49137054, 9.50271074 ], [ 9.49055393, 9.5280973 ], [ 9.50875008, 9.53996358 ], [ 9.5192628, 9.51911628 ], [ 9.55082239, 9.50515158 ], [ 9.56428142, 9.50574945 ], [ 9.64587997, 9.52407283 ], [ 9.66006655, 9.51772511 ], [ 9.68689846, 9.52084625 ], [ 9.70393582, 9.52739448 ], [ 9.74175953, 9.53479074 ], [ 9.74694325, 9.54225907 ], [ 9.77769934, 9.55120459 ], [ 9.81684769, 9.59343912 ], [ 9.85355395, 9.60674498 ], [ 9.88154128, 9.60766248 ], [ 9.90677544, 9.61179141 ], [ 9.94210411, 9.60903922 ], [ 9.95386089, 9.61117724 ], [ 9.96044014, 9.62229724 ], [ 9.95481207, 9.64773167 ], [ 9.93974042, 9.69296032 ], [ 9.93506889, 9.72215754 ], [ 9.94653104, 9.74848947 ], [ 9.96574763, 9.7738334 ], [ 10.0030899, 9.76654624 ], [ 10.00876978, 9.76872946 ], [ 10.05778115, 9.75983212 ], [ 10.08290024, 9.74885461 ], [ 10.13039006, 9.72200485 ], [ 10.14081013, 9.70509355 ], [ 10.14983294, 9.68163313 ], [ 10.19036257, 9.68753069 ], [ 10.25587247, 9.68825521 ], [ 10.26440049, 9.68351849 ], [ 10.29738988, 9.65220069 ], [ 10.32686042, 9.63999548 ], [ 10.35300993, 9.61606006 ], [ 10.38274935, 9.59807485 ], [ 10.42383965, 9.5844546 ], [ 10.45339988, 9.57032382 ], [ 10.46537966, 9.56120413 ], [ 10.48890015, 9.55259488 ], [ 10.49967018, 9.5279771 ], [ 10.51632707, 9.51056111 ], [ 10.51848575, 9.50377069 ], [ 10.54165736, 9.48228859 ], [ 10.56614962, 9.4652918 ], [ 10.57894018, 9.43883325 ], [ 10.57835025, 9.40984922 ], [ 10.56358994, 9.39568039 ], [ 10.56037022, 9.38202404 ], [ 10.56658008, 9.37264727 ], [ 10.55986979, 9.35111314 ], [ 10.57806968, 9.33261678 ], [ 10.58088045, 9.31343755 ], [ 10.57775033, 9.29785339 ], [ 10.58014953, 9.24583631 ], [ 10.59660997, 9.22340086 ], [ 10.5999068, 9.19598081 ], [ 10.61423681, 9.18278509 ], [ 10.6103698, 9.17574965 ], [ 10.6177398, 9.14132812 ], [ 10.63366024, 9.13045223 ], [ 10.63612001, 9.11897783 ], [ 10.62252499, 9.09402964 ], [ 10.63791648, 9.08177364 ], [ 10.63744748, 9.05580167 ], [ 10.62722595, 9.01900941 ], [ 10.59674635, 8.97611613 ], [ 10.56624712, 8.96955394 ], [ 10.5097769, 8.96874353 ], [ 10.46380721, 8.96321578 ], [ 10.42020622, 8.94395376 ], [ 10.39719686, 8.92388745 ], [ 10.38052657, 8.91448712 ], [ 10.36914719, 8.90186402 ], [ 10.34109693, 8.87984068 ], [ 10.32507632, 8.85662952 ], [ 10.29189683, 8.83437555 ], [ 10.24863613, 8.80820849 ], [ 10.23570714, 8.79205627 ], [ 10.22407608, 8.78461146 ], [ 10.18814639, 8.74839414 ], [ 10.18034757, 8.73247143 ], [ 10.17042759, 8.72510532 ], [ 10.11644734, 8.67250346 ], [ 10.0971756, 8.64568612 ], [ 10.06620708, 8.6131507 ], [ 10.05182753, 8.59174258 ], [ 10.00417721, 8.54980648 ], [ 9.99775715, 8.54086784 ], [ 9.97132684, 8.52064802 ], [ 9.95010666, 8.498932 ], [ 9.92026328, 8.47855764 ], [ 9.89091415, 8.44782543 ], [ 9.86944677, 8.43128964 ], [ 9.85602547, 8.42549509 ], [ 9.8214463, 8.40279116 ], [ 9.75665456, 8.36734187 ], [ 9.7110627, 8.37327095 ], [ 9.66438009, 8.38278112 ], [ 9.62147549, 8.38899317 ], [ 9.60886811, 8.40215731 ], [ 9.57599752, 8.42373073 ], [ 9.56049555, 8.43124011 ], [ 9.52969271, 8.42380028 ], [ 9.49162428, 8.43087061 ], [ 9.42067403, 8.46230343 ], [ 9.37791525, 8.48574132 ], [ 9.34594881, 8.49185473 ], [ 9.31867362, 8.48673318 ], [ 9.30126732, 8.47505181 ], [ 9.26391056, 8.45959483 ], [ 9.21199406, 8.45728884 ], [ 9.18261736, 8.46756751 ], [ 9.17492597, 8.46722595 ], [ 9.15247546, 8.45271576 ], [ 9.13239409, 8.42865755 ], [ 9.12152689, 8.43822491 ], [ 9.10109351, 8.4388513 ], [ 9.09680294, 8.44831377 ], [ 9.10318874, 8.46423341 ], [ 9.10141267, 8.47361469 ], [ 9.08010969, 8.48804657 ], [ 9.0699349, 8.48766126 ], [ 9.05987471, 8.49686722 ], [ 9.05916217, 8.51228034 ], [ 9.04936036, 8.51966575 ], [ 9.0367763, 8.51251495 ], [ 9.0194703, 8.50987524 ], [ 8.99061898, 8.52110572 ], [ 8.97900406, 8.53058432 ], [ 8.9749659, 8.54135895 ], [ 8.98738275, 8.56452269 ], [ 8.98102199, 8.57820331 ], [ 8.98343154, 8.59658063 ], [ 8.97779476, 8.60519112 ], [ 8.95831004, 8.61224558 ], [ 8.95117642, 8.62131208 ], [ 8.94024388, 8.66723072 ], [ 8.93479905, 8.66788107 ], [ 8.91394714, 8.6861762 ], [ 8.91073806, 8.70299341 ], [ 8.8921368, 8.73293029 ], [ 8.89603342, 8.74827953 ], [ 8.90441026, 8.75503416 ], [ 8.90108861, 8.7639466 ], [ 8.91696621, 8.78366343 ], [ 8.93270957, 8.7855083 ], [ 8.94514648, 8.79955984 ], [ 8.95059667, 8.81577665 ], [ 8.94979867, 8.83560751 ], [ 8.95878997, 8.84952187 ], [ 8.97399441, 8.85405759 ], [ 8.9895542, 8.85088703 ], [ 9.01061645, 8.85375319 ], [ 9.02354128, 8.86590952 ], [ 9.03182056, 8.89523509 ], [ 9.04447763, 8.9131716 ], [ 9.04595553, 8.92288991 ], [ 9.07189482, 8.94527706 ], [ 9.0670691, 8.96629832 ], [ 9.07073792, 8.98784065 ], [ 9.06696301, 9.00792699 ], [ 9.0567057, 9.02375298 ], [ 9.04499036, 9.02709371 ], [ 8.96681588, 9.01504214 ], [ 8.92411894, 9.015936 ], [ 8.8502495, 9.03003051 ], [ 8.79815486, 9.03157833 ], [ 8.78948294, 9.05242816 ], [ 8.79943843, 9.07115627 ], [ 8.79190261, 9.08342359 ], [ 8.78018862, 9.08676551 ], [ 8.76006889, 9.10517713 ], [ 8.76752277, 9.13628551 ], [ 8.76499837, 9.16524126 ], [ 8.74899205, 9.17804349 ], [ 8.7080784, 9.18780972 ], [ 8.68701568, 9.18494441 ], [ 8.66752124, 9.18986961 ], [ 8.65692605, 9.21063643 ], [ 8.65709945, 9.22649911 ], [ 8.64221974, 9.23700911 ], [ 8.63591686, 9.24831311 ], [ 8.64307282, 9.260214 ], [ 8.65810018, 9.26860222 ], [ 8.67155923, 9.26920044 ], [ 8.68439589, 9.28328336 ], [ 8.6875284, 9.29886706 ], [ 8.69808575, 9.32057106 ], [ 8.68941484, 9.34142217 ], [ 8.69541254, 9.37836764 ], [ 8.68727674, 9.38765924 ], [ 8.66952488, 9.39652343 ], [ 8.6483745, 9.39558395 ], [ 8.63183319, 9.41994593 ], [ 8.61766176, 9.43476087 ], [ 8.60224273, 9.47654736 ], [ 8.58623437, 9.48156745 ], [ 8.57028768, 9.49861002 ], [ 8.56137755, 9.5268562 ], [ 8.55364975, 9.56898402 ], [ 8.55503851, 9.58062962 ], [ 8.56586337, 9.59655385 ], [ 8.56662868, 9.62168411 ], [ 8.55366627, 9.65199667 ], [ 8.56247793, 9.66976233 ], [ 8.58765332, 9.66701906 ], [ 8.59655463, 9.68285822 ], [ 8.59776427, 9.69835546 ], [ 8.59284992, 9.72130378 ], [ 8.59956292, 9.73793603 ], [ 8.61546522, 9.74239662 ], [ 8.63715017, 9.76633618 ], [ 8.63220766, 9.78767616 ], [ 8.62882733, 9.85996732 ], [ 8.61814335, 9.88265904 ], [ 8.6196212, 9.89237684 ], [ 8.63585767, 9.91626371 ], [ 8.63322166, 9.93159126 ], [ 8.61082354, 9.9576228 ], [ 8.61771286, 9.97530342 ], [ 8.63483973, 9.9799254 ], [ 8.66176034, 9.98112012 ], [ 8.67302969, 9.98741261 ], [ 8.67991918, 10.00508976 ], [ 8.67263599, 10.03759011 ], [ 8.64979251, 10.07324977 ], [ 8.64514444, 10.09041971 ], [ 8.63106168, 10.10330956 ], [ 8.6281586, 10.12441997 ], [ 8.63303664, 10.14394017 ], [ 8.64395041, 10.1579399 ], [ 8.64829246, 10.18902034 ], [ 8.64601343, 10.19664018 ], [ 8.65491601, 10.21247968 ], [ 8.69579237, 10.24518008 ], [ 8.71046238, 10.26127998 ], [ 8.73642819, 10.27502279 ], [ 8.78261595, 10.29151779 ], [ 8.79738034, 10.32567663 ], [ 8.79613342, 10.35250838 ], [ 8.77648336, 10.37524075 ], [ 8.77336414, 10.39507029 ], [ 8.79338922, 10.38465013 ], [ 8.82352165, 10.38328192 ] ] ] ] } },{ "type": "Feature", "properties": { "ucode": "NGA_0019_V1", "uuid": "fe86153d-b4dd-4ebe-a553-271a4c854b26", "cnpt_uuid": "254907ee-d088-4b43-b2bc-c1cf6773c6ee", "is_latest": true, "start_date": "2023-09-06T00:00:00Z", "end_date": null, "name": "Kaduna", "level": 1, "level_name": "Admin Level 1", "type": "Admin Level 1", "SALB_ID": null, "WFP_ID": "902338", "Source_ID": "NG019", "BrazilStat": null, "UNDP_ID": null, "default": "902338", "Abyei": null, "name_en": "Kaduna", "Alternativ": null, "adm0_ucode": "NGA_V1", "adm0_type": "State" }, "geometry": { "type": "MultiPolygon", "coordinates": [ [ [ [ 8.77940366, 10.56267369 ], [ 8.76746032, 10.51228167 ], [ 8.77140116, 10.49214261 ], [ 8.76956263, 10.47628581 ], [ 8.7386821, 10.46826541 ], [ 8.72921943, 10.45582877 ], [ 8.73371581, 10.43623176 ], [ 8.73986043, 10.42889394 ], [ 8.78422571, 10.42164976 ], [ 8.80550787, 10.40944697 ], [ 8.82352165, 10.38328192 ], [ 8.79338922, 10.38465013 ], [ 8.77336414, 10.39507029 ], [ 8.77648336, 10.37524075 ], [ 8.79613342, 10.35250838 ], [ 8.79738034, 10.32567663 ], [ 8.78261595, 10.29151779 ], [ 8.73642819, 10.27502279 ], [ 8.71046238, 10.26127998 ], [ 8.69579237, 10.24518008 ], [ 8.65491601, 10.21247968 ], [ 8.64601343, 10.19664018 ], [ 8.64829246, 10.18902034 ], [ 8.64395041, 10.1579399 ], [ 8.63303664, 10.14394017 ], [ 8.6281586, 10.12441997 ], [ 8.63106168, 10.10330956 ], [ 8.64514444, 10.09041971 ], [ 8.64979251, 10.07324977 ], [ 8.67263599, 10.03759011 ], [ 8.67991918, 10.00508976 ], [ 8.67302969, 9.98741261 ], [ 8.66176034, 9.98112012 ], [ 8.63483973, 9.9799254 ], [ 8.61771286, 9.97530342 ], [ 8.61082354, 9.9576228 ], [ 8.63322166, 9.93159126 ], [ 8.63585767, 9.91626371 ], [ 8.6196212, 9.89237684 ], [ 8.61814335, 9.88265904 ], [ 8.62882733, 9.85996732 ], [ 8.63220766, 9.78767616 ], [ 8.63715017, 9.76633618 ], [ 8.61546522, 9.74239662 ], [ 8.59956292, 9.73793603 ], [ 8.59284992, 9.72130378 ], [ 8.59776427, 9.69835546 ], [ 8.59655463, 9.68285822 ], [ 8.58765332, 9.66701906 ], [ 8.56247793, 9.66976233 ], [ 8.55366627, 9.65199667 ], [ 8.56662868, 9.62168411 ], [ 8.56586337, 9.59655385 ], [ 8.55503851, 9.58062962 ], [ 8.55364975, 9.56898402 ], [ 8.56137755, 9.5268562 ], [ 8.57028768, 9.49861002 ], [ 8.58623437, 9.48156745 ], [ 8.60224273, 9.47654736 ], [ 8.61766176, 9.43476087 ], [ 8.63183319, 9.41994593 ], [ 8.6483745, 9.39558395 ], [ 8.66952488, 9.39652343 ], [ 8.68727674, 9.38765924 ], [ 8.69541254, 9.37836764 ], [ 8.68941484, 9.34142217 ], [ 8.69808575, 9.32057106 ], [ 8.6875284, 9.29886706 ], [ 8.68439589, 9.28328336 ], [ 8.67155923, 9.26920044 ], [ 8.65810018, 9.26860222 ], [ 8.64307282, 9.260214 ], [ 8.63591686, 9.24831311 ], [ 8.64221974, 9.23700911 ], [ 8.65709945, 9.22649911 ], [ 8.6511085, 9.20639508 ], [ 8.62644811, 9.19189231 ], [ 8.62424866, 9.14956675 ], [ 8.6111724, 9.10594363 ], [ 8.59452338, 9.09153626 ], [ 8.56683353, 9.06083111 ], [ 8.55949031, 9.02895071 ], [ 8.55413147, 9.02035884 ], [ 8.53326142, 9.00437764 ], [ 8.50434616, 9.00143137 ], [ 8.49065797, 9.03773512 ], [ 8.47656159, 9.05535414 ], [ 8.47391894, 9.0729733 ], [ 8.44660864, 9.11261733 ], [ 8.39582697, 9.16222813 ], [ 8.3806737, 9.18179289 ], [ 8.33950685, 9.18896307 ], [ 8.29440578, 9.20457373 ], [ 8.28085347, 9.20546525 ], [ 8.26178472, 9.19870137 ], [ 8.24813864, 9.18224898 ], [ 8.25587959, 9.17868992 ], [ 8.23825958, 9.13992676 ], [ 8.21535471, 9.11966494 ], [ 8.1604165, 9.06660459 ], [ 8.14311509, 9.05447296 ], [ 8.12813851, 9.04918758 ], [ 8.10787698, 9.05271163 ], [ 8.10082839, 9.08090219 ], [ 8.09859071, 9.16277995 ], [ 8.10612844, 9.17381414 ], [ 8.11412542, 9.2025478 ], [ 8.11490949, 9.22434566 ], [ 8.09363659, 9.24151219 ], [ 8.06356531, 9.2722275 ], [ 8.04576755, 9.27735808 ], [ 8.00083809, 9.30643089 ], [ 7.9973148, 9.32493124 ], [ 8.00171943, 9.34078813 ], [ 7.99907689, 9.35400279 ], [ 7.9805767, 9.37074076 ], [ 7.93828939, 9.40333642 ], [ 7.9206705, 9.40509867 ], [ 7.90393186, 9.39188463 ], [ 7.88983654, 9.37426446 ], [ 7.85462639, 9.31999641 ], [ 7.83388242, 9.31078441 ], [ 7.82063368, 9.31302128 ], [ 7.80218541, 9.32543668 ], [ 7.73778936, 9.34778872 ], [ 7.72987372, 9.33188155 ], [ 7.67238916, 9.41127755 ], [ 7.58987508, 9.43160724 ], [ 7.50975267, 9.36105137 ], [ 7.47626944, 9.37061887 ], [ 7.41767217, 9.36703094 ], [ 7.38816844, 9.34982298 ], [ 7.37648739, 9.36332989 ], [ 7.36038866, 9.36702164 ], [ 7.33532655, 9.36116309 ], [ 7.32124225, 9.36659815 ], [ 7.28008515, 9.35087328 ], [ 7.2703019, 9.34940523 ], [ 7.25463098, 9.36278844 ], [ 7.25625554, 9.37578577 ], [ 7.26979535, 9.39203357 ], [ 7.28983397, 9.40936375 ], [ 7.28950581, 9.42543722 ], [ 7.27466952, 9.44077577 ], [ 7.25463092, 9.4413173 ], [ 7.23784147, 9.43698527 ], [ 7.22159437, 9.44781688 ], [ 7.22430218, 9.46027251 ], [ 7.21347058, 9.48518565 ], [ 7.21130434, 9.50089184 ], [ 7.2273268, 9.49492441 ], [ 7.23910294, 9.51847634 ], [ 7.26097257, 9.52688782 ], [ 7.2851713, 9.55420909 ], [ 7.29406489, 9.59409691 ], [ 7.33366661, 9.60666198 ], [ 7.34352159, 9.62264888 ], [ 7.33873087, 9.63695998 ], [ 7.31144105, 9.66904057 ], [ 7.28284205, 9.68418105 ], [ 7.28873012, 9.70605083 ], [ 7.28031865, 9.72455585 ], [ 7.27106616, 9.73212649 ], [ 7.24499087, 9.73212616 ], [ 7.22480361, 9.73885526 ], [ 7.20473996, 9.75829578 ], [ 7.21050419, 9.7800712 ], [ 7.23153246, 9.79100603 ], [ 7.25172008, 9.79437048 ], [ 7.27358972, 9.78343573 ], [ 7.28536555, 9.78932381 ], [ 7.2929359, 9.81119326 ], [ 7.28873008, 9.84063326 ], [ 7.30050619, 9.86250386 ], [ 7.29545926, 9.8717568 ], [ 7.2979827, 9.89867311 ], [ 7.2853656, 9.93315972 ], [ 7.28620678, 9.94998285 ], [ 7.2810754, 9.96499435 ], [ 7.28108415, 9.99373707 ], [ 7.27779529, 10.0164329 ], [ 7.27022491, 10.02820855 ], [ 7.25406691, 10.03922654 ], [ 7.23237359, 10.04334902 ], [ 7.21601592, 10.03740792 ], [ 7.20713952, 10.04166684 ], [ 7.18863439, 10.02736752 ], [ 7.16676469, 10.03325565 ], [ 7.13816596, 10.03577872 ], [ 7.1053616, 10.02652639 ], [ 7.06498675, 10.04250817 ], [ 7.03386399, 10.04419063 ], [ 7.01872353, 10.03830263 ], [ 7.00778865, 10.04503146 ], [ 6.95227324, 10.04755522 ], [ 6.94049752, 10.06101301 ], [ 6.91442214, 10.07783582 ], [ 6.90117889, 10.07638158 ], [ 6.88208815, 10.11711117 ], [ 6.88530115, 10.15084471 ], [ 6.89493899, 10.15807316 ], [ 6.92144434, 10.19100406 ], [ 6.92867265, 10.18056269 ], [ 6.9423269, 10.18056317 ], [ 6.95447246, 10.19199845 ], [ 6.97043885, 10.23277023 ], [ 6.98248682, 10.24401471 ], [ 6.98488896, 10.23681425 ], [ 7.0025664, 10.24722753 ], [ 7.00818865, 10.24240794 ], [ 7.01943303, 10.27373246 ], [ 7.03228412, 10.28738672 ], [ 7.04593844, 10.29140261 ], [ 7.05075748, 10.31710424 ], [ 7.03389084, 10.34360996 ], [ 7.02023653, 10.35405173 ], [ 6.99694408, 10.35646069 ], [ 6.97721375, 10.36482978 ], [ 6.93429513, 10.36127924 ], [ 6.9230509, 10.38216294 ], [ 6.93831103, 10.43356707 ], [ 6.95437487, 10.46248125 ], [ 6.95351988, 10.48217877 ], [ 6.93590154, 10.50023155 ], [ 6.91260916, 10.53798086 ], [ 6.86910236, 10.55535696 ], [ 6.85638612, 10.53798116 ], [ 6.84433844, 10.52834321 ], [ 6.83550313, 10.53798116 ], [ 6.841929, 10.57251839 ], [ 6.83510171, 10.59581111 ], [ 6.82947931, 10.59982677 ], [ 6.82947928, 10.62472507 ], [ 6.81662836, 10.63837907 ], [ 6.80297416, 10.64319899 ], [ 6.78530397, 10.63918306 ], [ 6.75879921, 10.64560813 ], [ 6.72908126, 10.64882082 ], [ 6.71382053, 10.63436341 ], [ 6.72426164, 10.61749658 ], [ 6.73149069, 10.59661375 ], [ 6.7258683, 10.58938505 ], [ 6.70984561, 10.5875358 ], [ 6.64706993, 10.5934296 ], [ 6.58691698, 10.57412463 ], [ 6.57406563, 10.55725748 ], [ 6.55610072, 10.5469407 ], [ 6.5403318, 10.54521006 ], [ 6.5215932, 10.57283488 ], [ 6.52426814, 10.59500679 ], [ 6.51382671, 10.60544851 ], [ 6.49374722, 10.61428336 ], [ 6.45037508, 10.59500723 ], [ 6.43913027, 10.59259823 ], [ 6.41824761, 10.57653456 ], [ 6.39656167, 10.57251833 ], [ 6.39013583, 10.55484792 ], [ 6.37005608, 10.53235905 ], [ 6.32588109, 10.50505047 ], [ 6.30660437, 10.48898684 ], [ 6.29857254, 10.47051307 ], [ 6.26323212, 10.45685933 ], [ 6.25439727, 10.44320479 ], [ 6.24957791, 10.42151927 ], [ 6.22869526, 10.41750359 ], [ 6.21688306, 10.39470569 ], [ 6.20138694, 10.38698196 ], [ 6.1684562, 10.38376889 ], [ 6.15409714, 10.40997148 ], [ 6.14918006, 10.4504339 ], [ 6.13231271, 10.46408774 ], [ 6.10500419, 10.4568594 ], [ 6.09054718, 10.48095497 ], [ 6.08653126, 10.51549154 ], [ 6.09135021, 10.52272036 ], [ 6.0929565, 10.54601285 ], [ 6.12106802, 10.55324145 ], [ 6.12749376, 10.56930565 ], [ 6.12749383, 10.5934008 ], [ 6.11464252, 10.59902266 ], [ 6.11303614, 10.61267772 ], [ 6.1202649, 10.62713501 ], [ 6.12508404, 10.64962377 ], [ 6.13713226, 10.66970363 ], [ 6.13552573, 10.6777353 ], [ 6.11865848, 10.68416137 ], [ 6.11143026, 10.69540613 ], [ 6.09135006, 10.70022488 ], [ 6.09135013, 10.70825654 ], [ 6.1033978, 10.71869873 ], [ 6.11303617, 10.73958087 ], [ 6.10821733, 10.75966082 ], [ 6.09938181, 10.77090575 ], [ 6.11062675, 10.79660675 ], [ 6.10821716, 10.81347445 ], [ 6.12106798, 10.81427743 ], [ 6.13109841, 10.82403958 ], [ 6.1186585, 10.83757033 ], [ 6.13713216, 10.85202671 ], [ 6.15456248, 10.85539415 ], [ 6.16130064, 10.8661348 ], [ 6.18900497, 10.87156132 ], [ 6.20596209, 10.86342122 ], [ 6.21749249, 10.88851857 ], [ 6.2263103, 10.89530078 ], [ 6.22359756, 10.9109011 ], [ 6.23377131, 10.94549395 ], [ 6.24530219, 10.9482067 ], [ 6.26361551, 10.96584222 ], [ 6.27718174, 10.9658421 ], [ 6.2826075, 10.97737202 ], [ 6.30906061, 11.00925182 ], [ 6.32262601, 11.0173911 ], [ 6.32330416, 11.02553084 ], [ 6.36386966, 11.02003378 ], [ 6.3748536, 11.03095648 ], [ 6.392489, 11.03366935 ], [ 6.41148093, 11.03027828 ], [ 6.41999628, 11.01412669 ], [ 6.43929012, 10.9983987 ], [ 6.44675113, 11.00382534 ], [ 6.46370827, 11.00111202 ], [ 6.47184755, 11.02146037 ], [ 6.5077964, 11.01332084 ], [ 6.51729251, 11.02620862 ], [ 6.54849293, 11.02824296 ], [ 6.57562454, 11.02349594 ], [ 6.60682535, 11.04723572 ], [ 6.64548729, 11.04859181 ], [ 6.66787044, 11.06215788 ], [ 6.67600956, 11.05740903 ], [ 6.69160996, 11.07300927 ], [ 6.68686193, 11.09064487 ], [ 6.70653205, 11.09539294 ], [ 6.71602816, 11.10624591 ], [ 6.70653198, 11.12184602 ], [ 6.72213258, 11.1408379 ], [ 6.7336635, 11.14761995 ], [ 6.73162832, 11.1611863 ], [ 6.7424637, 11.17453284 ], [ 6.73298504, 11.20188342 ], [ 6.74349827, 11.21680546 ], [ 6.74553337, 11.24325824 ], [ 6.75435113, 11.26292826 ], [ 6.78351695, 11.28124148 ], [ 6.80861319, 11.30023407 ], [ 6.81616486, 11.30998061 ], [ 6.82836591, 11.3075401 ], [ 6.86415566, 11.34007667 ], [ 6.87473019, 11.36447901 ], [ 6.888558, 11.38074688 ], [ 6.91928911, 11.38307937 ], [ 6.94043913, 11.37285973 ], [ 6.96160075, 11.35803011 ], [ 6.97568809, 11.35696982 ], [ 7.00619303, 11.36178958 ], [ 7.01324597, 11.3572304 ], [ 7.02385808, 11.33657004 ], [ 7.02156197, 11.3146695 ], [ 7.00869998, 11.2938407 ], [ 6.97825375, 11.26366998 ], [ 6.96773389, 11.24516958 ], [ 7.00411614, 11.24656944 ], [ 7.03585198, 11.22720989 ], [ 7.04406222, 11.22957043 ], [ 7.07344019, 11.21479056 ], [ 7.09578339, 11.19652002 ], [ 7.0957942, 11.19191004 ], [ 7.12755285, 11.16217057 ], [ 7.14638086, 11.14156994 ], [ 7.15812589, 11.13819025 ], [ 7.18626794, 11.14990971 ], [ 7.20619294, 11.16156023 ], [ 7.2354789, 11.18596001 ], [ 7.23427309, 11.1997804 ], [ 7.20044618, 11.25261924 ], [ 7.21384841, 11.26901424 ], [ 7.24777522, 11.27437307 ], [ 7.26984266, 11.28305137 ], [ 7.29335285, 11.28234095 ], [ 7.32149352, 11.26977672 ], [ 7.3562481, 11.26707386 ], [ 7.36433598, 11.29284002 ], [ 7.36429326, 11.3112696 ], [ 7.37010999, 11.33320036 ], [ 7.38881312, 11.36559025 ], [ 7.39347612, 11.37944997 ], [ 7.42393994, 11.40155004 ], [ 7.43918507, 11.40740979 ], [ 7.46969195, 11.41108059 ], [ 7.48966886, 11.40085033 ], [ 7.49086804, 11.39048946 ], [ 7.50705552, 11.356015 ], [ 7.53013729, 11.36097416 ], [ 7.55651573, 11.34878465 ], [ 7.57757438, 11.32922771 ], [ 7.60024335, 11.32070531 ], [ 7.62714739, 11.28400626 ], [ 7.6474933, 11.28283002 ], [ 7.66605772, 11.29226296 ], [ 7.67128952, 11.29991793 ], [ 7.71085509, 11.31362353 ], [ 7.74663902, 11.31738762 ], [ 7.75318263, 11.3298304 ], [ 7.74632043, 11.34538475 ], [ 7.75275918, 11.36281735 ], [ 7.76513632, 11.37490257 ], [ 7.77746595, 11.37183299 ], [ 7.78414593, 11.37752823 ], [ 7.83764978, 11.376673 ], [ 7.86955406, 11.38444893 ], [ 7.88238738, 11.40048385 ], [ 7.8927154, 11.40450152 ], [ 7.93715217, 11.44169782 ], [ 7.94580529, 11.45891177 ], [ 7.9667933, 11.45711359 ], [ 7.98363582, 11.46800034 ], [ 8.03363422, 11.48494623 ], [ 8.05265603, 11.48060515 ], [ 8.0817489, 11.49185239 ], [ 8.10192983, 11.50906158 ], [ 8.12052097, 11.51549121 ], [ 8.14884112, 11.51356161 ], [ 8.15896587, 11.5083968 ], [ 8.16953133, 11.48727011 ], [ 8.16485686, 11.45176977 ], [ 8.14267274, 11.41957018 ], [ 8.13080214, 11.39237968 ], [ 8.13598824, 11.37740034 ], [ 8.16357829, 11.3549902 ], [ 8.18739127, 11.34060929 ], [ 8.20080767, 11.32357051 ], [ 8.21996285, 11.30904012 ], [ 8.25817789, 11.31612013 ], [ 8.27444164, 11.30619357 ], [ 8.2638359, 11.28679656 ], [ 8.26581001, 11.277699 ], [ 8.28803076, 11.26231012 ], [ 8.30655189, 11.23260954 ], [ 8.32940402, 11.21238043 ], [ 8.35934621, 11.22267993 ], [ 8.3733979, 11.22080999 ], [ 8.38949277, 11.22716049 ], [ 8.41502297, 11.23033068 ], [ 8.43401595, 11.22045992 ], [ 8.45940022, 11.19447987 ], [ 8.47008138, 11.18899992 ], [ 8.48261856, 11.16376977 ], [ 8.51686776, 11.15089963 ], [ 8.52430077, 11.13832004 ], [ 8.52736191, 11.11744024 ], [ 8.54335123, 11.09348984 ], [ 8.56579614, 11.08489964 ], [ 8.59201799, 11.06826975 ], [ 8.59691901, 11.06144061 ], [ 8.59815702, 10.9927102 ], [ 8.58127956, 10.94204997 ], [ 8.57357862, 10.92897041 ], [ 8.56848985, 10.90783023 ], [ 8.5674239, 10.87166037 ], [ 8.57458799, 10.83343985 ], [ 8.57703037, 10.76358999 ], [ 8.58677686, 10.71457749 ], [ 8.55603103, 10.70785361 ], [ 8.52684191, 10.71145912 ], [ 8.50817187, 10.69524597 ], [ 8.51031393, 10.67166985 ], [ 8.51558226, 10.65435047 ], [ 8.53610509, 10.63405064 ], [ 8.56196139, 10.62790003 ], [ 8.58744025, 10.63333783 ], [ 8.61283567, 10.64916991 ], [ 8.62804872, 10.64675641 ], [ 8.6532285, 10.63701361 ], [ 8.66506985, 10.60763178 ], [ 8.68927581, 10.56602358 ], [ 8.71816447, 10.55261399 ], [ 8.73588853, 10.5489814 ], [ 8.75630943, 10.55025659 ], [ 8.77335819, 10.5662298 ], [ 8.77940366, 10.56267369 ] ] ] ] } },{ "type": "Feature", "properties": { "ucode": "NGA_0020_V1", "uuid": "be980ff9-b714-49cf-b8de-b8dbe72dc7b2", "cnpt_uuid": "82146c92-03bb-44df-bd5b-e897db92c5b8", "is_latest": true, "start_date": "2023-09-06T00:00:00Z", "end_date": null, "name": "Kano", "level": 1, "level_name": "Admin Level 1", "type": "Admin Level 1", "SALB_ID": null, "WFP_ID": "902339", "Source_ID": "NG020", "BrazilStat": null, "UNDP_ID": null, "default": "902339", "Abyei": null, "name_en": "Kano", "Alternativ": null, "adm0_ucode": "NGA_V1", "adm0_type": "State" }, "geometry": { "type": "MultiPolygon", "coordinates": [ [ [ [ 9.1935491, 11.35088807 ], [ 9.16117376, 11.33205871 ], [ 9.14235383, 11.32865035 ], [ 9.13336638, 11.31904057 ], [ 9.11169551, 11.30550945 ], [ 9.09704986, 11.29104981 ], [ 9.0762975, 11.28454005 ], [ 9.03299545, 11.25632001 ], [ 9.01530476, 11.22893996 ], [ 8.98268312, 11.19524005 ], [ 8.94736779, 11.17193991 ], [ 8.89621708, 11.10151021 ], [ 8.87450479, 11.08913972 ], [ 8.82749083, 11.10042972 ], [ 8.81035353, 11.09055044 ], [ 8.78845411, 11.05021017 ], [ 8.77815507, 11.01140966 ], [ 8.78017442, 10.98700068 ], [ 8.78970738, 10.94768042 ], [ 8.78574286, 10.92774005 ], [ 8.77262777, 10.90283939 ], [ 8.76461706, 10.86528033 ], [ 8.76937114, 10.82929994 ], [ 8.78564462, 10.79720011 ], [ 8.8215893, 10.76924045 ], [ 8.83798389, 10.73363958 ], [ 8.85127831, 10.72008998 ], [ 8.85521891, 10.7074003 ], [ 8.85245895, 10.6863296 ], [ 8.83541983, 10.64031996 ], [ 8.81689056, 10.60358039 ], [ 8.80020115, 10.58088997 ], [ 8.77940366, 10.56267369 ], [ 8.77335819, 10.5662298 ], [ 8.75630943, 10.55025659 ], [ 8.73588853, 10.5489814 ], [ 8.71816447, 10.55261399 ], [ 8.68927581, 10.56602358 ], [ 8.66506985, 10.60763178 ], [ 8.6532285, 10.63701361 ], [ 8.62804872, 10.64675641 ], [ 8.61283567, 10.64916991 ], [ 8.58744025, 10.63333783 ], [ 8.56196139, 10.62790003 ], [ 8.53610509, 10.63405064 ], [ 8.51558226, 10.65435047 ], [ 8.51031393, 10.67166985 ], [ 8.50817187, 10.69524597 ], [ 8.52684191, 10.71145912 ], [ 8.55603103, 10.70785361 ], [ 8.58677686, 10.71457749 ], [ 8.57703037, 10.76358999 ], [ 8.57458799, 10.83343985 ], [ 8.5674239, 10.87166037 ], [ 8.56848985, 10.90783023 ], [ 8.57357862, 10.92897041 ], [ 8.58127956, 10.94204997 ], [ 8.59815702, 10.9927102 ], [ 8.59691901, 11.06144061 ], [ 8.59201799, 11.06826975 ], [ 8.56579614, 11.08489964 ], [ 8.54335123, 11.09348984 ], [ 8.52736191, 11.11744024 ], [ 8.52430077, 11.13832004 ], [ 8.51686776, 11.15089963 ], [ 8.48261856, 11.16376977 ], [ 8.47008138, 11.18899992 ], [ 8.45940022, 11.19447987 ], [ 8.43401595, 11.22045992 ], [ 8.41502297, 11.23033068 ], [ 8.38949277, 11.22716049 ], [ 8.3733979, 11.22080999 ], [ 8.35934621, 11.22267993 ], [ 8.32940402, 11.21238043 ], [ 8.30655189, 11.23260954 ], [ 8.28803076, 11.26231012 ], [ 8.26581001, 11.277699 ], [ 8.2638359, 11.28679656 ], [ 8.27444164, 11.30619357 ], [ 8.25817789, 11.31612013 ], [ 8.21996285, 11.30904012 ], [ 8.20080767, 11.32357051 ], [ 8.18739127, 11.34060929 ], [ 8.16357829, 11.3549902 ], [ 8.13598824, 11.37740034 ], [ 8.13080214, 11.39237968 ], [ 8.14267274, 11.41957018 ], [ 8.16485686, 11.45176977 ], [ 8.16953133, 11.48727011 ], [ 8.15896587, 11.5083968 ], [ 8.14884112, 11.51356161 ], [ 8.12052097, 11.51549121 ], [ 8.10192983, 11.50906158 ], [ 8.0817489, 11.49185239 ], [ 8.05265603, 11.48060515 ], [ 8.03363422, 11.48494623 ], [ 7.98363582, 11.46800034 ], [ 7.9667933, 11.45711359 ], [ 7.94580529, 11.45891177 ], [ 7.93715217, 11.44169782 ], [ 7.8927154, 11.40450152 ], [ 7.88238738, 11.40048385 ], [ 7.86955406, 11.38444893 ], [ 7.83764978, 11.376673 ], [ 7.78414593, 11.37752823 ], [ 7.77746595, 11.37183299 ], [ 7.76513632, 11.37490257 ], [ 7.73706817, 11.38652029 ], [ 7.6991061, 11.43889973 ], [ 7.68587664, 11.48392005 ], [ 7.68939425, 11.51667025 ], [ 7.69917924, 11.53680029 ], [ 7.72485565, 11.56910999 ], [ 7.72890175, 11.58672039 ], [ 7.77103972, 11.61491018 ], [ 7.79749098, 11.62508941 ], [ 7.84144406, 11.63469009 ], [ 7.88402958, 11.65005971 ], [ 7.90618963, 11.64961996 ], [ 7.91160415, 11.66145061 ], [ 7.9099114, 11.67654982 ], [ 7.88142471, 11.72457039 ], [ 7.88293863, 11.74792973 ], [ 7.87476031, 11.78361404 ], [ 7.86541536, 11.78929265 ], [ 7.85918742, 11.82636952 ], [ 7.86523404, 11.84699735 ], [ 7.85995738, 11.87189009 ], [ 7.84239709, 11.90743998 ], [ 7.83321406, 11.97008062 ], [ 7.83719309, 11.9871569 ], [ 7.83798715, 12.01730997 ], [ 7.85301443, 12.04749982 ], [ 7.85634957, 12.09203208 ], [ 7.86322583, 12.11688309 ], [ 7.86055311, 12.13742334 ], [ 7.85356509, 12.14767665 ], [ 7.84910616, 12.18276632 ], [ 7.86467024, 12.23795278 ], [ 7.86950825, 12.2482422 ], [ 7.87010507, 12.27975169 ], [ 7.87626671, 12.31196268 ], [ 7.88179323, 12.32499354 ], [ 7.90473848, 12.33122621 ], [ 7.92758487, 12.34858038 ], [ 7.9834193, 12.3681309 ], [ 7.9916606, 12.37526746 ], [ 8.0030236, 12.37428167 ], [ 8.01642785, 12.3819405 ], [ 8.02572821, 12.3799322 ], [ 8.07110289, 12.40545665 ], [ 8.09278791, 12.40703499 ], [ 8.10582662, 12.40361174 ], [ 8.13142111, 12.41079547 ], [ 8.15343938, 12.42987157 ], [ 8.16793459, 12.45968996 ], [ 8.18013767, 12.47150395 ], [ 8.18899065, 12.48978988 ], [ 8.19729927, 12.52391997 ], [ 8.20992063, 12.54048744 ], [ 8.20876797, 12.56480952 ], [ 8.21461189, 12.57522004 ], [ 8.23336685, 12.5857098 ], [ 8.27341839, 12.58338618 ], [ 8.2900335, 12.59998968 ], [ 8.31123168, 12.57888974 ], [ 8.3118869, 12.51672003 ], [ 8.32736179, 12.49272993 ], [ 8.35564313, 12.4757993 ], [ 8.37472827, 12.44264056 ], [ 8.38177778, 12.44042014 ], [ 8.39189081, 12.48083988 ], [ 8.40350245, 12.49019983 ], [ 8.42238697, 12.5136785 ], [ 8.43111501, 12.53658939 ], [ 8.43956387, 12.54584048 ], [ 8.4425685, 12.56089958 ], [ 8.46739178, 12.58819986 ], [ 8.48058012, 12.58544623 ], [ 8.53470555, 12.5902917 ], [ 8.54977154, 12.59918859 ], [ 8.5646153, 12.59534755 ], [ 8.59798533, 12.59759971 ], [ 8.61955137, 12.58895191 ], [ 8.64822085, 12.59522178 ], [ 8.65773121, 12.58883979 ], [ 8.68704981, 12.58458995 ], [ 8.71409917, 12.57339946 ], [ 8.71911598, 12.56659041 ], [ 8.71202468, 12.54804065 ], [ 8.68766765, 12.52587048 ], [ 8.67852027, 12.50504036 ], [ 8.68467692, 12.47632956 ], [ 8.70716555, 12.45357015 ], [ 8.74362638, 12.44035252 ], [ 8.76438031, 12.43869957 ], [ 8.78238879, 12.42683999 ], [ 8.81175598, 12.41798996 ], [ 8.81657193, 12.40537999 ], [ 8.78763598, 12.37219693 ], [ 8.78222265, 12.35116105 ], [ 8.74949101, 12.32626984 ], [ 8.74023323, 12.31579964 ], [ 8.73232839, 12.28806967 ], [ 8.73110322, 12.27168566 ], [ 8.72238614, 12.23153039 ], [ 8.72137283, 12.21654985 ], [ 8.74008195, 12.21907979 ], [ 8.75392507, 12.23881989 ], [ 8.77922153, 12.28288008 ], [ 8.79669846, 12.29114995 ], [ 8.80121215, 12.30733041 ], [ 8.81868907, 12.31560037 ], [ 8.83626337, 12.31465993 ], [ 8.85188459, 12.27684997 ], [ 8.86354467, 12.28160022 ], [ 8.86914247, 12.30583959 ], [ 8.89128022, 12.31646991 ], [ 8.90767112, 12.31667037 ], [ 8.90543822, 12.30627996 ], [ 8.89047223, 12.28192041 ], [ 8.88965088, 12.27279639 ], [ 8.91063239, 12.24901092 ], [ 8.9135613, 12.23749064 ], [ 8.92742263, 12.22019007 ], [ 8.95460578, 12.19633935 ], [ 8.96176447, 12.18375979 ], [ 8.96795823, 12.15160008 ], [ 8.95163996, 12.14449031 ], [ 8.94141749, 12.1144302 ], [ 8.94740597, 12.10183992 ], [ 8.94657438, 12.0695895 ], [ 8.96863851, 12.08712963 ], [ 8.98149181, 12.08958986 ], [ 8.99213886, 12.07935049 ], [ 9.01092058, 12.0749701 ], [ 9.04383943, 12.07952031 ], [ 9.05881113, 12.08467032 ], [ 9.06822967, 12.08142007 ], [ 9.08866671, 12.03100963 ], [ 9.0969479, 12.02305032 ], [ 9.12044934, 12.0152704 ], [ 9.13565721, 12.01661039 ], [ 9.14599245, 12.03004181 ], [ 9.14802621, 12.06511971 ], [ 9.16518781, 12.10331997 ], [ 9.19662968, 12.11981964 ], [ 9.21303353, 12.11886993 ], [ 9.22239586, 12.08477571 ], [ 9.22299475, 12.06256984 ], [ 9.21634569, 12.02678938 ], [ 9.22596737, 12.00273055 ], [ 9.25115798, 12.0013104 ], [ 9.25417642, 11.99270983 ], [ 9.22975841, 11.9762897 ], [ 9.21939063, 11.96004976 ], [ 9.22187819, 11.94626033 ], [ 9.23499954, 11.92339058 ], [ 9.23875525, 11.9004095 ], [ 9.22261813, 11.8760402 ], [ 9.20745736, 11.87010017 ], [ 9.19710445, 11.85270012 ], [ 9.14488958, 11.80716033 ], [ 9.14037591, 11.79098969 ], [ 9.14768009, 11.76459032 ], [ 9.1467035, 11.74615942 ], [ 9.16085079, 11.73711985 ], [ 9.18648726, 11.74894057 ], [ 9.20762243, 11.74343987 ], [ 9.23449043, 11.74952018 ], [ 9.248576, 11.74623969 ], [ 9.25104024, 11.73476015 ], [ 9.23615816, 11.70234022 ], [ 9.21744997, 11.69981028 ], [ 9.22819336, 11.68035999 ], [ 9.23191138, 11.66082964 ], [ 9.24133865, 11.65519059 ], [ 9.27169501, 11.66361974 ], [ 9.27642742, 11.65907028 ], [ 9.26727893, 11.63823018 ], [ 9.26281528, 11.61744982 ], [ 9.27706986, 11.59805031 ], [ 9.30533956, 11.58226967 ], [ 9.35997568, 11.57539663 ], [ 9.36412264, 11.5599601 ], [ 9.35137629, 11.54714003 ], [ 9.33275326, 11.5365498 ], [ 9.32364164, 11.51226039 ], [ 9.30145663, 11.50623971 ], [ 9.27936949, 11.49100014 ], [ 9.26305031, 11.48388961 ], [ 9.22799883, 11.47655979 ], [ 9.22223022, 11.46842946 ], [ 9.21904474, 11.43731018 ], [ 9.19283179, 11.36905015 ], [ 9.1935491, 11.35088807 ] ] ] ] } },{ "type": "Feature", "properties": { "ucode": "NGA_0021_V1", "uuid": "8bc4bb86-e0df-4594-a0e4-21ab73224b86", "cnpt_uuid": "1a5526cc-b8a9-4781-a02e-dae96a3cd465", "is_latest": true, "start_date": "2023-09-06T00:00:00Z", "end_date": null, "name": "Katsina", "level": 1, "level_name": "Admin Level 1", "type": "Admin Level 1", "SALB_ID": null, "WFP_ID": "902340", "Source_ID": "NG021", "BrazilStat": null, "UNDP_ID": null, "default": "902340", "Abyei": null, "name_en": "Katsina", "Alternativ": null, "adm0_ucode": "NGA_V1", "adm0_type": "State" }, "geometry": { "type": "MultiPolygon", "coordinates": [ [ [ [ 7.87689169, 13.33164544 ], [ 7.88176, 13.32965 ], [ 7.93969757, 13.32433786 ], [ 7.94747, 13.3236 ], [ 7.97873416, 13.31850448 ], [ 7.98655, 13.31723 ], [ 7.99997673, 13.31503018 ], [ 8.00669, 13.31393 ], [ 8.0336, 13.30881 ], [ 8.03695, 13.30635 ], [ 8.05438506, 13.30468513 ], [ 8.06242, 13.3028 ], [ 8.06489627, 13.30263747 ], [ 8.0676, 13.30246 ], [ 8.07851, 13.2981 ], [ 8.08555269, 13.29590529 ], [ 8.09963769, 13.29151529 ], [ 8.10667993, 13.28932002 ], [ 8.13907681, 13.27418349 ], [ 8.14541, 13.27134 ], [ 8.15811, 13.26104 ], [ 8.16451, 13.25865 ], [ 8.18449, 13.23863 ], [ 8.19121, 13.23257 ], [ 8.19669, 13.22924 ], [ 8.22056833, 13.21670461 ], [ 8.22940649, 13.21441892 ], [ 8.24708233, 13.20984661 ], [ 8.25592, 13.20756 ], [ 8.25917005, 13.20418502 ], [ 8.27281, 13.18884 ], [ 8.2777169, 13.1831201 ], [ 8.28753, 13.17168 ], [ 8.29399, 13.16699 ], [ 8.30075008, 13.16403509 ], [ 8.30751, 13.16108 ], [ 8.31118934, 13.15449118 ], [ 8.31119, 13.15449 ], [ 8.31608, 13.14608 ], [ 8.3279, 13.13277 ], [ 8.35626, 13.11453 ], [ 8.35944348, 13.10892338 ], [ 8.38116, 13.08378 ], [ 8.38803, 13.08071 ], [ 8.40073, 13.07018 ], [ 8.40147457, 13.06941399 ], [ 8.40569687, 13.0650701 ], [ 8.41066354, 13.0599601 ], [ 8.41563, 13.05485 ], [ 8.42172, 13.05521 ], [ 8.42847988, 13.05735351 ], [ 8.43523988, 13.05949684 ], [ 8.4554148, 13.06526535 ], [ 8.46212235, 13.06707776 ], [ 8.46883, 13.06889 ], [ 8.47762499, 13.06931015 ], [ 8.48642, 13.06973 ], [ 8.49289503, 13.06871508 ], [ 8.49937, 13.0677 ], [ 8.50764508, 13.06523513 ], [ 8.53108, 13.05665 ], [ 8.55808687, 13.04203684 ], [ 8.56482, 13.03827 ], [ 8.59875, 13.01161 ], [ 8.60183, 13.01052 ], [ 8.62648014, 12.98366005 ], [ 8.63167, 12.9771 ], [ 8.64, 12.96117 ], [ 8.64458, 12.95574 ], [ 8.64469, 12.950905 ], [ 8.6448, 12.94607 ], [ 8.64848, 12.93856 ], [ 8.66152, 12.93262 ], [ 8.66660504, 12.93077005 ], [ 8.70364, 12.91624 ], [ 8.70979, 12.91361 ], [ 8.71494, 12.91441 ], [ 8.72035502, 12.91348506 ], [ 8.72577, 12.91256 ], [ 8.73959044, 12.90722855 ], [ 8.74650044, 12.90456255 ], [ 8.75341029, 12.90189637 ], [ 8.76032, 12.89923 ], [ 8.77257, 12.89673 ], [ 8.78125, 12.89667 ], [ 8.78789, 12.89313 ], [ 8.79512344, 12.8913602 ], [ 8.82452, 12.88076 ], [ 8.83038, 12.88111 ], [ 8.88237, 12.86306 ], [ 8.92252, 12.85029 ], [ 8.92841003, 12.84891007 ], [ 8.9343, 12.84753 ], [ 8.93952, 12.84465 ], [ 8.96315009, 12.83648508 ], [ 8.96979, 12.83305 ], [ 8.97541, 12.83339 ], [ 8.97957495, 12.83623503 ], [ 8.99754, 12.84073 ], [ 9.0147, 12.83877 ], [ 9.04508232, 12.83752896 ], [ 9.04971321, 12.82176989 ], [ 9.03708457, 12.81449026 ], [ 8.98082549, 12.8195694 ], [ 8.97038545, 12.81023007 ], [ 8.96762543, 12.79125027 ], [ 8.95690634, 12.75594977 ], [ 8.94311618, 12.73233055 ], [ 8.91390472, 12.70510366 ], [ 8.90252372, 12.70315459 ], [ 8.87184904, 12.68757565 ], [ 8.84710996, 12.68221448 ], [ 8.82978665, 12.69291122 ], [ 8.81543791, 12.69047168 ], [ 8.80802133, 12.67976369 ], [ 8.79268418, 12.6758629 ], [ 8.77634802, 12.68801755 ], [ 8.75606925, 12.67535431 ], [ 8.73281158, 12.67777107 ], [ 8.72389449, 12.69138793 ], [ 8.70161788, 12.70304786 ], [ 8.6942051, 12.69087833 ], [ 8.68263248, 12.69826959 ], [ 8.65086725, 12.73031035 ], [ 8.61212722, 12.73349003 ], [ 8.60973331, 12.75306039 ], [ 8.59565011, 12.76668564 ], [ 8.60026656, 12.78641033 ], [ 8.59081754, 12.81169018 ], [ 8.55673695, 12.82989012 ], [ 8.53559954, 12.83434953 ], [ 8.48864767, 12.83633037 ], [ 8.45498548, 12.82608416 ], [ 8.43371573, 12.81606691 ], [ 8.39901056, 12.82705568 ], [ 8.37717069, 12.8251894 ], [ 8.35015383, 12.83421978 ], [ 8.3301766, 12.84445015 ], [ 8.3231611, 12.84040429 ], [ 8.29380314, 12.83958996 ], [ 8.28034225, 12.84333979 ], [ 8.23203026, 12.83470243 ], [ 8.18717878, 12.83917835 ], [ 8.17108955, 12.83333011 ], [ 8.16239666, 12.8190897 ], [ 8.17301588, 12.79496956 ], [ 8.17459884, 12.76607055 ], [ 8.1660955, 12.74307996 ], [ 8.15085592, 12.71688917 ], [ 8.14958072, 12.69552971 ], [ 8.14241311, 12.67007093 ], [ 8.14640912, 12.66324974 ], [ 8.16158952, 12.66240966 ], [ 8.19330426, 12.65225956 ], [ 8.20624721, 12.63852042 ], [ 8.244957, 12.6480103 ], [ 8.25202655, 12.63652988 ], [ 8.26728698, 12.63549018 ], [ 8.28605571, 12.64022992 ], [ 8.29196944, 12.62068 ], [ 8.2900335, 12.59998968 ], [ 8.27341839, 12.58338618 ], [ 8.23336685, 12.5857098 ], [ 8.21461189, 12.57522004 ], [ 8.20876797, 12.56480952 ], [ 8.20992063, 12.54048744 ], [ 8.19729927, 12.52391997 ], [ 8.18899065, 12.48978988 ], [ 8.18013767, 12.47150395 ], [ 8.16793459, 12.45968996 ], [ 8.15343938, 12.42987157 ], [ 8.13142111, 12.41079547 ], [ 8.10582662, 12.40361174 ], [ 8.09278791, 12.40703499 ], [ 8.07110289, 12.40545665 ], [ 8.02572821, 12.3799322 ], [ 8.01642785, 12.3819405 ], [ 8.0030236, 12.37428167 ], [ 7.9916606, 12.37526746 ], [ 7.9834193, 12.3681309 ], [ 7.92758487, 12.34858038 ], [ 7.90473848, 12.33122621 ], [ 7.88179323, 12.32499354 ], [ 7.87626671, 12.31196268 ], [ 7.87010507, 12.27975169 ], [ 7.86950825, 12.2482422 ], [ 7.86467024, 12.23795278 ], [ 7.84910616, 12.18276632 ], [ 7.85356509, 12.14767665 ], [ 7.86055311, 12.13742334 ], [ 7.86322583, 12.11688309 ], [ 7.85634957, 12.09203208 ], [ 7.85301443, 12.04749982 ], [ 7.83798715, 12.01730997 ], [ 7.83719309, 11.9871569 ], [ 7.83321406, 11.97008062 ], [ 7.84239709, 11.90743998 ], [ 7.85995738, 11.87189009 ], [ 7.86523404, 11.84699735 ], [ 7.85918742, 11.82636952 ], [ 7.86541536, 11.78929265 ], [ 7.87476031, 11.78361404 ], [ 7.88293863, 11.74792973 ], [ 7.88142471, 11.72457039 ], [ 7.9099114, 11.67654982 ], [ 7.91160415, 11.66145061 ], [ 7.90618963, 11.64961996 ], [ 7.88402958, 11.65005971 ], [ 7.84144406, 11.63469009 ], [ 7.79749098, 11.62508941 ], [ 7.77103972, 11.61491018 ], [ 7.72890175, 11.58672039 ], [ 7.72485565, 11.56910999 ], [ 7.69917924, 11.53680029 ], [ 7.68939425, 11.51667025 ], [ 7.68587664, 11.48392005 ], [ 7.6991061, 11.43889973 ], [ 7.73706817, 11.38652029 ], [ 7.76513632, 11.37490257 ], [ 7.75275918, 11.36281735 ], [ 7.74632043, 11.34538475 ], [ 7.75318263, 11.3298304 ], [ 7.74663902, 11.31738762 ], [ 7.71085509, 11.31362353 ], [ 7.67128952, 11.29991793 ], [ 7.66605772, 11.29226296 ], [ 7.6474933, 11.28283002 ], [ 7.62714739, 11.28400626 ], [ 7.60024335, 11.32070531 ], [ 7.57757438, 11.32922771 ], [ 7.55651573, 11.34878465 ], [ 7.53013729, 11.36097416 ], [ 7.50705552, 11.356015 ], [ 7.49086804, 11.39048946 ], [ 7.48966886, 11.40085033 ], [ 7.46969195, 11.41108059 ], [ 7.43918507, 11.40740979 ], [ 7.42393994, 11.40155004 ], [ 7.39347612, 11.37944997 ], [ 7.38881312, 11.36559025 ], [ 7.37010999, 11.33320036 ], [ 7.36429326, 11.3112696 ], [ 7.36433598, 11.29284002 ], [ 7.3562481, 11.26707386 ], [ 7.32149352, 11.26977672 ], [ 7.29335285, 11.28234095 ], [ 7.26984266, 11.28305137 ], [ 7.24777522, 11.27437307 ], [ 7.21384841, 11.26901424 ], [ 7.20044618, 11.25261924 ], [ 7.23427309, 11.1997804 ], [ 7.2354789, 11.18596001 ], [ 7.20619294, 11.16156023 ], [ 7.18626794, 11.14990971 ], [ 7.15812589, 11.13819025 ], [ 7.14638086, 11.14156994 ], [ 7.12755285, 11.16217057 ], [ 7.0957942, 11.19191004 ], [ 7.09578339, 11.19652002 ], [ 7.07344019, 11.21479056 ], [ 7.04406222, 11.22957043 ], [ 7.03585198, 11.22720989 ], [ 7.00411614, 11.24656944 ], [ 6.96773389, 11.24516958 ], [ 6.97825375, 11.26366998 ], [ 7.00869998, 11.2938407 ], [ 7.02156197, 11.3146695 ], [ 7.02385808, 11.33657004 ], [ 7.01324597, 11.3572304 ], [ 7.00619303, 11.36178958 ], [ 6.97568809, 11.35696982 ], [ 6.96160075, 11.35803011 ], [ 6.94043913, 11.37285973 ], [ 6.91928911, 11.38307937 ], [ 6.888558, 11.38074688 ], [ 6.88693134, 11.43117794 ], [ 6.90726665, 11.47510224 ], [ 6.89587872, 11.5051984 ], [ 6.90726664, 11.52960016 ], [ 6.90401272, 11.55318917 ], [ 6.8761243, 11.57442265 ], [ 6.86740928, 11.57759214 ], [ 6.85438058, 11.5952195 ], [ 6.85195436, 11.62070157 ], [ 6.8552085, 11.64185063 ], [ 6.86578269, 11.66299936 ], [ 6.86903608, 11.67845463 ], [ 6.88937142, 11.72644544 ], [ 6.89018489, 11.77931699 ], [ 6.89669218, 11.79477113 ], [ 6.9160482, 11.80255688 ], [ 6.92613168, 11.79765709 ], [ 6.94989128, 11.80772167 ], [ 6.98468003, 11.811524 ], [ 7.01626295, 11.81754678 ], [ 7.02188831, 11.80910854 ], [ 7.05453442, 11.80085387 ], [ 7.07238806, 11.80859928 ], [ 7.07482823, 11.81754685 ], [ 7.10641305, 11.83112732 ], [ 7.11776999, 11.85423359 ], [ 7.14112093, 11.87855224 ], [ 7.14356121, 11.91108906 ], [ 7.15494911, 11.91759576 ], [ 7.16471003, 11.91190258 ], [ 7.19968649, 11.90620782 ], [ 7.23057601, 11.91842558 ], [ 7.24185694, 11.93330966 ], [ 7.23466299, 11.94606479 ], [ 7.22652915, 11.94606505 ], [ 7.21676766, 11.9582663 ], [ 7.20944736, 11.98510843 ], [ 7.15332219, 12.0095111 ], [ 7.10614436, 12.04530166 ], [ 7.09068973, 12.06400971 ], [ 7.11346542, 12.0875979 ], [ 7.12610096, 12.11346538 ], [ 7.14193435, 12.13721554 ], [ 7.15006863, 12.15917757 ], [ 7.15250864, 12.18439372 ], [ 7.14152754, 12.22587781 ], [ 7.12851328, 12.25190633 ], [ 7.1057378, 12.28932285 ], [ 7.09923084, 12.33324742 ], [ 7.09272339, 12.36008905 ], [ 7.06832118, 12.41133381 ], [ 7.05937386, 12.48860862 ], [ 7.05368008, 12.51626371 ], [ 7.05001922, 12.57320212 ], [ 7.05164637, 12.58703037 ], [ 7.04595239, 12.61956704 ], [ 7.04735947, 12.63982511 ], [ 7.04269893, 12.66593092 ], [ 7.04188541, 12.6927738 ], [ 7.0313109, 12.75052576 ], [ 7.02887115, 12.77330117 ], [ 7.02887097, 12.8172246 ], [ 7.02317728, 12.83186645 ], [ 7.0288711, 12.8790435 ], [ 7.03415835, 12.89287162 ], [ 7.03906215, 12.92924782 ], [ 7.04995082, 12.97205387 ], [ 7.04769032, 12.99904557 ], [ 7.05021, 12.99947 ], [ 7.05663998, 13.00022008 ], [ 7.07074985, 13.00339689 ], [ 7.07842985, 13.00582356 ], [ 7.09332994, 13.0101701 ], [ 7.10055, 13.01209 ], [ 7.10860648, 13.01498692 ], [ 7.13639, 13.02316 ], [ 7.15163, 13.0323 ], [ 7.17925, 13.06087 ], [ 7.20891, 13.09225 ], [ 7.21233, 13.09603 ], [ 7.21757, 13.10168 ], [ 7.22174, 13.10386 ], [ 7.22789, 13.11093 ], [ 7.27973809, 13.10720645 ], [ 7.28736613, 13.10648268 ], [ 7.33147, 13.10118 ], [ 7.37075, 13.0985 ], [ 7.40072, 13.10179 ], [ 7.42632, 13.11049 ], [ 7.44899, 13.12303 ], [ 7.45318, 13.12429 ], [ 7.47418, 13.13839 ], [ 7.50223, 13.15221 ], [ 7.50589, 13.15599 ], [ 7.60216, 13.21084 ], [ 7.61372, 13.2178 ], [ 7.61372113, 13.21780079 ], [ 7.6188, 13.22137 ], [ 7.623, 13.224 ], [ 7.62739497, 13.22572004 ], [ 7.64585, 13.23792 ], [ 7.64959, 13.23892 ], [ 7.65329, 13.24086 ], [ 7.69621592, 13.26843382 ], [ 7.70318784, 13.27271201 ], [ 7.78045, 13.32148 ], [ 7.8041, 13.33424 ], [ 7.80979995, 13.33645006 ], [ 7.8155, 13.33866 ], [ 7.82018999, 13.33911504 ], [ 7.83293, 13.33723 ], [ 7.84047, 13.33649 ], [ 7.87689169, 13.33164544 ] ] ] ] } },{ "type": "Feature", "properties": { "ucode": "NGA_0038_V1", "uuid": "bb660f4b-0049-44b6-9c58-8937c2441727", "cnpt_uuid": "75e139c3-125b-4dfa-99a5-9ee7fbbf1875", "is_latest": true, "start_date": "2023-09-06T00:00:00Z", "end_date": null, "name": "Zamfara", "level": 1, "level_name": "Admin Level 1", "type": "Admin Level 1", "SALB_ID": null, "WFP_ID": "902357", "Source_ID": "NG037", "BrazilStat": null, "UNDP_ID": null, "default": "902357", "Abyei": null, "name_en": "Zamfara", "Alternativ": null, "adm0_ucode": "NGA_V1", "adm0_type": "State" }, "geometry": { "type": "MultiPolygon", "coordinates": [ [ [ [ 7.04769032, 12.99904557 ], [ 7.04995082, 12.97205387 ], [ 7.03906215, 12.92924782 ], [ 7.03415835, 12.89287162 ], [ 7.0288711, 12.8790435 ], [ 7.02317728, 12.83186645 ], [ 7.02887097, 12.8172246 ], [ 7.02887115, 12.77330117 ], [ 7.0313109, 12.75052576 ], [ 7.04188541, 12.6927738 ], [ 7.04269893, 12.66593092 ], [ 7.04735947, 12.63982511 ], [ 7.04595239, 12.61956704 ], [ 7.05164637, 12.58703037 ], [ 7.05001922, 12.57320212 ], [ 7.05368008, 12.51626371 ], [ 7.05937386, 12.48860862 ], [ 7.06832118, 12.41133381 ], [ 7.09272339, 12.36008905 ], [ 7.09923084, 12.33324742 ], [ 7.1057378, 12.28932285 ], [ 7.12851328, 12.25190633 ], [ 7.14152754, 12.22587781 ], [ 7.15250864, 12.18439372 ], [ 7.15006863, 12.15917757 ], [ 7.14193435, 12.13721554 ], [ 7.12610096, 12.11346538 ], [ 7.11346542, 12.0875979 ], [ 7.09068973, 12.06400971 ], [ 7.10614436, 12.04530166 ], [ 7.15332219, 12.0095111 ], [ 7.20944736, 11.98510843 ], [ 7.21676766, 11.9582663 ], [ 7.22652915, 11.94606505 ], [ 7.23466299, 11.94606479 ], [ 7.24185694, 11.93330966 ], [ 7.23057601, 11.91842558 ], [ 7.19968649, 11.90620782 ], [ 7.16471003, 11.91190258 ], [ 7.15494911, 11.91759576 ], [ 7.14356121, 11.91108906 ], [ 7.14112093, 11.87855224 ], [ 7.11776999, 11.85423359 ], [ 7.10641305, 11.83112732 ], [ 7.07482823, 11.81754685 ], [ 7.07238806, 11.80859928 ], [ 7.05453442, 11.80085387 ], [ 7.02188831, 11.80910854 ], [ 7.01626295, 11.81754678 ], [ 6.98468003, 11.811524 ], [ 6.94989128, 11.80772167 ], [ 6.92613168, 11.79765709 ], [ 6.9160482, 11.80255688 ], [ 6.89669218, 11.79477113 ], [ 6.89018489, 11.77931699 ], [ 6.88937142, 11.72644544 ], [ 6.86903608, 11.67845463 ], [ 6.86578269, 11.66299936 ], [ 6.8552085, 11.64185063 ], [ 6.85195436, 11.62070157 ], [ 6.85438058, 11.5952195 ], [ 6.86740928, 11.57759214 ], [ 6.8761243, 11.57442265 ], [ 6.90401272, 11.55318917 ], [ 6.90726664, 11.52960016 ], [ 6.89587872, 11.5051984 ], [ 6.90726665, 11.47510224 ], [ 6.88693134, 11.43117794 ], [ 6.888558, 11.38074688 ], [ 6.87473019, 11.36447901 ], [ 6.86415566, 11.34007667 ], [ 6.82836591, 11.3075401 ], [ 6.81616486, 11.30998061 ], [ 6.80861319, 11.30023407 ], [ 6.78351695, 11.28124148 ], [ 6.75435113, 11.26292826 ], [ 6.74553337, 11.24325824 ], [ 6.74349827, 11.21680546 ], [ 6.73298504, 11.20188342 ], [ 6.7424637, 11.17453284 ], [ 6.73162832, 11.1611863 ], [ 6.7336635, 11.14761995 ], [ 6.72213258, 11.1408379 ], [ 6.70653198, 11.12184602 ], [ 6.71602816, 11.10624591 ], [ 6.70653205, 11.09539294 ], [ 6.68686193, 11.09064487 ], [ 6.69160996, 11.07300927 ], [ 6.67600956, 11.05740903 ], [ 6.66787044, 11.06215788 ], [ 6.64548729, 11.04859181 ], [ 6.60682535, 11.04723572 ], [ 6.57562454, 11.02349594 ], [ 6.54849293, 11.02824296 ], [ 6.51729251, 11.02620862 ], [ 6.5077964, 11.01332084 ], [ 6.47184755, 11.02146037 ], [ 6.46370827, 11.00111202 ], [ 6.44675113, 11.00382534 ], [ 6.43929012, 10.9983987 ], [ 6.41999628, 11.01412669 ], [ 6.41148093, 11.03027828 ], [ 6.392489, 11.03366935 ], [ 6.3748536, 11.03095648 ], [ 6.36386966, 11.02003378 ], [ 6.32330416, 11.02553084 ], [ 6.32262601, 11.0173911 ], [ 6.30906061, 11.00925182 ], [ 6.2826075, 10.97737202 ], [ 6.27718174, 10.9658421 ], [ 6.26361551, 10.96584222 ], [ 6.24530219, 10.9482067 ], [ 6.23377131, 10.94549395 ], [ 6.22359756, 10.9109011 ], [ 6.2263103, 10.89530078 ], [ 6.21749249, 10.88851857 ], [ 6.20596209, 10.86342122 ], [ 6.18900497, 10.87156132 ], [ 6.16130064, 10.8661348 ], [ 6.16444018, 10.87291056 ], [ 6.15962135, 10.92592065 ], [ 6.1523924, 10.92993633 ], [ 6.14596686, 10.95724464 ], [ 6.11464267, 11.00142015 ], [ 6.06484521, 11.0319416 ], [ 6.0527972, 11.04318641 ], [ 6.03271779, 11.07531383 ], [ 6.02629232, 11.11386698 ], [ 6.0158504, 11.13796225 ], [ 6.00852172, 11.141016 ], [ 6.02291137, 11.19770719 ], [ 6.03601713, 11.22145207 ], [ 6.05448766, 11.23998538 ], [ 6.06244658, 11.24267531 ], [ 6.12886801, 11.25370202 ], [ 6.15503697, 11.30906247 ], [ 6.14942562, 11.34579205 ], [ 6.13056996, 11.37453947 ], [ 6.06633975, 11.41868977 ], [ 6.02985242, 11.4541189 ], [ 6.02111733, 11.46940518 ], [ 6.0091474, 11.48039643 ], [ 5.99223755, 11.48699097 ], [ 5.9665285, 11.48994935 ], [ 5.91756439, 11.49033823 ], [ 5.85625627, 11.4795294 ], [ 5.82695941, 11.47967627 ], [ 5.81662773, 11.51363972 ], [ 5.81723158, 11.53621428 ], [ 5.82339907, 11.56517206 ], [ 5.84043645, 11.59065814 ], [ 5.84393843, 11.60335855 ], [ 5.83925617, 11.63380675 ], [ 5.78223077, 11.67627905 ], [ 5.76593113, 11.69353787 ], [ 5.75730182, 11.68203173 ], [ 5.74483737, 11.68107292 ], [ 5.73045481, 11.69449637 ], [ 5.72470222, 11.68490815 ], [ 5.71127882, 11.68203169 ], [ 5.69210282, 11.66764944 ], [ 5.67196812, 11.65997911 ], [ 5.65854447, 11.66860853 ], [ 5.64607997, 11.66285616 ], [ 5.59334566, 11.66956733 ], [ 5.55978738, 11.6858675 ], [ 5.55499313, 11.67531984 ], [ 5.54157034, 11.6657321 ], [ 5.52431164, 11.66285608 ], [ 5.51184692, 11.66860872 ], [ 5.46965939, 11.66860851 ], [ 5.46181352, 11.66599295 ], [ 5.45029176, 11.69756398 ], [ 5.44338789, 11.70293403 ], [ 5.40810382, 11.70293415 ], [ 5.36284831, 11.70983692 ], [ 5.35287665, 11.70446803 ], [ 5.34137116, 11.72901317 ], [ 5.30685363, 11.7834739 ], [ 5.29841658, 11.78654222 ], [ 5.28000724, 11.77043319 ], [ 5.23475184, 11.7696666 ], [ 5.22171161, 11.75432602 ], [ 5.20943881, 11.76046206 ], [ 5.20483673, 11.77043356 ], [ 5.17262064, 11.78347386 ], [ 5.16341634, 11.77273444 ], [ 5.17492203, 11.75816182 ], [ 5.17108683, 11.74128623 ], [ 5.14884242, 11.73361606 ], [ 5.13887064, 11.72210972 ], [ 5.11739355, 11.71980886 ], [ 5.0997514, 11.72824641 ], [ 5.07564378, 11.72373167 ], [ 5.03415375, 11.73151906 ], [ 5.01567319, 11.72894425 ], [ 5.00387051, 11.7389852 ], [ 4.97702413, 11.74128614 ], [ 4.96935361, 11.73668391 ], [ 4.94294637, 11.73252376 ], [ 4.92849993, 11.74077734 ], [ 4.91926669, 11.77705441 ], [ 4.92221613, 11.80002131 ], [ 4.94148404, 11.84244827 ], [ 4.94437481, 11.88076484 ], [ 4.94839296, 11.89683728 ], [ 4.94738844, 11.93601297 ], [ 4.95642897, 12.02943249 ], [ 4.95743349, 12.16001922 ], [ 4.95040193, 12.24640706 ], [ 4.956429, 12.27051489 ], [ 4.98154162, 12.30065044 ], [ 4.997614, 12.30065019 ], [ 5.02473578, 12.29060523 ], [ 5.06893432, 12.27754681 ], [ 5.11815531, 12.27855112 ], [ 5.16203388, 12.28284718 ], [ 5.18839006, 12.30453739 ], [ 5.21453602, 12.30756487 ], [ 5.23140122, 12.30405505 ], [ 5.2703977, 12.28166305 ], [ 5.32709347, 12.27252416 ], [ 5.35019729, 12.26649692 ], [ 5.4084587, 12.25946566 ], [ 5.43758966, 12.2534386 ], [ 5.47576098, 12.25243423 ], [ 5.52397767, 12.26147466 ], [ 5.54105432, 12.27252416 ], [ 5.61253113, 12.27441623 ], [ 5.63103156, 12.28851138 ], [ 5.65305558, 12.29203513 ], [ 5.67331784, 12.288511 ], [ 5.68300877, 12.27705858 ], [ 5.71031857, 12.26736836 ], [ 5.72565084, 12.2748864 ], [ 5.74379536, 12.32551216 ], [ 5.74184075, 12.3323524 ], [ 5.75901233, 12.34336773 ], [ 5.76475363, 12.42387253 ], [ 5.75097183, 12.46984096 ], [ 5.75277136, 12.50640797 ], [ 5.73334939, 12.56042647 ], [ 5.72845034, 12.59052087 ], [ 5.70535504, 12.65210719 ], [ 5.68645891, 12.70879529 ], [ 5.68944958, 12.76505584 ], [ 5.70515639, 12.80199871 ], [ 5.74087658, 12.82334339 ], [ 5.81313263, 12.83966939 ], [ 5.83762787, 12.83407014 ], [ 5.8530244, 12.81937332 ], [ 5.87821959, 12.80397617 ], [ 5.89501585, 12.78717973 ], [ 5.92301039, 12.77108307 ], [ 5.98739661, 12.75428651 ], [ 6.00419322, 12.74238856 ], [ 6.02098976, 12.73678988 ], [ 6.03568694, 12.74238846 ], [ 6.04550209, 12.75411616 ], [ 6.03220377, 12.78696136 ], [ 6.017944, 12.83607792 ], [ 6.00798701, 12.88511254 ], [ 6.01009049, 12.90478123 ], [ 6.03567568, 12.92214132 ], [ 6.04013624, 12.93842968 ], [ 6.0260845, 12.97082308 ], [ 6.02031745, 13.00850469 ], [ 6.02790247, 13.02134128 ], [ 6.07234762, 13.03977384 ], [ 6.10197635, 13.05975624 ], [ 6.13160522, 13.072159 ], [ 6.15158758, 13.07491492 ], [ 6.16605699, 13.068714 ], [ 6.18879568, 13.06595791 ], [ 6.21980235, 13.04252991 ], [ 6.24529699, 13.02806014 ], [ 6.25425472, 13.03150578 ], [ 6.26183413, 13.09007466 ], [ 6.25769996, 13.10109876 ], [ 6.26027714, 13.13149078 ], [ 6.27017592, 13.15623769 ], [ 6.28959218, 13.15890233 ], [ 6.31744619, 13.15823081 ], [ 6.35507494, 13.15357199 ], [ 6.3836285, 13.14519681 ], [ 6.40609069, 13.12539957 ], [ 6.42131902, 13.12349617 ], [ 6.44260915, 13.11272504 ], [ 6.50391257, 13.09511438 ], [ 6.52845507, 13.08476292 ], [ 6.56622444, 13.07590707 ], [ 6.58483603, 13.07514559 ], [ 6.60729793, 13.06676975 ], [ 6.64003958, 13.07019633 ], [ 6.65412565, 13.07742959 ], [ 6.68267912, 13.08390166 ], [ 6.69752703, 13.09913091 ], [ 6.74207068, 13.11702341 ], [ 6.767959, 13.13605982 ], [ 6.79139862, 13.16012228 ], [ 6.79199, 13.15861 ], [ 6.79711698, 13.15109677 ], [ 6.80224365, 13.14358344 ], [ 6.80737, 13.13607 ], [ 6.81111018, 13.13003672 ], [ 6.81485018, 13.12400339 ], [ 6.83616433, 13.09758934 ], [ 6.8420218, 13.09079552 ], [ 6.88887, 13.03644 ], [ 6.89161, 13.03179 ], [ 6.92801, 12.98985 ], [ 6.93409, 12.98861 ], [ 6.94032497, 12.99001008 ], [ 6.94656, 12.99141 ], [ 6.95546668, 12.9913391 ], [ 6.96437335, 12.99126789 ], [ 7.0, 12.99098 ], [ 7.01006, 12.9915 ], [ 7.01730737, 12.9930228 ], [ 7.03180237, 12.9960678 ], [ 7.03191019, 12.99609045 ], [ 7.03905, 12.99759 ], [ 7.04462998, 12.99853006 ], [ 7.04769032, 12.99904557 ] ] ] ] } },{ "type": "Feature", "properties": { "ucode": "NGA_0022_V1", "uuid": "9ea25f85-9018-48f2-bb77-ecfa2a60a70b", "cnpt_uuid": "9613125f-93ad-47df-86cd-086279f5a3ac", "is_latest": true, "start_date": "2023-09-06T00:00:00Z", "end_date": null, "name": "Kebbi", "level": 1, "level_name": "Admin Level 1", "type": "Admin Level 1", "SALB_ID": null, "WFP_ID": "902341", "Source_ID": "NG022", "BrazilStat": null, "UNDP_ID": null, "default": "902341", "Abyei": null, "name_en": "Kebbi", "Alternativ": null, "adm0_ucode": "NGA_V1", "adm0_type": "State" }, "geometry": { "type": "MultiPolygon", "coordinates": [ [ [ [ 4.94294637, 11.73252376 ], [ 4.96935361, 11.73668391 ], [ 4.97702413, 11.74128614 ], [ 5.00387051, 11.7389852 ], [ 5.01567319, 11.72894425 ], [ 5.03415375, 11.73151906 ], [ 5.07564378, 11.72373167 ], [ 5.0997514, 11.72824641 ], [ 5.11739355, 11.71980886 ], [ 5.13887064, 11.72210972 ], [ 5.14884242, 11.73361606 ], [ 5.17108683, 11.74128623 ], [ 5.17492203, 11.75816182 ], [ 5.16341634, 11.77273444 ], [ 5.17262064, 11.78347386 ], [ 5.20483673, 11.77043356 ], [ 5.20943881, 11.76046206 ], [ 5.22171161, 11.75432602 ], [ 5.23475184, 11.7696666 ], [ 5.28000724, 11.77043319 ], [ 5.29841658, 11.78654222 ], [ 5.30685363, 11.7834739 ], [ 5.34137116, 11.72901317 ], [ 5.35287665, 11.70446803 ], [ 5.36284831, 11.70983692 ], [ 5.40810382, 11.70293415 ], [ 5.44338789, 11.70293403 ], [ 5.45029176, 11.69756398 ], [ 5.46181352, 11.66599295 ], [ 5.46965939, 11.66860851 ], [ 5.51184692, 11.66860872 ], [ 5.52431164, 11.66285608 ], [ 5.54157034, 11.6657321 ], [ 5.55499313, 11.67531984 ], [ 5.55978738, 11.6858675 ], [ 5.59334566, 11.66956733 ], [ 5.64607997, 11.66285616 ], [ 5.65854447, 11.66860853 ], [ 5.67196812, 11.65997911 ], [ 5.69210282, 11.66764944 ], [ 5.71127882, 11.68203169 ], [ 5.72470222, 11.68490815 ], [ 5.73045481, 11.69449637 ], [ 5.74483737, 11.68107292 ], [ 5.75730182, 11.68203173 ], [ 5.76593113, 11.69353787 ], [ 5.78223077, 11.67627905 ], [ 5.83925617, 11.63380675 ], [ 5.84393843, 11.60335855 ], [ 5.84043645, 11.59065814 ], [ 5.82339907, 11.56517206 ], [ 5.81723158, 11.53621428 ], [ 5.81662773, 11.51363972 ], [ 5.82695941, 11.47967627 ], [ 5.85625627, 11.4795294 ], [ 5.91756439, 11.49033823 ], [ 5.9665285, 11.48994935 ], [ 5.99223755, 11.48699097 ], [ 6.0091474, 11.48039643 ], [ 6.02111733, 11.46940518 ], [ 6.02985242, 11.4541189 ], [ 6.06633975, 11.41868977 ], [ 6.13056996, 11.37453947 ], [ 6.14942562, 11.34579205 ], [ 6.15503697, 11.30906247 ], [ 6.12886801, 11.25370202 ], [ 6.06244658, 11.24267531 ], [ 6.05448766, 11.23998538 ], [ 6.03601713, 11.22145207 ], [ 6.02291137, 11.19770719 ], [ 6.00852172, 11.141016 ], [ 5.99336159, 11.14599402 ], [ 5.97408485, 11.13635537 ], [ 5.95159572, 11.10663774 ], [ 5.92107448, 11.07049478 ], [ 5.91143623, 11.06487157 ], [ 5.86324506, 11.05764305 ], [ 5.8311177, 11.05603698 ], [ 5.80541566, 11.04479245 ], [ 5.79577721, 11.04398941 ], [ 5.7652565, 11.0287287 ], [ 5.74196392, 11.00383 ], [ 5.70421407, 10.99017538 ], [ 5.68011869, 10.97571836 ], [ 5.63674647, 10.96206404 ], [ 5.60943797, 10.96527679 ], [ 5.57490075, 10.96527688 ], [ 5.53393827, 10.96126064 ], [ 5.51466176, 10.96206367 ], [ 5.45843876, 10.9532291 ], [ 5.45281641, 10.95644191 ], [ 5.44050906, 10.98544447 ], [ 5.43996518, 10.99820714 ], [ 5.4299903, 11.01681045 ], [ 5.42876121, 11.04097994 ], [ 5.40399189, 11.04378052 ], [ 5.38433795, 11.05958597 ], [ 5.38706512, 11.11033413 ], [ 5.41714423, 11.13891387 ], [ 5.41237952, 11.16949103 ], [ 5.37410408, 11.19177549 ], [ 5.35804034, 11.22711592 ], [ 5.35884332, 11.24478649 ], [ 5.35322101, 11.25843977 ], [ 5.3508115, 11.29619026 ], [ 5.33690014, 11.33545123 ], [ 5.31732424, 11.34205434 ], [ 5.29335155, 11.33864412 ], [ 5.27904323, 11.3258412 ], [ 5.24388121, 11.31599371 ], [ 5.23917026, 11.30330487 ], [ 5.24124098, 11.26072892 ], [ 5.19983648, 11.23643286 ], [ 5.15880138, 11.20621537 ], [ 5.13952775, 11.20843145 ], [ 5.13382634, 11.22172021 ], [ 5.11363995, 11.23036529 ], [ 5.11599424, 11.23743382 ], [ 5.13041917, 11.23679347 ], [ 5.15290662, 11.22543088 ], [ 5.17683986, 11.24531025 ], [ 5.20906915, 11.26494345 ], [ 5.21587599, 11.28361701 ], [ 5.216679, 11.29940235 ], [ 5.20945083, 11.32269479 ], [ 5.20302544, 11.33072672 ], [ 5.18455173, 11.33956268 ], [ 5.16848805, 11.34197152 ], [ 5.13395106, 11.35321594 ], [ 5.10503619, 11.35241298 ], [ 5.10021724, 11.3387584 ], [ 5.1058392, 11.31466292 ], [ 5.10021741, 11.27932248 ], [ 5.08013721, 11.25522693 ], [ 5.07130249, 11.23755713 ], [ 5.07130231, 11.2271156 ], [ 5.06246744, 11.20864204 ], [ 5.0488133, 11.21105201 ], [ 5.0488133, 11.22791873 ], [ 5.06246768, 11.24478648 ], [ 5.06487695, 11.25442408 ], [ 5.05845157, 11.27048797 ], [ 5.04560035, 11.27289791 ], [ 5.01668538, 11.25121116 ], [ 5.00544108, 11.25763693 ], [ 5.00865375, 11.27932244 ], [ 4.99098349, 11.28655158 ], [ 4.98134568, 11.31948166 ], [ 4.96608503, 11.36205106 ], [ 4.95243072, 11.36927964 ], [ 4.93395757, 11.35401925 ], [ 4.9178938, 11.37088582 ], [ 4.89058546, 11.37088564 ], [ 4.87130879, 11.35321629 ], [ 4.83757491, 11.33715263 ], [ 4.82633024, 11.33554649 ], [ 4.80544754, 11.32108876 ], [ 4.76607564, 11.30600063 ], [ 4.76145766, 11.31491978 ], [ 4.74088392, 11.30080433 ], [ 4.74707035, 11.27450431 ], [ 4.74376161, 11.25412222 ], [ 4.70340626, 11.22854328 ], [ 4.69921731, 11.22225935 ], [ 4.70201011, 11.19223699 ], [ 4.71038825, 11.1803672 ], [ 4.72158529, 11.17633657 ], [ 4.74612236, 11.14759238 ], [ 4.77943178, 11.13142014 ], [ 4.78858759, 11.11892513 ], [ 4.80255176, 11.11403747 ], [ 4.81780055, 11.11951167 ], [ 4.83965641, 11.1138594 ], [ 4.87656162, 11.09169472 ], [ 4.90867897, 11.08192067 ], [ 4.93451256, 11.08401464 ], [ 4.97989603, 11.08052348 ], [ 4.99176547, 11.0700504 ], [ 4.99595439, 11.05399212 ], [ 5.04063973, 11.05189698 ], [ 5.06297014, 11.01240735 ], [ 5.06798892, 10.98982161 ], [ 5.08137363, 10.95050421 ], [ 5.08221015, 10.92708119 ], [ 5.07551778, 10.91537017 ], [ 5.05460461, 10.90449508 ], [ 5.03452765, 10.89947612 ], [ 5.02532613, 10.89027386 ], [ 5.02867217, 10.85932229 ], [ 5.03871046, 10.83589937 ], [ 5.04707567, 10.82502476 ], [ 5.08388338, 10.81749619 ], [ 5.09977722, 10.80829451 ], [ 5.1089793, 10.79574569 ], [ 5.10087866, 10.7598298 ], [ 5.07970042, 10.75559322 ], [ 5.05711417, 10.7396984 ], [ 5.04038385, 10.73718908 ], [ 5.02699908, 10.74806402 ], [ 5.01194152, 10.74053546 ], [ 5.00859562, 10.7212956 ], [ 4.97931713, 10.71711281 ], [ 4.97346119, 10.71042038 ], [ 4.94836515, 10.70121868 ], [ 4.94167322, 10.68867036 ], [ 4.92326969, 10.69368953 ], [ 4.91490417, 10.68783366 ], [ 4.89399094, 10.6936894 ], [ 4.89064503, 10.70121859 ], [ 4.86805872, 10.70038195 ], [ 4.86220307, 10.70707426 ], [ 4.84379917, 10.69954493 ], [ 4.81452087, 10.70456426 ], [ 4.80699206, 10.69285276 ], [ 4.81452083, 10.67444985 ], [ 4.81201127, 10.66190171 ], [ 4.80280923, 10.65269931 ], [ 4.79611724, 10.62927736 ], [ 4.80197295, 10.61338323 ], [ 4.82372242, 10.59497937 ], [ 4.82790513, 10.56988345 ], [ 4.82204959, 10.55900864 ], [ 4.81870313, 10.50714417 ], [ 4.83292441, 10.48790365 ], [ 4.84505415, 10.47870146 ], [ 4.85341929, 10.46029736 ], [ 4.84028656, 10.37150508 ], [ 4.85347928, 10.3202542 ], [ 4.85464769, 10.2943604 ], [ 4.84158451, 10.29248691 ], [ 4.80275702, 10.29629855 ], [ 4.77645879, 10.29550147 ], [ 4.73128606, 10.31474195 ], [ 4.71288254, 10.31055945 ], [ 4.70200772, 10.29382876 ], [ 4.70535377, 10.2528393 ], [ 4.69698853, 10.24029091 ], [ 4.66938304, 10.22606926 ], [ 4.67105584, 10.21184908 ], [ 4.69280581, 10.18006053 ], [ 4.71288245, 10.16165758 ], [ 4.71079106, 10.1315421 ], [ 4.68987805, 10.11397431 ], [ 4.66812807, 10.11313814 ], [ 4.64386896, 10.12066735 ], [ 4.63564473, 10.12758379 ], [ 4.61399737, 10.12245715 ], [ 4.579358, 10.13197009 ], [ 4.5269212, 10.1142635 ], [ 4.5274854, 10.1430338 ], [ 4.55183407, 10.19485285 ], [ 4.56744237, 10.22294794 ], [ 4.56869078, 10.24604807 ], [ 4.55999658, 10.26808756 ], [ 4.54181951, 10.28712958 ], [ 4.49075122, 10.31396181 ], [ 4.48296122, 10.32867728 ], [ 4.48642346, 10.36849287 ], [ 4.47949887, 10.42129223 ], [ 4.485558, 10.46976476 ], [ 4.49854135, 10.51737026 ], [ 4.51005833, 10.53516784 ], [ 4.58508878, 10.56390485 ], [ 4.60696501, 10.57597464 ], [ 4.66127973, 10.62123697 ], [ 4.68919129, 10.64235885 ], [ 4.69748978, 10.6672537 ], [ 4.70050717, 10.70648005 ], [ 4.70654208, 10.74118112 ], [ 4.7148399, 10.77060102 ], [ 4.72012036, 10.81586374 ], [ 4.73747111, 10.85056513 ], [ 4.74199729, 10.87319555 ], [ 4.73219067, 10.89733599 ], [ 4.71634869, 10.91619486 ], [ 4.7076378, 10.91829784 ], [ 4.69704939, 10.93075911 ], [ 4.67443338, 10.9383893 ], [ 4.64491054, 10.94006826 ], [ 4.62657882, 10.91544041 ], [ 4.58735177, 10.90638816 ], [ 4.56849237, 10.90865116 ], [ 4.53982639, 10.91996699 ], [ 4.49230099, 10.91091435 ], [ 4.46773613, 10.90184489 ], [ 4.45091962, 10.88832467 ], [ 4.42908501, 10.88393496 ], [ 4.40143499, 10.89622684 ], [ 4.37084771, 10.90035368 ], [ 4.34100817, 10.91553119 ], [ 4.31936891, 10.91466639 ], [ 4.28820849, 10.92851541 ], [ 4.28388069, 10.93717099 ], [ 4.28820853, 10.98044899 ], [ 4.27782151, 10.98650832 ], [ 4.2561827, 10.98564271 ], [ 4.2388711, 11.00728117 ], [ 4.21376989, 11.03065203 ], [ 4.18607145, 11.03238309 ], [ 4.16702895, 11.02459334 ], [ 4.10038042, 11.02632419 ], [ 4.06835466, 11.02199664 ], [ 3.99391575, 11.01766851 ], [ 3.89091326, 11.05402259 ], [ 3.79396966, 11.11288047 ], [ 3.75155686, 11.12759574 ], [ 3.72652995, 11.1275957 ], [ 3.72733985, 11.12874147 ], [ 3.73086017, 11.13401073 ], [ 3.71040573, 11.13587405 ], [ 3.68069447, 11.13105937 ], [ 3.52892935, 11.27596474 ], [ 3.48883594, 11.40193259 ], [ 3.48654206, 11.4091364 ], [ 3.47803971, 11.43331423 ], [ 3.4974739, 11.50191302 ], [ 3.52166151, 11.57816854 ], [ 3.52785943, 11.60220883 ], [ 3.5387536, 11.62097891 ], [ 3.57660441, 11.67154154 ], [ 3.60942496, 11.69506436 ], [ 3.6056839, 11.69740169 ], [ 3.61573474, 11.70650517 ], [ 3.62133965, 11.71087022 ], [ 3.62593257, 11.71444695 ], [ 3.66075718, 11.7440352 ], [ 3.67305218, 11.7536452 ], [ 3.67945, 11.76351 ], [ 3.66586, 11.81047 ], [ 3.65001, 11.82111 ], [ 3.64473346, 11.82450343 ], [ 3.63418, 11.83129 ], [ 3.62673, 11.83937 ], [ 3.62258, 11.85249 ], [ 3.62123, 11.86859 ], [ 3.61767, 11.91689 ], [ 3.61934, 11.92539 ], [ 3.62543, 11.92974 ], [ 3.63088215, 11.93564016 ], [ 3.63633453, 11.94154022 ], [ 3.64178715, 11.94744016 ], [ 3.64724, 11.95334 ], [ 3.66183473, 11.96828763 ], [ 3.6667, 11.97327 ], [ 3.67388357, 11.98983562 ], [ 3.67396781, 12.00513552 ], [ 3.64354269, 12.10869422 ], [ 3.64337788, 12.10921893 ], [ 3.63691656, 12.12978906 ], [ 3.63799835, 12.1530475 ], [ 3.63871955, 12.16152151 ], [ 3.63908013, 12.16909403 ], [ 3.64106342, 12.20425214 ], [ 3.64863594, 12.23039535 ], [ 3.65296309, 12.23995114 ], [ 3.65548726, 12.26050512 ], [ 3.65368428, 12.26771704 ], [ 3.6515207, 12.28340296 ], [ 3.6515207, 12.29223757 ], [ 3.65079951, 12.30107217 ], [ 3.6506192, 12.35456058 ], [ 3.65097981, 12.36850362 ], [ 3.65105891, 12.37063951 ], [ 3.65278275, 12.40552482 ], [ 3.6537924, 12.42273728 ], [ 3.65819173, 12.49417134 ], [ 3.65747054, 12.51995395 ], [ 3.66414156, 12.53023094 ], [ 3.72940916, 12.5849816 ], [ 3.73590017, 12.59063077 ], [ 3.7791717, 12.62687067 ], [ 3.82320907, 12.66058667 ], [ 3.8337118, 12.66860969 ], [ 3.83740795, 12.67140428 ], [ 3.83865394, 12.67229884 ], [ 3.87094338, 12.69610511 ], [ 3.93476888, 12.74658855 ], [ 4.00111855, 12.84124501 ], [ 4.01788626, 12.86810941 ], [ 4.03086772, 12.87658342 ], [ 4.04547186, 12.8962359 ], [ 4.05683063, 12.92418209 ], [ 4.08549801, 12.96709302 ], [ 4.09433262, 12.97682911 ], [ 4.10208543, 12.99810428 ], [ 4.13435878, 13.16542083 ], [ 4.13429869, 13.21812796 ], [ 4.13423859, 13.22684238 ], [ 4.13405829, 13.25298558 ], [ 4.1340048, 13.26074045 ], [ 4.15207381, 13.25264063 ], [ 4.18407673, 13.25185954 ], [ 4.21295777, 13.26747152 ], [ 4.23247196, 13.26981234 ], [ 4.25354724, 13.26044641 ], [ 4.27696412, 13.24327379 ], [ 4.2878918, 13.23000442 ], [ 4.31521175, 13.229223 ], [ 4.34565352, 13.21361278 ], [ 4.35502058, 13.18395054 ], [ 4.3651681, 13.17380312 ], [ 4.39795161, 13.16521731 ], [ 4.42605211, 13.16287529 ], [ 4.50410848, 13.14180014 ], [ 4.52674482, 13.14023891 ], [ 4.55250353, 13.11526125 ], [ 4.57045657, 13.10511371 ], [ 4.61885167, 13.09184442 ], [ 4.62977939, 13.09886933 ], [ 4.65475752, 13.14726453 ], [ 4.67036869, 13.16599761 ], [ 4.68519933, 13.16990111 ], [ 4.70282273, 13.16694349 ], [ 4.70842027, 13.1561248 ], [ 4.70059436, 13.12444685 ], [ 4.69187066, 13.10612792 ], [ 4.6855742, 13.06766481 ], [ 4.70633636, 13.08364021 ], [ 4.70199232, 13.07108437 ], [ 4.68104071, 13.03743672 ], [ 4.66286419, 13.02281476 ], [ 4.64454416, 13.00318616 ], [ 4.63843724, 12.98486636 ], [ 4.66218192, 12.95159569 ], [ 4.69195355, 12.93608516 ], [ 4.70084619, 12.92471521 ], [ 4.70199015, 12.91038793 ], [ 4.72349448, 12.87930785 ], [ 4.75271947, 12.86404158 ], [ 4.77409269, 12.85706226 ], [ 4.78935958, 12.84310414 ], [ 4.7994151, 12.80934825 ], [ 4.81321195, 12.78820398 ], [ 4.81399257, 12.75854285 ], [ 4.80447702, 12.7566787 ], [ 4.75066797, 12.70157477 ], [ 4.74992142, 12.68244569 ], [ 4.75805891, 12.65194504 ], [ 4.80236394, 12.59848239 ], [ 4.84176789, 12.56871847 ], [ 4.84333955, 12.54726324 ], [ 4.82486913, 12.50936542 ], [ 4.81556427, 12.49653374 ], [ 4.78109537, 12.4657962 ], [ 4.76871667, 12.46076053 ], [ 4.76089014, 12.44941264 ], [ 4.75114238, 12.3900719 ], [ 4.74990993, 12.36802985 ], [ 4.73299576, 12.3683262 ], [ 4.71096271, 12.38079978 ], [ 4.70130338, 12.39831098 ], [ 4.6543047, 12.41832422 ], [ 4.63973271, 12.43039134 ], [ 4.62183841, 12.42920216 ], [ 4.61040794, 12.40402183 ], [ 4.6088683, 12.36518802 ], [ 4.59990167, 12.34178839 ], [ 4.56997601, 12.31682761 ], [ 4.55186686, 12.2933262 ], [ 4.54747485, 12.2537265 ], [ 4.542384, 12.24035938 ], [ 4.53398432, 12.18325219 ], [ 4.54361447, 12.16484971 ], [ 4.57068266, 12.09154784 ], [ 4.57767356, 12.05481804 ], [ 4.56592175, 11.98473351 ], [ 4.56219821, 11.97755335 ], [ 4.56115338, 11.92977898 ], [ 4.55697352, 11.898432 ], [ 4.5412998, 11.87648777 ], [ 4.53689197, 11.86167338 ], [ 4.53758673, 11.82763337 ], [ 4.54468092, 11.80350447 ], [ 4.53203906, 11.7940364 ], [ 4.52128076, 11.77659246 ], [ 4.50447638, 11.76959044 ], [ 4.49205189, 11.74486077 ], [ 4.47073757, 11.73476987 ], [ 4.4365998, 11.71370444 ], [ 4.42517779, 11.71012284 ], [ 4.41312022, 11.71734852 ], [ 4.40028198, 11.74668549 ], [ 4.38578008, 11.74994734 ], [ 4.3614584, 11.74128699 ], [ 4.34865825, 11.72747894 ], [ 4.37219282, 11.70165828 ], [ 4.38624332, 11.68136325 ], [ 4.39873219, 11.67980212 ], [ 4.40965991, 11.65638518 ], [ 4.44790791, 11.61891827 ], [ 4.47054435, 11.59393981 ], [ 4.48757793, 11.58310053 ], [ 4.50567431, 11.5855762 ], [ 4.54402636, 11.62009236 ], [ 4.54704015, 11.62913359 ], [ 4.55971248, 11.63555668 ], [ 4.58089595, 11.66119208 ], [ 4.60539012, 11.65614418 ], [ 4.62073085, 11.65691073 ], [ 4.62840181, 11.66688251 ], [ 4.64527658, 11.67225195 ], [ 4.66982216, 11.66534876 ], [ 4.67825933, 11.65844563 ], [ 4.69973708, 11.65921192 ], [ 4.72811747, 11.67608762 ], [ 4.75419718, 11.67531983 ], [ 4.76493596, 11.68989377 ], [ 4.78334474, 11.69833179 ], [ 4.79561755, 11.7251778 ], [ 4.80482201, 11.72747927 ], [ 4.82399844, 11.7228767 ], [ 4.84010644, 11.71060464 ], [ 4.86695293, 11.72671219 ], [ 4.88766334, 11.72594529 ], [ 4.89379928, 11.71137147 ], [ 4.91220851, 11.71980871 ], [ 4.93253512, 11.7198086 ], [ 4.94294637, 11.73252376 ] ] ] ] } },{ "type": "Feature", "properties": { "ucode": "NGA_0034_V1", "uuid": "bcc1eb0b-11ca-47f5-b199-c408240afd13", "cnpt_uuid": "c442f625-846a-475a-97f7-b083b97d884f", "is_latest": true, "start_date": "2023-09-06T00:00:00Z", "end_date": null, "name": "Sokoto", "level": 1, "level_name": "Admin Level 1", "type": "Admin Level 1", "SALB_ID": null, "WFP_ID": "902353", "Source_ID": "NG034", "BrazilStat": null, "UNDP_ID": null, "default": "902353", "Abyei": null, "name_en": "Sokoto", "Alternativ": null, "adm0_ucode": "NGA_V1", "adm0_type": "State" }, "geometry": { "type": "MultiPolygon", "coordinates": [ [ [ [ 6.12253218, 13.69416852 ], [ 6.13014914, 13.690227 ], [ 6.14060049, 13.68500133 ], [ 6.18072294, 13.70027992 ], [ 6.18896014, 13.70360119 ], [ 6.19670999, 13.70643558 ], [ 6.21659423, 13.71414112 ], [ 6.26557032, 13.7173927 ], [ 6.27343282, 13.71325821 ], [ 6.28129505, 13.70912347 ], [ 6.28581836, 13.70674444 ], [ 6.41437617, 13.63935768 ], [ 6.43814988, 13.61558397 ], [ 6.44354336, 13.61010849 ], [ 6.49859466, 13.55499861 ], [ 6.5149959, 13.52547743 ], [ 6.51909558, 13.51809695 ], [ 6.52603611, 13.50247591 ], [ 6.55190003, 13.47772598 ], [ 6.56483, 13.46535 ], [ 6.60451559, 13.42703829 ], [ 6.61084114, 13.42061495 ], [ 6.63614, 13.39492 ], [ 6.64881363, 13.38354683 ], [ 6.65515, 13.37786 ], [ 6.6597701, 13.37273504 ], [ 6.66439, 13.36761 ], [ 6.67111017, 13.36153509 ], [ 6.67783, 13.35546 ], [ 6.68148511, 13.34839503 ], [ 6.68514, 13.34133 ], [ 6.69462695, 13.32694343 ], [ 6.69937, 13.31975 ], [ 6.71746, 13.2889 ], [ 6.72522023, 13.2742334 ], [ 6.7291, 13.2669 ], [ 6.73300509, 13.26144003 ], [ 6.73691, 13.25598 ], [ 6.74039527, 13.24966258 ], [ 6.74736527, 13.23702758 ], [ 6.75085, 13.23071 ], [ 6.76457, 13.20729 ], [ 6.77692605, 13.18641532 ], [ 6.78104427, 13.17945695 ], [ 6.78455602, 13.17352289 ], [ 6.79139854, 13.16012248 ], [ 6.79139862, 13.16012228 ], [ 6.767959, 13.13605982 ], [ 6.74207068, 13.11702341 ], [ 6.69752703, 13.09913091 ], [ 6.68267912, 13.08390166 ], [ 6.65412565, 13.07742959 ], [ 6.64003958, 13.07019633 ], [ 6.60729793, 13.06676975 ], [ 6.58483603, 13.07514559 ], [ 6.56622444, 13.07590707 ], [ 6.52845507, 13.08476292 ], [ 6.50391257, 13.09511438 ], [ 6.44260915, 13.11272504 ], [ 6.42131902, 13.12349617 ], [ 6.40609069, 13.12539957 ], [ 6.3836285, 13.14519681 ], [ 6.35507494, 13.15357199 ], [ 6.31744619, 13.15823081 ], [ 6.28959218, 13.15890233 ], [ 6.27017592, 13.15623769 ], [ 6.26027714, 13.13149078 ], [ 6.25769996, 13.10109876 ], [ 6.26183413, 13.09007466 ], [ 6.25425472, 13.03150578 ], [ 6.24529699, 13.02806014 ], [ 6.21980235, 13.04252991 ], [ 6.18879568, 13.06595791 ], [ 6.16605699, 13.068714 ], [ 6.15158758, 13.07491492 ], [ 6.13160522, 13.072159 ], [ 6.10197635, 13.05975624 ], [ 6.07234762, 13.03977384 ], [ 6.02790247, 13.02134128 ], [ 6.02031745, 13.00850469 ], [ 6.0260845, 12.97082308 ], [ 6.04013624, 12.93842968 ], [ 6.03567568, 12.92214132 ], [ 6.01009049, 12.90478123 ], [ 6.00798701, 12.88511254 ], [ 6.017944, 12.83607792 ], [ 6.03220377, 12.78696136 ], [ 6.04550209, 12.75411616 ], [ 6.03568694, 12.74238846 ], [ 6.02098976, 12.73678988 ], [ 6.00419322, 12.74238856 ], [ 5.98739661, 12.75428651 ], [ 5.92301039, 12.77108307 ], [ 5.89501585, 12.78717973 ], [ 5.87821959, 12.80397617 ], [ 5.8530244, 12.81937332 ], [ 5.83762787, 12.83407014 ], [ 5.81313263, 12.83966939 ], [ 5.74087658, 12.82334339 ], [ 5.70515639, 12.80199871 ], [ 5.68944958, 12.76505584 ], [ 5.68645891, 12.70879529 ], [ 5.70535504, 12.65210719 ], [ 5.72845034, 12.59052087 ], [ 5.73334939, 12.56042647 ], [ 5.75277136, 12.50640797 ], [ 5.75097183, 12.46984096 ], [ 5.76475363, 12.42387253 ], [ 5.75901233, 12.34336773 ], [ 5.74184075, 12.3323524 ], [ 5.74379536, 12.32551216 ], [ 5.72565084, 12.2748864 ], [ 5.71031857, 12.26736836 ], [ 5.68300877, 12.27705858 ], [ 5.67331784, 12.288511 ], [ 5.65305558, 12.29203513 ], [ 5.63103156, 12.28851138 ], [ 5.61253113, 12.27441623 ], [ 5.54105432, 12.27252416 ], [ 5.52397767, 12.26147466 ], [ 5.47576098, 12.25243423 ], [ 5.43758966, 12.2534386 ], [ 5.4084587, 12.25946566 ], [ 5.35019729, 12.26649692 ], [ 5.32709347, 12.27252416 ], [ 5.2703977, 12.28166305 ], [ 5.23140122, 12.30405505 ], [ 5.21453602, 12.30756487 ], [ 5.18839006, 12.30453739 ], [ 5.16203388, 12.28284718 ], [ 5.11815531, 12.27855112 ], [ 5.06893432, 12.27754681 ], [ 5.02473578, 12.29060523 ], [ 4.997614, 12.30065019 ], [ 4.98154162, 12.30065044 ], [ 4.956429, 12.27051489 ], [ 4.95040193, 12.24640706 ], [ 4.95743349, 12.16001922 ], [ 4.95642897, 12.02943249 ], [ 4.94738844, 11.93601297 ], [ 4.94839296, 11.89683728 ], [ 4.94437481, 11.88076484 ], [ 4.94148404, 11.84244827 ], [ 4.92221613, 11.80002131 ], [ 4.91926669, 11.77705441 ], [ 4.92849993, 11.74077734 ], [ 4.94294637, 11.73252376 ], [ 4.93253512, 11.7198086 ], [ 4.91220851, 11.71980871 ], [ 4.89379928, 11.71137147 ], [ 4.88766334, 11.72594529 ], [ 4.86695293, 11.72671219 ], [ 4.84010644, 11.71060464 ], [ 4.82399844, 11.7228767 ], [ 4.80482201, 11.72747927 ], [ 4.79561755, 11.7251778 ], [ 4.78334474, 11.69833179 ], [ 4.76493596, 11.68989377 ], [ 4.75419718, 11.67531983 ], [ 4.72811747, 11.67608762 ], [ 4.69973708, 11.65921192 ], [ 4.67825933, 11.65844563 ], [ 4.66982216, 11.66534876 ], [ 4.64527658, 11.67225195 ], [ 4.62840181, 11.66688251 ], [ 4.62073085, 11.65691073 ], [ 4.60539012, 11.65614418 ], [ 4.58089595, 11.66119208 ], [ 4.55971248, 11.63555668 ], [ 4.54704015, 11.62913359 ], [ 4.54402636, 11.62009236 ], [ 4.50567431, 11.5855762 ], [ 4.48757793, 11.58310053 ], [ 4.47054435, 11.59393981 ], [ 4.44790791, 11.61891827 ], [ 4.40965991, 11.65638518 ], [ 4.39873219, 11.67980212 ], [ 4.38624332, 11.68136325 ], [ 4.37219282, 11.70165828 ], [ 4.34865825, 11.72747894 ], [ 4.3614584, 11.74128699 ], [ 4.38578008, 11.74994734 ], [ 4.40028198, 11.74668549 ], [ 4.41312022, 11.71734852 ], [ 4.42517779, 11.71012284 ], [ 4.4365998, 11.71370444 ], [ 4.47073757, 11.73476987 ], [ 4.49205189, 11.74486077 ], [ 4.50447638, 11.76959044 ], [ 4.52128076, 11.77659246 ], [ 4.53203906, 11.7940364 ], [ 4.54468092, 11.80350447 ], [ 4.53758673, 11.82763337 ], [ 4.53689197, 11.86167338 ], [ 4.5412998, 11.87648777 ], [ 4.55697352, 11.898432 ], [ 4.56115338, 11.92977898 ], [ 4.56219821, 11.97755335 ], [ 4.56592175, 11.98473351 ], [ 4.57767356, 12.05481804 ], [ 4.57068266, 12.09154784 ], [ 4.54361447, 12.16484971 ], [ 4.53398432, 12.18325219 ], [ 4.542384, 12.24035938 ], [ 4.54747485, 12.2537265 ], [ 4.55186686, 12.2933262 ], [ 4.56997601, 12.31682761 ], [ 4.59990167, 12.34178839 ], [ 4.6088683, 12.36518802 ], [ 4.61040794, 12.40402183 ], [ 4.62183841, 12.42920216 ], [ 4.63973271, 12.43039134 ], [ 4.6543047, 12.41832422 ], [ 4.70130338, 12.39831098 ], [ 4.71096271, 12.38079978 ], [ 4.73299576, 12.3683262 ], [ 4.74990993, 12.36802985 ], [ 4.75114238, 12.3900719 ], [ 4.76089014, 12.44941264 ], [ 4.76871667, 12.46076053 ], [ 4.78109537, 12.4657962 ], [ 4.81556427, 12.49653374 ], [ 4.82486913, 12.50936542 ], [ 4.84333955, 12.54726324 ], [ 4.84176789, 12.56871847 ], [ 4.80236394, 12.59848239 ], [ 4.75805891, 12.65194504 ], [ 4.74992142, 12.68244569 ], [ 4.75066797, 12.70157477 ], [ 4.80447702, 12.7566787 ], [ 4.81399257, 12.75854285 ], [ 4.81321195, 12.78820398 ], [ 4.7994151, 12.80934825 ], [ 4.78935958, 12.84310414 ], [ 4.77409269, 12.85706226 ], [ 4.75271947, 12.86404158 ], [ 4.72349448, 12.87930785 ], [ 4.70199015, 12.91038793 ], [ 4.70084619, 12.92471521 ], [ 4.69195355, 12.93608516 ], [ 4.66218192, 12.95159569 ], [ 4.63843724, 12.98486636 ], [ 4.64454416, 13.00318616 ], [ 4.66286419, 13.02281476 ], [ 4.68104071, 13.03743672 ], [ 4.70199232, 13.07108437 ], [ 4.70633636, 13.08364021 ], [ 4.6855742, 13.06766481 ], [ 4.69187066, 13.10612792 ], [ 4.70059436, 13.12444685 ], [ 4.70842027, 13.1561248 ], [ 4.70282273, 13.16694349 ], [ 4.68519933, 13.16990111 ], [ 4.67036869, 13.16599761 ], [ 4.65475752, 13.14726453 ], [ 4.62977939, 13.09886933 ], [ 4.61885167, 13.09184442 ], [ 4.57045657, 13.10511371 ], [ 4.55250353, 13.11526125 ], [ 4.52674482, 13.14023891 ], [ 4.50410848, 13.14180014 ], [ 4.42605211, 13.16287529 ], [ 4.39795161, 13.16521731 ], [ 4.3651681, 13.17380312 ], [ 4.35502058, 13.18395054 ], [ 4.34565352, 13.21361278 ], [ 4.31521175, 13.229223 ], [ 4.2878918, 13.23000442 ], [ 4.27696412, 13.24327379 ], [ 4.25354724, 13.26044641 ], [ 4.23247196, 13.26981234 ], [ 4.21295777, 13.26747152 ], [ 4.18407673, 13.25185954 ], [ 4.15207381, 13.25264063 ], [ 4.1340048, 13.26074045 ], [ 4.13399818, 13.26169997 ], [ 4.13394839, 13.32305232 ], [ 4.13396812, 13.3283201 ], [ 4.13381788, 13.47246834 ], [ 4.23135911, 13.47282894 ], [ 4.29307897, 13.52858933 ], [ 4.37987017, 13.60385184 ], [ 4.38448177, 13.60781297 ], [ 4.40830794, 13.6289196 ], [ 4.4637941, 13.67765098 ], [ 4.49985859, 13.68548466 ], [ 4.53983493, 13.70456167 ], [ 4.56113071, 13.71964402 ], [ 4.56741, 13.72433 ], [ 4.58930498, 13.72865006 ], [ 4.59472, 13.72965 ], [ 4.59714071, 13.73017727 ], [ 4.61616, 13.73432 ], [ 4.67243, 13.74448 ], [ 4.69881, 13.74935 ], [ 4.71293983, 13.75211541 ], [ 4.72000488, 13.7534978 ], [ 4.75777657, 13.76123357 ], [ 4.76539324, 13.7627069 ], [ 4.77301, 13.76418 ], [ 4.78007497, 13.7652751 ], [ 4.79541336, 13.76794222 ], [ 4.82408288, 13.77338679 ], [ 4.84505586, 13.77736972 ], [ 4.87076, 13.78248 ], [ 4.87611, 13.77531 ], [ 4.89828, 13.75445 ], [ 4.90952, 13.74861 ], [ 4.95923009, 13.74509047 ], [ 4.96681007, 13.74439535 ], [ 4.98073501, 13.74330508 ], [ 4.98708, 13.74291 ], [ 4.99363515, 13.73765309 ], [ 5.00019, 13.732396 ], [ 5.01648022, 13.7327426 ], [ 5.05363544, 13.74120045 ], [ 5.06174601, 13.74286387 ], [ 5.0806013, 13.74729982 ], [ 5.12831682, 13.74291085 ], [ 5.14622451, 13.74163998 ], [ 5.15517829, 13.74100406 ], [ 5.16413201, 13.74036781 ], [ 5.19428625, 13.73759501 ], [ 5.22236089, 13.7369018 ], [ 5.27677716, 13.73932801 ], [ 5.29121868, 13.75249889 ], [ 5.29526235, 13.7573513 ], [ 5.31039711, 13.77445031 ], [ 5.31594301, 13.78057346 ], [ 5.34159144, 13.8100345 ], [ 5.35441566, 13.83810914 ], [ 5.41726577, 13.85624808 ], [ 5.42396671, 13.85809661 ], [ 5.45285019, 13.86653037 ], [ 5.464288, 13.86930318 ], [ 5.49305584, 13.8862866 ], [ 5.5120136, 13.89411696 ], [ 5.52025069, 13.8985455 ], [ 5.536282, 13.89863407 ], [ 5.54469622, 13.89695122 ], [ 5.55399616, 13.89500267 ], [ 5.61918426, 13.86099148 ], [ 5.63964411, 13.85390582 ], [ 5.64590322, 13.85186885 ], [ 5.66679117, 13.8446946 ], [ 5.675161, 13.84159448 ], [ 5.72205964, 13.82365939 ], [ 5.72983163, 13.82053715 ], [ 5.73658958, 13.81782198 ], [ 5.74375914, 13.81489047 ], [ 5.74991474, 13.81236612 ], [ 5.77728312, 13.80439475 ], [ 5.78986017, 13.80253476 ], [ 5.80522738, 13.79978955 ], [ 5.82059423, 13.79704337 ], [ 5.99071679, 13.74299337 ], [ 6.00021579, 13.74035807 ], [ 6.07682952, 13.71706395 ], [ 6.12253218, 13.69416852 ] ] ] ] } },{ "type": "Feature", "properties": { "ucode": "NGA_0027_V1", "uuid": "4bd8fb39-9149-42af-b44b-e212338e66ca", "cnpt_uuid": "61d3e9f2-d5eb-4071-abe8-25b5e50476a8", "is_latest": true, "start_date": "2023-09-06T00:00:00Z", "end_date": null, "name": "Niger", "level": 1, "level_name": "Admin Level 1", "type": "Admin Level 1", "SALB_ID": null, "WFP_ID": "902346", "Source_ID": "NG027", "BrazilStat": null, "UNDP_ID": null, "default": "902346", "Abyei": null, "name_en": "Niger", "Alternativ": null, "adm0_ucode": "NGA_V1", "adm0_type": "State" }, "geometry": { "type": "MultiPolygon", "coordinates": [ [ [ [ 6.00852172, 11.141016 ], [ 6.0158504, 11.13796225 ], [ 6.02629232, 11.11386698 ], [ 6.03271779, 11.07531383 ], [ 6.0527972, 11.04318641 ], [ 6.06484521, 11.0319416 ], [ 6.11464267, 11.00142015 ], [ 6.14596686, 10.95724464 ], [ 6.1523924, 10.92993633 ], [ 6.15962135, 10.92592065 ], [ 6.16444018, 10.87291056 ], [ 6.16130064, 10.8661348 ], [ 6.15456248, 10.85539415 ], [ 6.13713216, 10.85202671 ], [ 6.1186585, 10.83757033 ], [ 6.13109841, 10.82403958 ], [ 6.12106798, 10.81427743 ], [ 6.10821716, 10.81347445 ], [ 6.11062675, 10.79660675 ], [ 6.09938181, 10.77090575 ], [ 6.10821733, 10.75966082 ], [ 6.11303617, 10.73958087 ], [ 6.1033978, 10.71869873 ], [ 6.09135013, 10.70825654 ], [ 6.09135006, 10.70022488 ], [ 6.11143026, 10.69540613 ], [ 6.11865848, 10.68416137 ], [ 6.13552573, 10.6777353 ], [ 6.13713226, 10.66970363 ], [ 6.12508404, 10.64962377 ], [ 6.1202649, 10.62713501 ], [ 6.11303614, 10.61267772 ], [ 6.11464252, 10.59902266 ], [ 6.12749383, 10.5934008 ], [ 6.12749376, 10.56930565 ], [ 6.12106802, 10.55324145 ], [ 6.0929565, 10.54601285 ], [ 6.09135021, 10.52272036 ], [ 6.08653126, 10.51549154 ], [ 6.09054718, 10.48095497 ], [ 6.10500419, 10.4568594 ], [ 6.13231271, 10.46408774 ], [ 6.14918006, 10.4504339 ], [ 6.15409714, 10.40997148 ], [ 6.1684562, 10.38376889 ], [ 6.20138694, 10.38698196 ], [ 6.21688306, 10.39470569 ], [ 6.22869526, 10.41750359 ], [ 6.24957791, 10.42151927 ], [ 6.25439727, 10.44320479 ], [ 6.26323212, 10.45685933 ], [ 6.29857254, 10.47051307 ], [ 6.30660437, 10.48898684 ], [ 6.32588109, 10.50505047 ], [ 6.37005608, 10.53235905 ], [ 6.39013583, 10.55484792 ], [ 6.39656167, 10.57251833 ], [ 6.41824761, 10.57653456 ], [ 6.43913027, 10.59259823 ], [ 6.45037508, 10.59500723 ], [ 6.49374722, 10.61428336 ], [ 6.51382671, 10.60544851 ], [ 6.52426814, 10.59500679 ], [ 6.5215932, 10.57283488 ], [ 6.5403318, 10.54521006 ], [ 6.55610072, 10.5469407 ], [ 6.57406563, 10.55725748 ], [ 6.58691698, 10.57412463 ], [ 6.64706993, 10.5934296 ], [ 6.70984561, 10.5875358 ], [ 6.7258683, 10.58938505 ], [ 6.73149069, 10.59661375 ], [ 6.72426164, 10.61749658 ], [ 6.71382053, 10.63436341 ], [ 6.72908126, 10.64882082 ], [ 6.75879921, 10.64560813 ], [ 6.78530397, 10.63918306 ], [ 6.80297416, 10.64319899 ], [ 6.81662836, 10.63837907 ], [ 6.82947928, 10.62472507 ], [ 6.82947931, 10.59982677 ], [ 6.83510171, 10.59581111 ], [ 6.841929, 10.57251839 ], [ 6.83550313, 10.53798116 ], [ 6.84433844, 10.52834321 ], [ 6.85638612, 10.53798116 ], [ 6.86910236, 10.55535696 ], [ 6.91260916, 10.53798086 ], [ 6.93590154, 10.50023155 ], [ 6.95351988, 10.48217877 ], [ 6.95437487, 10.46248125 ], [ 6.93831103, 10.43356707 ], [ 6.9230509, 10.38216294 ], [ 6.93429513, 10.36127924 ], [ 6.97721375, 10.36482978 ], [ 6.99694408, 10.35646069 ], [ 7.02023653, 10.35405173 ], [ 7.03389084, 10.34360996 ], [ 7.05075748, 10.31710424 ], [ 7.04593844, 10.29140261 ], [ 7.03228412, 10.28738672 ], [ 7.01943303, 10.27373246 ], [ 7.00818865, 10.24240794 ], [ 7.0025664, 10.24722753 ], [ 6.98488896, 10.23681425 ], [ 6.98248682, 10.24401471 ], [ 6.97043885, 10.23277023 ], [ 6.95447246, 10.19199845 ], [ 6.9423269, 10.18056317 ], [ 6.92867265, 10.18056269 ], [ 6.92144434, 10.19100406 ], [ 6.89493899, 10.15807316 ], [ 6.88530115, 10.15084471 ], [ 6.88208815, 10.11711117 ], [ 6.90117889, 10.07638158 ], [ 6.91442214, 10.07783582 ], [ 6.94049752, 10.06101301 ], [ 6.95227324, 10.04755522 ], [ 7.00778865, 10.04503146 ], [ 7.01872353, 10.03830263 ], [ 7.03386399, 10.04419063 ], [ 7.06498675, 10.04250817 ], [ 7.1053616, 10.02652639 ], [ 7.13816596, 10.03577872 ], [ 7.16676469, 10.03325565 ], [ 7.18863439, 10.02736752 ], [ 7.20713952, 10.04166684 ], [ 7.21601592, 10.03740792 ], [ 7.23237359, 10.04334902 ], [ 7.25406691, 10.03922654 ], [ 7.27022491, 10.02820855 ], [ 7.27779529, 10.0164329 ], [ 7.28108415, 9.99373707 ], [ 7.2810754, 9.96499435 ], [ 7.28620678, 9.94998285 ], [ 7.2853656, 9.93315972 ], [ 7.2979827, 9.89867311 ], [ 7.29545926, 9.8717568 ], [ 7.30050619, 9.86250386 ], [ 7.28873008, 9.84063326 ], [ 7.2929359, 9.81119326 ], [ 7.28536555, 9.78932381 ], [ 7.27358972, 9.78343573 ], [ 7.25172008, 9.79437048 ], [ 7.23153246, 9.79100603 ], [ 7.21050419, 9.7800712 ], [ 7.20473996, 9.75829578 ], [ 7.22480361, 9.73885526 ], [ 7.24499087, 9.73212616 ], [ 7.27106616, 9.73212649 ], [ 7.28031865, 9.72455585 ], [ 7.28873012, 9.70605083 ], [ 7.28284205, 9.68418105 ], [ 7.31144105, 9.66904057 ], [ 7.33873087, 9.63695998 ], [ 7.34352159, 9.62264888 ], [ 7.33366661, 9.60666198 ], [ 7.29406489, 9.59409691 ], [ 7.2851713, 9.55420909 ], [ 7.26097257, 9.52688782 ], [ 7.23910294, 9.51847634 ], [ 7.2273268, 9.49492441 ], [ 7.21130434, 9.50089184 ], [ 7.21347058, 9.48518565 ], [ 7.22430218, 9.46027251 ], [ 7.22159437, 9.44781688 ], [ 7.23784147, 9.43698527 ], [ 7.25463092, 9.4413173 ], [ 7.27466952, 9.44077577 ], [ 7.28950581, 9.42543722 ], [ 7.28983397, 9.40936375 ], [ 7.26979535, 9.39203357 ], [ 7.25625554, 9.37578577 ], [ 7.25463098, 9.36278844 ], [ 7.2703019, 9.34940523 ], [ 7.28008515, 9.35087328 ], [ 7.32124225, 9.36659815 ], [ 7.33532655, 9.36116309 ], [ 7.36038866, 9.36702164 ], [ 7.37648739, 9.36332989 ], [ 7.38816844, 9.34982298 ], [ 7.22002174, 9.11388125 ], [ 7.2189791, 9.10157975 ], [ 7.21149543, 9.10486742 ], [ 7.04364294, 9.23215388 ], [ 7.00954722, 9.2270179 ], [ 6.96163595, 9.22603355 ], [ 6.80029057, 9.22510682 ], [ 6.7822534, 8.7980021 ], [ 6.7786532, 8.74036074 ], [ 6.77955088, 8.59310603 ], [ 6.77866658, 8.45383054 ], [ 6.82764409, 8.4534506 ], [ 6.82478143, 8.43268198 ], [ 6.83213532, 8.42532739 ], [ 6.82478139, 8.40418529 ], [ 6.8376507, 8.39683148 ], [ 6.82294287, 8.36741532 ], [ 6.8073153, 8.34259511 ], [ 6.79076918, 8.33064554 ], [ 6.77238421, 8.33524133 ], [ 6.7668686, 8.30858328 ], [ 6.75124131, 8.3049058 ], [ 6.76135304, 8.29295634 ], [ 6.76135315, 8.27273282 ], [ 6.74388729, 8.26537898 ], [ 6.73009862, 8.28376385 ], [ 6.71998685, 8.27457146 ], [ 6.72589678, 8.25065665 ], [ 6.71814862, 8.24331657 ], [ 6.71263324, 8.20195101 ], [ 6.6912584, 8.18300638 ], [ 6.68367665, 8.21298109 ], [ 6.66529188, 8.22677036 ], [ 6.64139114, 8.25526726 ], [ 6.62668318, 8.28744021 ], [ 6.61381398, 8.29939074 ], [ 6.59910593, 8.32421028 ], [ 6.57980196, 8.33064548 ], [ 6.5513053, 8.36925415 ], [ 6.52740473, 8.37568849 ], [ 6.50350425, 8.4124585 ], [ 6.45294571, 8.44830908 ], [ 6.43134366, 8.51909074 ], [ 6.4249085, 8.54942608 ], [ 6.4056044, 8.61193456 ], [ 6.39825052, 8.6294002 ], [ 6.37986576, 8.64870452 ], [ 6.37526942, 8.66157426 ], [ 6.35872274, 8.68455512 ], [ 6.32379151, 8.71305188 ], [ 6.30264914, 8.72776023 ], [ 6.2677173, 8.73879129 ], [ 6.24657493, 8.73879155 ], [ 6.20853601, 8.73237493 ], [ 6.18532329, 8.72968184 ], [ 6.16905729, 8.72154893 ], [ 6.14953799, 8.72073554 ], [ 6.13164529, 8.75164138 ], [ 6.11456645, 8.75814702 ], [ 6.08447403, 8.76058765 ], [ 6.03323604, 8.75896081 ], [ 5.99989089, 8.75164152 ], [ 5.97874495, 8.7500141 ], [ 5.97467847, 8.75652142 ], [ 5.92832041, 8.74269479 ], [ 5.90148121, 8.75001438 ], [ 5.88684185, 8.74676135 ], [ 5.79575194, 8.74188157 ], [ 5.7746061, 8.75326735 ], [ 5.74207459, 8.79799925 ], [ 5.72824815, 8.81995881 ], [ 5.71279585, 8.82890504 ], [ 5.69164995, 8.82809135 ], [ 5.6420384, 8.83541133 ], [ 5.61926593, 8.85249016 ], [ 5.60137317, 8.87688913 ], [ 5.56314807, 8.89884843 ], [ 5.54362925, 8.91674127 ], [ 5.53956256, 8.93056776 ], [ 5.51185077, 8.94417121 ], [ 5.47386353, 8.9475622 ], [ 5.4575835, 8.96859077 ], [ 5.42502296, 8.9787662 ], [ 5.39110606, 8.98283577 ], [ 5.37007766, 8.996403 ], [ 5.3483705, 8.99843782 ], [ 5.32327209, 8.99233258 ], [ 5.27239643, 9.01471817 ], [ 5.23780114, 9.01878828 ], [ 5.20897188, 9.03506856 ], [ 5.17166329, 9.08730038 ], [ 5.15945278, 9.10697297 ], [ 5.10789915, 9.13546272 ], [ 5.06516349, 9.16259672 ], [ 5.04820491, 9.18769436 ], [ 5.0163231, 9.20533182 ], [ 4.99665117, 9.20736691 ], [ 4.97155279, 9.20058351 ], [ 4.96205568, 9.19312181 ], [ 4.91118048, 9.17141455 ], [ 4.88608175, 9.1673452 ], [ 4.86524728, 9.1503117 ], [ 4.84808445, 9.14119446 ], [ 4.81590417, 9.1326122 ], [ 4.81054076, 9.13636704 ], [ 4.78533268, 9.13529375 ], [ 4.7687063, 9.15352985 ], [ 4.76455492, 9.14993208 ], [ 4.75192075, 9.17985652 ], [ 4.75192071, 9.19949742 ], [ 4.75715827, 9.22437678 ], [ 4.7545395, 9.2479456 ], [ 4.73751684, 9.26889621 ], [ 4.68514007, 9.29246617 ], [ 4.6393104, 9.30817863 ], [ 4.61705023, 9.33043954 ], [ 4.6097269, 9.36175801 ], [ 4.57842251, 9.38805407 ], [ 4.50116677, 9.44043065 ], [ 4.44355206, 9.50982948 ], [ 4.38724705, 9.56220637 ], [ 4.35058349, 9.58839533 ], [ 4.28249365, 9.69445787 ], [ 4.20654722, 9.7821894 ], [ 4.17119261, 9.82016256 ], [ 4.15286112, 9.86206314 ], [ 4.14107611, 9.86075387 ], [ 4.12798222, 9.85158824 ], [ 4.11881591, 9.85551635 ], [ 4.1240535, 9.87515822 ], [ 4.11488767, 9.88170552 ], [ 4.09524632, 9.87777724 ], [ 4.09524629, 9.86730171 ], [ 4.08346178, 9.85158805 ], [ 4.0572733, 9.85682602 ], [ 4.03894137, 9.86468302 ], [ 4.0219188, 9.85682562 ], [ 4.01668126, 9.86861117 ], [ 4.01144365, 9.89872733 ], [ 4.00227781, 9.90658351 ], [ 3.98525525, 9.89348977 ], [ 3.98001741, 9.90658361 ], [ 3.94597247, 9.90789299 ], [ 3.936152, 9.91607765 ], [ 3.93451524, 9.92753502 ], [ 3.95906684, 9.93408183 ], [ 3.97052414, 9.94881336 ], [ 3.95906687, 9.96026983 ], [ 3.93451523, 9.96681789 ], [ 3.94106215, 9.97663769 ], [ 3.95251964, 9.97827546 ], [ 3.94924611, 9.99136908 ], [ 3.93451521, 9.9995527 ], [ 3.9214208, 9.99955278 ], [ 3.90996358, 9.98973288 ], [ 3.88704877, 9.98809544 ], [ 3.89032224, 10.0159206 ], [ 3.90341633, 10.01919476 ], [ 3.86413385, 10.05029307 ], [ 3.85103963, 10.05520321 ], [ 3.833035, 10.04701898 ], [ 3.8180457, 10.06683065 ], [ 3.79911708, 10.07119829 ], [ 3.78455642, 10.0624628 ], [ 3.7801883, 10.05226978 ], [ 3.78819656, 10.03843795 ], [ 3.7750921, 10.03334159 ], [ 3.77145197, 10.04717446 ], [ 3.75033902, 10.06828699 ], [ 3.74305894, 10.08430404 ], [ 3.73505043, 10.08794303 ], [ 3.73650667, 10.06828702 ], [ 3.7306824, 10.06828714 ], [ 3.71539378, 10.08939927 ], [ 3.70738555, 10.11706467 ], [ 3.70738557, 10.14327354 ], [ 3.70301721, 10.15273769 ], [ 3.68845678, 10.16147407 ], [ 3.67820958, 10.17682976 ], [ 3.65252182, 10.17138394 ], [ 3.6371602, 10.17381793 ], [ 3.60662663, 10.19390727 ], [ 3.5926086, 10.22389987 ], [ 3.58553495, 10.24827074 ], [ 3.57568326, 10.25806363 ], [ 3.55908542, 10.29639262 ], [ 3.58730885, 10.37031303 ], [ 3.60036378, 10.38942346 ], [ 3.59814069, 10.41202269 ], [ 3.6344499, 10.43272706 ], [ 3.66298447, 10.45628329 ], [ 3.67059293, 10.45594689 ], [ 3.75279105, 10.42365474 ], [ 3.7763774, 10.41244666 ], [ 3.78629834, 10.43629332 ], [ 3.79222599, 10.47569821 ], [ 3.80725982, 10.51902495 ], [ 3.81922479, 10.5358698 ], [ 3.82094173, 10.55896678 ], [ 3.83821021, 10.57661606 ], [ 3.84437249, 10.58954286 ], [ 3.83910495, 10.62812591 ], [ 3.84060662, 10.64414572 ], [ 3.84037893, 10.6515012 ], [ 3.84019403, 10.67090661 ], [ 3.83506562, 10.6990117 ], [ 3.81292298, 10.71987768 ], [ 3.7902377, 10.72435972 ], [ 3.7781775, 10.73766111 ], [ 3.76594881, 10.781022 ], [ 3.74590776, 10.80334431 ], [ 3.73705304, 10.82772207 ], [ 3.75526651, 10.85139344 ], [ 3.76654356, 10.88741928 ], [ 3.7745783, 10.92249124 ], [ 3.76464469, 10.95428971 ], [ 3.7431952, 11.006095 ], [ 3.72640932, 11.022313 ], [ 3.72787779, 11.04239003 ], [ 3.72263919, 11.0848809 ], [ 3.72256021, 11.12067133 ], [ 3.72524491, 11.12577776 ], [ 3.72652995, 11.1275957 ], [ 3.75155686, 11.12759574 ], [ 3.79396966, 11.11288047 ], [ 3.89091326, 11.05402259 ], [ 3.99391575, 11.01766851 ], [ 4.06835466, 11.02199664 ], [ 4.10038042, 11.02632419 ], [ 4.16702895, 11.02459334 ], [ 4.18607145, 11.03238309 ], [ 4.21376989, 11.03065203 ], [ 4.2388711, 11.00728117 ], [ 4.2561827, 10.98564271 ], [ 4.27782151, 10.98650832 ], [ 4.28820853, 10.98044899 ], [ 4.28388069, 10.93717099 ], [ 4.28820849, 10.92851541 ], [ 4.31936891, 10.91466639 ], [ 4.34100817, 10.91553119 ], [ 4.37084771, 10.90035368 ], [ 4.40143499, 10.89622684 ], [ 4.42908501, 10.88393496 ], [ 4.45091962, 10.88832467 ], [ 4.46773613, 10.90184489 ], [ 4.49230099, 10.91091435 ], [ 4.53982639, 10.91996699 ], [ 4.56849237, 10.90865116 ], [ 4.58735177, 10.90638816 ], [ 4.62657882, 10.91544041 ], [ 4.64491054, 10.94006826 ], [ 4.67443338, 10.9383893 ], [ 4.69704939, 10.93075911 ], [ 4.7076378, 10.91829784 ], [ 4.71634869, 10.91619486 ], [ 4.73219067, 10.89733599 ], [ 4.74199729, 10.87319555 ], [ 4.73747111, 10.85056513 ], [ 4.72012036, 10.81586374 ], [ 4.7148399, 10.77060102 ], [ 4.70654208, 10.74118112 ], [ 4.70050717, 10.70648005 ], [ 4.69748978, 10.6672537 ], [ 4.68919129, 10.64235885 ], [ 4.66127973, 10.62123697 ], [ 4.60696501, 10.57597464 ], [ 4.58508878, 10.56390485 ], [ 4.51005833, 10.53516784 ], [ 4.49854135, 10.51737026 ], [ 4.485558, 10.46976476 ], [ 4.47949887, 10.42129223 ], [ 4.48642346, 10.36849287 ], [ 4.48296122, 10.32867728 ], [ 4.49075122, 10.31396181 ], [ 4.54181951, 10.28712958 ], [ 4.55999658, 10.26808756 ], [ 4.56869078, 10.24604807 ], [ 4.56744237, 10.22294794 ], [ 4.55183407, 10.19485285 ], [ 4.5274854, 10.1430338 ], [ 4.5269212, 10.1142635 ], [ 4.579358, 10.13197009 ], [ 4.61399737, 10.12245715 ], [ 4.63564473, 10.12758379 ], [ 4.64386896, 10.12066735 ], [ 4.66812807, 10.11313814 ], [ 4.68987805, 10.11397431 ], [ 4.71079106, 10.1315421 ], [ 4.71288245, 10.16165758 ], [ 4.69280581, 10.18006053 ], [ 4.67105584, 10.21184908 ], [ 4.66938304, 10.22606926 ], [ 4.69698853, 10.24029091 ], [ 4.70535377, 10.2528393 ], [ 4.70200772, 10.29382876 ], [ 4.71288254, 10.31055945 ], [ 4.73128606, 10.31474195 ], [ 4.77645879, 10.29550147 ], [ 4.80275702, 10.29629855 ], [ 4.84158451, 10.29248691 ], [ 4.85464769, 10.2943604 ], [ 4.85347928, 10.3202542 ], [ 4.84028656, 10.37150508 ], [ 4.85341929, 10.46029736 ], [ 4.84505415, 10.47870146 ], [ 4.83292441, 10.48790365 ], [ 4.81870313, 10.50714417 ], [ 4.82204959, 10.55900864 ], [ 4.82790513, 10.56988345 ], [ 4.82372242, 10.59497937 ], [ 4.80197295, 10.61338323 ], [ 4.79611724, 10.62927736 ], [ 4.80280923, 10.65269931 ], [ 4.81201127, 10.66190171 ], [ 4.81452083, 10.67444985 ], [ 4.80699206, 10.69285276 ], [ 4.81452087, 10.70456426 ], [ 4.84379917, 10.69954493 ], [ 4.86220307, 10.70707426 ], [ 4.86805872, 10.70038195 ], [ 4.89064503, 10.70121859 ], [ 4.89399094, 10.6936894 ], [ 4.91490417, 10.68783366 ], [ 4.92326969, 10.69368953 ], [ 4.94167322, 10.68867036 ], [ 4.94836515, 10.70121868 ], [ 4.97346119, 10.71042038 ], [ 4.97931713, 10.71711281 ], [ 5.00859562, 10.7212956 ], [ 5.01194152, 10.74053546 ], [ 5.02699908, 10.74806402 ], [ 5.04038385, 10.73718908 ], [ 5.05711417, 10.7396984 ], [ 5.07970042, 10.75559322 ], [ 5.10087866, 10.7598298 ], [ 5.1089793, 10.79574569 ], [ 5.09977722, 10.80829451 ], [ 5.08388338, 10.81749619 ], [ 5.04707567, 10.82502476 ], [ 5.03871046, 10.83589937 ], [ 5.02867217, 10.85932229 ], [ 5.02532613, 10.89027386 ], [ 5.03452765, 10.89947612 ], [ 5.05460461, 10.90449508 ], [ 5.07551778, 10.91537017 ], [ 5.08221015, 10.92708119 ], [ 5.08137363, 10.95050421 ], [ 5.06798892, 10.98982161 ], [ 5.06297014, 11.01240735 ], [ 5.04063973, 11.05189698 ], [ 4.99595439, 11.05399212 ], [ 4.99176547, 11.0700504 ], [ 4.97989603, 11.08052348 ], [ 4.93451256, 11.08401464 ], [ 4.90867897, 11.08192067 ], [ 4.87656162, 11.09169472 ], [ 4.83965641, 11.1138594 ], [ 4.81780055, 11.11951167 ], [ 4.80255176, 11.11403747 ], [ 4.78858759, 11.11892513 ], [ 4.77943178, 11.13142014 ], [ 4.74612236, 11.14759238 ], [ 4.72158529, 11.17633657 ], [ 4.71038825, 11.1803672 ], [ 4.70201011, 11.19223699 ], [ 4.69921731, 11.22225935 ], [ 4.70340626, 11.22854328 ], [ 4.74376161, 11.25412222 ], [ 4.74707035, 11.27450431 ], [ 4.74088392, 11.30080433 ], [ 4.76145766, 11.31491978 ], [ 4.76607564, 11.30600063 ], [ 4.80544754, 11.32108876 ], [ 4.82633024, 11.33554649 ], [ 4.83757491, 11.33715263 ], [ 4.87130879, 11.35321629 ], [ 4.89058546, 11.37088564 ], [ 4.9178938, 11.37088582 ], [ 4.93395757, 11.35401925 ], [ 4.95243072, 11.36927964 ], [ 4.96608503, 11.36205106 ], [ 4.98134568, 11.31948166 ], [ 4.99098349, 11.28655158 ], [ 5.00865375, 11.27932244 ], [ 5.00544108, 11.25763693 ], [ 5.01668538, 11.25121116 ], [ 5.04560035, 11.27289791 ], [ 5.05845157, 11.27048797 ], [ 5.06487695, 11.25442408 ], [ 5.06246768, 11.24478648 ], [ 5.0488133, 11.22791873 ], [ 5.0488133, 11.21105201 ], [ 5.06246744, 11.20864204 ], [ 5.07130231, 11.2271156 ], [ 5.07130249, 11.23755713 ], [ 5.08013721, 11.25522693 ], [ 5.10021741, 11.27932248 ], [ 5.1058392, 11.31466292 ], [ 5.10021724, 11.3387584 ], [ 5.10503619, 11.35241298 ], [ 5.13395106, 11.35321594 ], [ 5.16848805, 11.34197152 ], [ 5.18455173, 11.33956268 ], [ 5.20302544, 11.33072672 ], [ 5.20945083, 11.32269479 ], [ 5.216679, 11.29940235 ], [ 5.21587599, 11.28361701 ], [ 5.20906915, 11.26494345 ], [ 5.17683986, 11.24531025 ], [ 5.15290662, 11.22543088 ], [ 5.13041917, 11.23679347 ], [ 5.11599424, 11.23743382 ], [ 5.11363995, 11.23036529 ], [ 5.13382634, 11.22172021 ], [ 5.13952775, 11.20843145 ], [ 5.15880138, 11.20621537 ], [ 5.19983648, 11.23643286 ], [ 5.24124098, 11.26072892 ], [ 5.23917026, 11.30330487 ], [ 5.24388121, 11.31599371 ], [ 5.27904323, 11.3258412 ], [ 5.29335155, 11.33864412 ], [ 5.31732424, 11.34205434 ], [ 5.33690014, 11.33545123 ], [ 5.3508115, 11.29619026 ], [ 5.35322101, 11.25843977 ], [ 5.35884332, 11.24478649 ], [ 5.35804034, 11.22711592 ], [ 5.37410408, 11.19177549 ], [ 5.41237952, 11.16949103 ], [ 5.41714423, 11.13891387 ], [ 5.38706512, 11.11033413 ], [ 5.38433795, 11.05958597 ], [ 5.40399189, 11.04378052 ], [ 5.42876121, 11.04097994 ], [ 5.4299903, 11.01681045 ], [ 5.43996518, 10.99820714 ], [ 5.44050906, 10.98544447 ], [ 5.45281641, 10.95644191 ], [ 5.45843876, 10.9532291 ], [ 5.51466176, 10.96206367 ], [ 5.53393827, 10.96126064 ], [ 5.57490075, 10.96527688 ], [ 5.60943797, 10.96527679 ], [ 5.63674647, 10.96206404 ], [ 5.68011869, 10.97571836 ], [ 5.70421407, 10.99017538 ], [ 5.74196392, 11.00383 ], [ 5.7652565, 11.0287287 ], [ 5.79577721, 11.04398941 ], [ 5.80541566, 11.04479245 ], [ 5.8311177, 11.05603698 ], [ 5.86324506, 11.05764305 ], [ 5.91143623, 11.06487157 ], [ 5.92107448, 11.07049478 ], [ 5.95159572, 11.10663774 ], [ 5.97408485, 11.13635537 ], [ 5.99336159, 11.14599402 ], [ 6.00852172, 11.141016 ] ] ] ] } },{ "type": "Feature", "properties": { "ucode": "NGA_0024_V1", "uuid": "da657a84-a564-47d6-b65e-34cd4b45fb77", "cnpt_uuid": "a047b65c-666b-4784-b975-04da1aca773d", "is_latest": true, "start_date": "2023-09-06T00:00:00Z", "end_date": null, "name": "Kwara", "level": 1, "level_name": "Admin Level 1", "type": "Admin Level 1", "SALB_ID": null, "WFP_ID": "902343", "Source_ID": "NG024", "BrazilStat": null, "UNDP_ID": null, "default": "902343", "Abyei": null, "name_en": "Kwara", "Alternativ": null, "adm0_ucode": "NGA_V1", "adm0_type": "State" }, "geometry": { "type": "MultiPolygon", "coordinates": [ [ [ [ 6.20853601, 8.73237493 ], [ 6.16987031, 8.66299142 ], [ 6.14791162, 8.59630119 ], [ 6.12513911, 8.55563537 ], [ 6.11375294, 8.46129319 ], [ 6.11131282, 8.43120087 ], [ 6.09748707, 8.41412163 ], [ 6.07796764, 8.3978557 ], [ 6.04055598, 8.39297586 ], [ 6.01371674, 8.40029535 ], [ 5.99094425, 8.40192225 ], [ 5.95678582, 8.40842806 ], [ 5.91205393, 8.42388054 ], [ 5.8494302, 8.42225464 ], [ 5.81852481, 8.42713462 ], [ 5.78273948, 8.42794707 ], [ 5.74858093, 8.43770682 ], [ 5.70466243, 8.44583989 ], [ 5.68817671, 8.45285131 ], [ 5.64285171, 8.46291914 ], [ 5.57453448, 8.50602424 ], [ 5.55420199, 8.51253047 ], [ 5.52410997, 8.53693003 ], [ 5.50303223, 8.53445352 ], [ 5.49624916, 8.52902593 ], [ 5.47657723, 8.49985794 ], [ 5.45351371, 8.48629086 ], [ 5.43311161, 8.46645252 ], [ 5.3966274, 8.43826004 ], [ 5.34190084, 8.37524117 ], [ 5.32150272, 8.34107864 ], [ 5.35319746, 8.30986973 ], [ 5.35667528, 8.27465634 ], [ 5.37232604, 8.27422153 ], [ 5.39710563, 8.29204568 ], [ 5.41840755, 8.28378587 ], [ 5.42231979, 8.25118057 ], [ 5.41884222, 8.23553075 ], [ 5.46622786, 8.20249079 ], [ 5.48823107, 8.20827491 ], [ 5.52697713, 8.20482578 ], [ 5.53969136, 8.19068909 ], [ 5.53665491, 8.15640926 ], [ 5.51796162, 8.13119414 ], [ 5.50448457, 8.1238042 ], [ 5.49796382, 8.11066447 ], [ 5.44906322, 8.10589594 ], [ 5.38734436, 8.10213285 ], [ 5.36401116, 8.0904666 ], [ 5.35874285, 8.07390795 ], [ 5.3613771, 8.04342456 ], [ 5.35196884, 8.02573686 ], [ 5.33239928, 8.00955497 ], [ 5.28286233, 8.00847142 ], [ 5.25675592, 8.01821029 ], [ 5.23078866, 8.02197367 ], [ 5.19578946, 8.01821044 ], [ 5.18186523, 8.03627386 ], [ 5.14234969, 8.06186486 ], [ 5.11788794, 8.06261818 ], [ 5.10585125, 8.0485557 ], [ 5.10486153, 8.035328 ], [ 5.084394, 8.024232 ], [ 5.05763283, 8.03946484 ], [ 5.05343961, 8.05776301 ], [ 5.03971569, 8.07186804 ], [ 5.00998165, 8.05013948 ], [ 5.00197607, 8.03412819 ], [ 4.98929554, 8.03403953 ], [ 4.97338537, 8.01811705 ], [ 4.96690472, 8.04670812 ], [ 4.94974993, 8.05547611 ], [ 4.92687758, 8.07987295 ], [ 4.91315371, 8.08559122 ], [ 4.85406638, 8.09550273 ], [ 4.85749721, 8.07263086 ], [ 4.84339232, 8.06195641 ], [ 4.81861351, 8.05356974 ], [ 4.80527117, 8.0638627 ], [ 4.7856388, 8.06843755 ], [ 4.75476069, 8.0650062 ], [ 4.72121423, 8.06424439 ], [ 4.704441, 8.04823316 ], [ 4.68728637, 8.05700113 ], [ 4.66555733, 8.04327677 ], [ 4.64840322, 8.05356973 ], [ 4.63734765, 8.05356985 ], [ 4.6339168, 8.07148651 ], [ 4.62171838, 8.07567991 ], [ 4.56899831, 8.05475606 ], [ 4.53348679, 8.07157515 ], [ 4.50562904, 8.09195905 ], [ 4.4954372, 8.11709988 ], [ 4.49407822, 8.1667003 ], [ 4.47709139, 8.21834004 ], [ 4.46010499, 8.23600592 ], [ 4.42137616, 8.27046402 ], [ 4.40381414, 8.27872384 ], [ 4.38685202, 8.29188884 ], [ 4.37561819, 8.31682981 ], [ 4.36763583, 8.35017228 ], [ 4.20914368, 8.68065844 ], [ 4.21342083, 8.68260193 ], [ 4.19036436, 8.7533095 ], [ 4.18290226, 8.76519541 ], [ 4.18605847, 8.80559609 ], [ 4.20008966, 8.8250557 ], [ 4.22110645, 8.86090642 ], [ 4.25799699, 8.90087119 ], [ 4.32101826, 8.94237351 ], [ 4.33485222, 8.95774488 ], [ 4.33485219, 8.98080086 ], [ 4.32562968, 8.99463447 ], [ 4.31640714, 8.99770932 ], [ 4.29027645, 8.99156115 ], [ 4.2533855, 8.96696672 ], [ 4.21046019, 8.97003295 ], [ 4.07200724, 9.01461715 ], [ 4.01206024, 9.03459925 ], [ 3.99054048, 9.04843327 ], [ 3.97209531, 9.07763861 ], [ 3.94442725, 9.14834619 ], [ 3.9213707, 9.17293918 ], [ 3.86296051, 9.18831091 ], [ 3.82607009, 9.18216253 ], [ 3.79532788, 9.16525383 ], [ 3.77073432, 9.14680835 ], [ 3.75382617, 9.12067778 ], [ 3.75228908, 9.08686182 ], [ 3.74306632, 9.04689713 ], [ 3.72000979, 9.01308086 ], [ 3.6554513, 8.98080052 ], [ 3.52479721, 8.92853907 ], [ 3.38799476, 8.8424618 ], [ 3.33880734, 8.82555308 ], [ 3.2819345, 8.80403335 ], [ 3.2373583, 8.78251472 ], [ 3.19739367, 8.79634847 ], [ 3.18355963, 8.81171884 ], [ 3.16357731, 8.8086454 ], [ 3.10363009, 8.75023448 ], [ 3.05136848, 8.72871572 ], [ 3.01447797, 8.71026992 ], [ 2.94223383, 8.63802617 ], [ 2.92071439, 8.61189565 ], [ 2.88843513, 8.60882087 ], [ 2.80235721, 8.61035825 ], [ 2.77622628, 8.59037599 ], [ 2.76207142, 8.57119987 ], [ 2.76187981, 8.57166222 ], [ 2.75518165, 8.5776113 ], [ 2.75032103, 8.59566474 ], [ 2.75663638, 8.61374978 ], [ 2.74980203, 8.61781196 ], [ 2.75501797, 8.6561709 ], [ 2.73585373, 8.65858787 ], [ 2.73483953, 8.66508256 ], [ 2.74919684, 8.67321696 ], [ 2.750042, 8.6822764 ], [ 2.73904777, 8.68650386 ], [ 2.74706795, 8.70230704 ], [ 2.75864666, 8.71067376 ], [ 2.74650945, 8.71168519 ], [ 2.7484116, 8.74074176 ], [ 2.73393245, 8.77207712 ], [ 2.73042865, 8.78429274 ], [ 2.73908604, 8.79114819 ], [ 2.746737, 8.80860819 ], [ 2.76110232, 8.80637129 ], [ 2.76745999, 8.82202567 ], [ 2.75920983, 8.82358429 ], [ 2.76055742, 8.8482886 ], [ 2.76643433, 8.86341567 ], [ 2.75461866, 8.87011012 ], [ 2.77074167, 8.87337197 ], [ 2.7718183, 8.90942443 ], [ 2.76334638, 8.9039941 ], [ 2.75764105, 8.91920991 ], [ 2.77141584, 8.92065478 ], [ 2.78329093, 8.94106255 ], [ 2.77322207, 8.96375849 ], [ 2.78734849, 8.96883037 ], [ 2.79019488, 8.978259 ], [ 2.78248943, 8.98499395 ], [ 2.79222289, 8.99416818 ], [ 2.78102144, 8.99564939 ], [ 2.78729541, 9.0055069 ], [ 2.77809729, 9.01666318 ], [ 2.78969696, 9.02531865 ], [ 2.77574022, 9.0312744 ], [ 2.78466026, 9.03559135 ], [ 2.79208172, 9.05050824 ], [ 2.78254907, 9.05459715 ], [ 2.78098918, 9.06851554 ], [ 2.84565272, 9.06641667 ], [ 2.88249186, 9.07355999 ], [ 2.89618281, 9.08263818 ], [ 2.93595889, 9.09107324 ], [ 2.9565002, 9.09172442 ], [ 2.97508649, 9.07455023 ], [ 2.99418308, 9.08063386 ], [ 3.013371, 9.07887071 ], [ 3.0399767, 9.08431789 ], [ 3.05771508, 9.09313033 ], [ 3.08140981, 9.09991489 ], [ 3.08892937, 9.12861823 ], [ 3.12120567, 9.18840817 ], [ 3.12404936, 9.20267672 ], [ 3.12222227, 9.23121631 ], [ 3.13143071, 9.25563119 ], [ 3.15081321, 9.2721597 ], [ 3.1588227, 9.29010488 ], [ 3.15424734, 9.33590765 ], [ 3.15392704, 9.34135684 ], [ 3.15735137, 9.36145241 ], [ 3.1406974, 9.40761353 ], [ 3.14348216, 9.43750298 ], [ 3.15061888, 9.45362516 ], [ 3.15499359, 9.49255953 ], [ 3.18947537, 9.50937249 ], [ 3.20519952, 9.53159698 ], [ 3.21272321, 9.53491088 ], [ 3.21791579, 9.5521634 ], [ 3.25740751, 9.60864863 ], [ 3.25602856, 9.63938154 ], [ 3.25663596, 9.64071698 ], [ 3.26731055, 9.6584168 ], [ 3.28497236, 9.66381158 ], [ 3.30040055, 9.6633927 ], [ 3.31250467, 9.65344568 ], [ 3.3503288, 9.68417942 ], [ 3.36149099, 9.70035419 ], [ 3.34277366, 9.71992525 ], [ 3.32761291, 9.74429976 ], [ 3.32326808, 9.76193259 ], [ 3.32814166, 9.78933248 ], [ 3.34562211, 9.81649529 ], [ 3.36043149, 9.83389364 ], [ 3.39324773, 9.83995497 ], [ 3.46681205, 9.86732098 ], [ 3.48730126, 9.86351501 ], [ 3.49433649, 9.85772124 ], [ 3.5148601, 9.85771871 ], [ 3.55371861, 9.88571438 ], [ 3.56353076, 9.8961296 ], [ 3.55794405, 9.9162753 ], [ 3.57995995, 9.939211 ], [ 3.58642619, 9.95083335 ], [ 3.59557847, 9.98506249 ], [ 3.60205927, 9.99953054 ], [ 3.60259808, 10.0286955 ], [ 3.58823474, 10.04330424 ], [ 3.58813482, 10.07743816 ], [ 3.59635251, 10.08823966 ], [ 3.59883108, 10.09023909 ], [ 3.61097309, 10.09742815 ], [ 3.63199607, 10.09738853 ], [ 3.64254857, 10.11804041 ], [ 3.65252182, 10.17138394 ], [ 3.67820958, 10.17682976 ], [ 3.68845678, 10.16147407 ], [ 3.70301721, 10.15273769 ], [ 3.70738557, 10.14327354 ], [ 3.70738555, 10.11706467 ], [ 3.71539378, 10.08939927 ], [ 3.7306824, 10.06828714 ], [ 3.73650667, 10.06828702 ], [ 3.73505043, 10.08794303 ], [ 3.74305894, 10.08430404 ], [ 3.75033902, 10.06828699 ], [ 3.77145197, 10.04717446 ], [ 3.7750921, 10.03334159 ], [ 3.78819656, 10.03843795 ], [ 3.7801883, 10.05226978 ], [ 3.78455642, 10.0624628 ], [ 3.79911708, 10.07119829 ], [ 3.8180457, 10.06683065 ], [ 3.833035, 10.04701898 ], [ 3.85103963, 10.05520321 ], [ 3.86413385, 10.05029307 ], [ 3.90341633, 10.01919476 ], [ 3.89032224, 10.0159206 ], [ 3.88704877, 9.98809544 ], [ 3.90996358, 9.98973288 ], [ 3.9214208, 9.99955278 ], [ 3.93451521, 9.9995527 ], [ 3.94924611, 9.99136908 ], [ 3.95251964, 9.97827546 ], [ 3.94106215, 9.97663769 ], [ 3.93451523, 9.96681789 ], [ 3.95906687, 9.96026983 ], [ 3.97052414, 9.94881336 ], [ 3.95906684, 9.93408183 ], [ 3.93451524, 9.92753502 ], [ 3.936152, 9.91607765 ], [ 3.94597247, 9.90789299 ], [ 3.98001741, 9.90658361 ], [ 3.98525525, 9.89348977 ], [ 4.00227781, 9.90658351 ], [ 4.01144365, 9.89872733 ], [ 4.01668126, 9.86861117 ], [ 4.0219188, 9.85682562 ], [ 4.03894137, 9.86468302 ], [ 4.0572733, 9.85682602 ], [ 4.08346178, 9.85158805 ], [ 4.09524629, 9.86730171 ], [ 4.09524632, 9.87777724 ], [ 4.11488767, 9.88170552 ], [ 4.1240535, 9.87515822 ], [ 4.11881591, 9.85551635 ], [ 4.12798222, 9.85158824 ], [ 4.14107611, 9.86075387 ], [ 4.15286112, 9.86206314 ], [ 4.17119261, 9.82016256 ], [ 4.20654722, 9.7821894 ], [ 4.28249365, 9.69445787 ], [ 4.35058349, 9.58839533 ], [ 4.38724705, 9.56220637 ], [ 4.44355206, 9.50982948 ], [ 4.50116677, 9.44043065 ], [ 4.57842251, 9.38805407 ], [ 4.6097269, 9.36175801 ], [ 4.61705023, 9.33043954 ], [ 4.6393104, 9.30817863 ], [ 4.68514007, 9.29246617 ], [ 4.73751684, 9.26889621 ], [ 4.7545395, 9.2479456 ], [ 4.75715827, 9.22437678 ], [ 4.75192071, 9.19949742 ], [ 4.75192075, 9.17985652 ], [ 4.76455492, 9.14993208 ], [ 4.7687063, 9.15352985 ], [ 4.78533268, 9.13529375 ], [ 4.81054076, 9.13636704 ], [ 4.81590417, 9.1326122 ], [ 4.84808445, 9.14119446 ], [ 4.86524728, 9.1503117 ], [ 4.88608175, 9.1673452 ], [ 4.91118048, 9.17141455 ], [ 4.96205568, 9.19312181 ], [ 4.97155279, 9.20058351 ], [ 4.99665117, 9.20736691 ], [ 5.0163231, 9.20533182 ], [ 5.04820491, 9.18769436 ], [ 5.06516349, 9.16259672 ], [ 5.10789915, 9.13546272 ], [ 5.15945278, 9.10697297 ], [ 5.17166329, 9.08730038 ], [ 5.20897188, 9.03506856 ], [ 5.23780114, 9.01878828 ], [ 5.27239643, 9.01471817 ], [ 5.32327209, 8.99233258 ], [ 5.3483705, 8.99843782 ], [ 5.37007766, 8.996403 ], [ 5.39110606, 8.98283577 ], [ 5.42502296, 8.9787662 ], [ 5.4575835, 8.96859077 ], [ 5.47386353, 8.9475622 ], [ 5.51185077, 8.94417121 ], [ 5.53956256, 8.93056776 ], [ 5.54362925, 8.91674127 ], [ 5.56314807, 8.89884843 ], [ 5.60137317, 8.87688913 ], [ 5.61926593, 8.85249016 ], [ 5.6420384, 8.83541133 ], [ 5.69164995, 8.82809135 ], [ 5.71279585, 8.82890504 ], [ 5.72824815, 8.81995881 ], [ 5.74207459, 8.79799925 ], [ 5.7746061, 8.75326735 ], [ 5.79575194, 8.74188157 ], [ 5.88684185, 8.74676135 ], [ 5.90148121, 8.75001438 ], [ 5.92832041, 8.74269479 ], [ 5.97467847, 8.75652142 ], [ 5.97874495, 8.7500141 ], [ 5.99989089, 8.75164152 ], [ 6.03323604, 8.75896081 ], [ 6.08447403, 8.76058765 ], [ 6.11456645, 8.75814702 ], [ 6.13164529, 8.75164138 ], [ 6.14953799, 8.72073554 ], [ 6.16905729, 8.72154893 ], [ 6.18532329, 8.72968184 ], [ 6.20853601, 8.73237493 ] ] ] ] } },{ "type": "Feature", "properties": { "ucode": "NGA_0031_V1", "uuid": "33f8d77c-1412-43d7-8768-ec1c437e1c5c", "cnpt_uuid": "1b48e51f-f9e4-4beb-ad22-43aeace9dff7", "is_latest": true, "start_date": "2023-09-06T00:00:00Z", "end_date": null, "name": "Oyo", "level": 1, "level_name": "Admin Level 1", "type": "Admin Level 1", "SALB_ID": null, "WFP_ID": "902350", "Source_ID": "NG031", "BrazilStat": null, "UNDP_ID": null, "default": "902350", "Abyei": null, "name_en": "Oyo", "Alternativ": null, "adm0_ucode": "NGA_V1", "adm0_type": "State" }, "geometry": { "type": "MultiPolygon", "coordinates": [ [ [ [ 4.56899831, 8.05475606 ], [ 4.55919976, 8.048995 ], [ 4.56301167, 8.03412811 ], [ 4.56301165, 8.00896825 ], [ 4.55755003, 7.98203983 ], [ 4.53089641, 7.96322829 ], [ 4.50706188, 7.95195406 ], [ 4.4926886, 7.95220029 ], [ 4.4824682, 7.94187812 ], [ 4.43215744, 7.93830282 ], [ 4.42959264, 7.93235307 ], [ 4.44012977, 7.91350168 ], [ 4.43631978, 7.88684829 ], [ 4.42778863, 7.88323539 ], [ 4.41009156, 7.89156269 ], [ 4.39246479, 7.89249198 ], [ 4.3822562, 7.88420028 ], [ 4.36564979, 7.85946826 ], [ 4.36020753, 7.88278774 ], [ 4.34839009, 7.90489755 ], [ 4.32818601, 7.93501321 ], [ 4.30711075, 7.94446367 ], [ 4.27653036, 7.97111533 ], [ 4.25080008, 7.96551024 ], [ 4.23880424, 7.95421672 ], [ 4.23558919, 7.93269236 ], [ 4.19133138, 7.91023457 ], [ 4.19730452, 7.88879345 ], [ 4.21654008, 7.8746731 ], [ 4.21081854, 7.86676021 ], [ 4.18637555, 7.86487054 ], [ 4.14711092, 7.84962231 ], [ 4.11979534, 7.84915491 ], [ 4.10248841, 7.84355917 ], [ 4.09114649, 7.85016593 ], [ 4.07620819, 7.82493019 ], [ 4.07066776, 7.80078302 ], [ 4.07083326, 7.75975219 ], [ 4.06193932, 7.74883021 ], [ 4.07416968, 7.73592038 ], [ 4.07778966, 7.7104991 ], [ 4.05628112, 7.6988233 ], [ 4.03903775, 7.68497787 ], [ 4.02472897, 7.66491764 ], [ 4.03423481, 7.6556507 ], [ 4.05000158, 7.65077943 ], [ 4.07667446, 7.61930491 ], [ 4.0923111, 7.60923805 ], [ 4.103072, 7.59187972 ], [ 4.11812783, 7.60316481 ], [ 4.12987012, 7.59982025 ], [ 4.12426372, 7.58166033 ], [ 4.10855343, 7.5756173 ], [ 4.10807801, 7.56744322 ], [ 4.12815318, 7.55312502 ], [ 4.12551765, 7.531504 ], [ 4.13432646, 7.52870393 ], [ 4.1488734, 7.53414696 ], [ 4.15892643, 7.52989156 ], [ 4.1658974, 7.50626184 ], [ 4.14143654, 7.43967444 ], [ 4.13532122, 7.40570123 ], [ 4.13396268, 7.36765093 ], [ 4.13803913, 7.35202356 ], [ 4.13668018, 7.33028085 ], [ 4.12808605, 7.28814504 ], [ 4.12537579, 7.2577914 ], [ 4.11128331, 7.25128705 ], [ 4.1026087, 7.23312622 ], [ 4.09421443, 7.22819466 ], [ 4.08138186, 7.20096453 ], [ 4.07199192, 7.16277923 ], [ 4.08545071, 7.15119842 ], [ 4.07261807, 7.14681668 ], [ 4.08835609, 7.13344617 ], [ 4.06912522, 7.13225895 ], [ 4.04590176, 7.13834992 ], [ 4.01925134, 7.12464415 ], [ 4.00554609, 7.12845143 ], [ 3.96557091, 7.10979652 ], [ 3.96024083, 7.09228386 ], [ 3.938921, 7.08390819 ], [ 3.81652139, 7.08276595 ], [ 3.78378006, 7.08010106 ], [ 3.73121309, 7.08064755 ], [ 3.72743439, 7.09685243 ], [ 3.7814958, 7.12121807 ], [ 3.79444004, 7.1394921 ], [ 3.78720668, 7.16385802 ], [ 3.77730797, 7.18060933 ], [ 3.78035377, 7.20269066 ], [ 3.76360228, 7.23048298 ], [ 3.7597952, 7.28111785 ], [ 3.76189315, 7.30096758 ], [ 3.71837211, 7.30130822 ], [ 3.71434663, 7.30479434 ], [ 3.71748259, 7.32795467 ], [ 3.71982912, 7.38760904 ], [ 3.70824481, 7.38937913 ], [ 3.707093, 7.44730521 ], [ 3.65716241, 7.44338935 ], [ 3.63337807, 7.44345612 ], [ 3.54051972, 7.43966096 ], [ 3.52228928, 7.41538421 ], [ 3.49771281, 7.39460072 ], [ 3.47444963, 7.38887363 ], [ 3.47336604, 7.39640671 ], [ 3.48285959, 7.41723193 ], [ 3.47147513, 7.43869538 ], [ 3.45940493, 7.44973459 ], [ 3.466584, 7.47114553 ], [ 3.44592954, 7.49379345 ], [ 3.39568712, 7.45917974 ], [ 3.39607906, 7.44064372 ], [ 3.3826599, 7.43315118 ], [ 3.38132309, 7.41577814 ], [ 3.38581684, 7.40128473 ], [ 3.37580778, 7.38683214 ], [ 3.35004188, 7.36315532 ], [ 3.32402848, 7.31515225 ], [ 3.30661373, 7.31404256 ], [ 3.2869959, 7.32452351 ], [ 3.28246689, 7.33554119 ], [ 3.25664453, 7.3634167 ], [ 3.23002432, 7.36986245 ], [ 3.18303587, 7.36999365 ], [ 3.15527297, 7.3781799 ], [ 3.14036655, 7.39559877 ], [ 3.11529447, 7.4080864 ], [ 3.09779191, 7.43047197 ], [ 3.08221125, 7.43862436 ], [ 3.07537961, 7.45138651 ], [ 3.06924584, 7.47573134 ], [ 3.07694602, 7.49134888 ], [ 3.06447198, 7.51976589 ], [ 3.04431557, 7.53430332 ], [ 3.03345229, 7.54997255 ], [ 3.00682618, 7.55583845 ], [ 2.98045924, 7.58719053 ], [ 2.97257305, 7.61038193 ], [ 2.97734335, 7.62311209 ], [ 2.98902202, 7.63060956 ], [ 2.99789023, 7.65191934 ], [ 2.9932766, 7.66116726 ], [ 3.00202181, 7.67336714 ], [ 2.98985123, 7.67910824 ], [ 3.00264838, 7.68784946 ], [ 2.99687911, 7.69883069 ], [ 3.01197553, 7.70063057 ], [ 3.00621393, 7.71392827 ], [ 3.025501, 7.75571058 ], [ 3.02031206, 7.76669396 ], [ 3.01922538, 7.78985748 ], [ 3.02502585, 7.7887231 ], [ 3.0048497, 7.83207888 ], [ 2.98287678, 7.85805134 ], [ 2.97287681, 7.81630698 ], [ 2.95011282, 7.77624741 ], [ 2.92683292, 7.75645788 ], [ 2.91173101, 7.75291954 ], [ 2.91531706, 7.78536946 ], [ 2.91128731, 7.79577792 ], [ 2.88231779, 7.81187474 ], [ 2.87945079, 7.82286742 ], [ 2.88300753, 7.84605028 ], [ 2.88131977, 7.86284011 ], [ 2.89130521, 7.89995042 ], [ 2.89655304, 7.90750168 ], [ 2.91865326, 7.92149445 ], [ 2.91750717, 7.92612368 ], [ 2.87861539, 7.92480291 ], [ 2.83858681, 7.93100695 ], [ 2.82293367, 7.93673312 ], [ 2.81773759, 7.94539962 ], [ 2.80034924, 7.95285655 ], [ 2.77710653, 7.944651 ], [ 2.76771426, 7.91159779 ], [ 2.75664926, 7.8999677 ], [ 2.72582603, 7.88072541 ], [ 2.71363162, 7.87893729 ], [ 2.68837245, 7.86781035 ], [ 2.68819913, 7.86794732 ], [ 2.68014564, 7.88548513 ], [ 2.66385052, 7.89486296 ], [ 2.67991613, 7.89579621 ], [ 2.67902148, 7.90643821 ], [ 2.69258866, 7.91517615 ], [ 2.69105874, 7.92770377 ], [ 2.69988622, 7.93692348 ], [ 2.71422873, 8.00151515 ], [ 2.72092119, 8.04740469 ], [ 2.73371946, 8.08202941 ], [ 2.72933674, 8.08709814 ], [ 2.73554962, 8.10027784 ], [ 2.73007837, 8.11189267 ], [ 2.7331601, 8.14576695 ], [ 2.7432621, 8.14894047 ], [ 2.75620364, 8.18719171 ], [ 2.75293516, 8.2053074 ], [ 2.75307328, 8.20704968 ], [ 2.75424077, 8.21673872 ], [ 2.72777104, 8.24588227 ], [ 2.72533855, 8.24772129 ], [ 2.70441524, 8.31013557 ], [ 2.69608805, 8.32115846 ], [ 2.69571715, 8.322668 ], [ 2.69989201, 8.32675878 ], [ 2.69809475, 8.35611074 ], [ 2.71288385, 8.37323441 ], [ 2.72001014, 8.3878591 ], [ 2.72044311, 8.40295036 ], [ 2.70914599, 8.42208015 ], [ 2.7180471, 8.43823443 ], [ 2.73532119, 8.43458239 ], [ 2.74918257, 8.44633871 ], [ 2.74781658, 8.46532117 ], [ 2.74892559, 8.46624251 ], [ 2.76052537, 8.48906294 ], [ 2.76782574, 8.52802825 ], [ 2.75160566, 8.53856735 ], [ 2.75937737, 8.55037586 ], [ 2.75925663, 8.56591592 ], [ 2.76014415, 8.5665425 ], [ 2.76213917, 8.57103637 ], [ 2.76207142, 8.57119987 ], [ 2.77622628, 8.59037599 ], [ 2.80235721, 8.61035825 ], [ 2.88843513, 8.60882087 ], [ 2.92071439, 8.61189565 ], [ 2.94223383, 8.63802617 ], [ 3.01447797, 8.71026992 ], [ 3.05136848, 8.72871572 ], [ 3.10363009, 8.75023448 ], [ 3.16357731, 8.8086454 ], [ 3.18355963, 8.81171884 ], [ 3.19739367, 8.79634847 ], [ 3.2373583, 8.78251472 ], [ 3.2819345, 8.80403335 ], [ 3.33880734, 8.82555308 ], [ 3.38799476, 8.8424618 ], [ 3.52479721, 8.92853907 ], [ 3.6554513, 8.98080052 ], [ 3.72000979, 9.01308086 ], [ 3.74306632, 9.04689713 ], [ 3.75228908, 9.08686182 ], [ 3.75382617, 9.12067778 ], [ 3.77073432, 9.14680835 ], [ 3.79532788, 9.16525383 ], [ 3.82607009, 9.18216253 ], [ 3.86296051, 9.18831091 ], [ 3.9213707, 9.17293918 ], [ 3.94442725, 9.14834619 ], [ 3.97209531, 9.07763861 ], [ 3.99054048, 9.04843327 ], [ 4.01206024, 9.03459925 ], [ 4.07200724, 9.01461715 ], [ 4.21046019, 8.97003295 ], [ 4.2533855, 8.96696672 ], [ 4.29027645, 8.99156115 ], [ 4.31640714, 8.99770932 ], [ 4.32562968, 8.99463447 ], [ 4.33485219, 8.98080086 ], [ 4.33485222, 8.95774488 ], [ 4.32101826, 8.94237351 ], [ 4.25799699, 8.90087119 ], [ 4.22110645, 8.86090642 ], [ 4.20008966, 8.8250557 ], [ 4.18605847, 8.80559609 ], [ 4.18290226, 8.76519541 ], [ 4.19036436, 8.7533095 ], [ 4.21342083, 8.68260193 ], [ 4.20914368, 8.68065844 ], [ 4.36763583, 8.35017228 ], [ 4.37561819, 8.31682981 ], [ 4.38685202, 8.29188884 ], [ 4.40381414, 8.27872384 ], [ 4.42137616, 8.27046402 ], [ 4.46010499, 8.23600592 ], [ 4.47709139, 8.21834004 ], [ 4.49407822, 8.1667003 ], [ 4.4954372, 8.11709988 ], [ 4.50562904, 8.09195905 ], [ 4.53348679, 8.07157515 ], [ 4.56899831, 8.05475606 ] ] ] ] } },{ "type": "Feature", "properties": { "ucode": "NGA_0028_V1", "uuid": "0334c50a-6f5a-4b40-85fb-e0117f0afde8", "cnpt_uuid": "a041e2fd-67f6-4853-ab0c-1e883eccf712", "is_latest": true, "start_date": "2023-09-06T00:00:00Z", "end_date": null, "name": "Ogun", "level": 1, "level_name": "Admin Level 1", "type": "Admin Level 1", "SALB_ID": null, "WFP_ID": "902347", "Source_ID": "NG028", "BrazilStat": null, "UNDP_ID": null, "default": "902347", "Abyei": null, "name_en": "Ogun", "Alternativ": null, "adm0_ucode": "NGA_V1", "adm0_type": "State" }, "geometry": { "type": "MultiPolygon", "coordinates": [ [ [ [ 4.08835609, 7.13344617 ], [ 4.17115642, 7.17071061 ], [ 4.18295861, 7.11131942 ], [ 4.18600417, 7.08543117 ], [ 4.19789265, 7.0491623 ], [ 4.21877387, 7.0471159 ], [ 4.26848602, 7.08835255 ], [ 4.29751493, 7.09058854 ], [ 4.33444121, 7.07079161 ], [ 4.36855031, 7.05911196 ], [ 4.37118009, 7.03246025 ], [ 4.37865689, 7.02606788 ], [ 4.37103271, 7.01798018 ], [ 4.37601846, 6.99479677 ], [ 4.39037999, 6.98085489 ], [ 4.40053661, 6.9807349 ], [ 4.4245214, 7.00243513 ], [ 4.43822714, 7.00471973 ], [ 4.45421703, 7.00091255 ], [ 4.46335408, 6.99329816 ], [ 4.488862, 6.99177547 ], [ 4.51627351, 7.022613 ], [ 4.5425424, 7.02109051 ], [ 4.57718754, 7.0233746 ], [ 4.60958584, 7.03107778 ], [ 4.584784, 7.01397893 ], [ 4.56434915, 6.9957398 ], [ 4.55621, 6.95876013 ], [ 4.55752225, 6.88951539 ], [ 4.55204152, 6.87471101 ], [ 4.54759556, 6.84052225 ], [ 4.51525736, 6.82002939 ], [ 4.4764127, 6.80226999 ], [ 4.41823148, 6.76039633 ], [ 4.41368287, 6.74467415 ], [ 4.38882347, 6.71314199 ], [ 4.38721033, 6.66973506 ], [ 4.37612013, 6.66321045 ], [ 4.37620259, 6.64843688 ], [ 4.38276954, 6.6346226 ], [ 4.42647074, 6.61270424 ], [ 4.4543171, 6.60731838 ], [ 4.46522472, 6.58213663 ], [ 4.46752358, 6.56676397 ], [ 4.49102688, 6.50872236 ], [ 4.49661063, 6.50505963 ], [ 4.51712476, 6.53183763 ], [ 4.52561151, 6.57952073 ], [ 4.5376912, 6.60113493 ], [ 4.55529315, 6.62357479 ], [ 4.57230047, 6.63910582 ], [ 4.58160144, 6.63306512 ], [ 4.58282213, 6.61670242 ], [ 4.57509369, 6.57873669 ], [ 4.58891512, 6.54319169 ], [ 4.58824877, 6.5323587 ], [ 4.60605425, 6.49920235 ], [ 4.60331916, 6.49087721 ], [ 4.56433102, 6.49897138 ], [ 4.56630894, 6.47682143 ], [ 4.5562997, 6.4426018 ], [ 4.53877839, 6.41468504 ], [ 4.52598736, 6.42095697 ], [ 4.47982272, 6.40905012 ], [ 4.47468329, 6.38832816 ], [ 4.48706388, 6.38773975 ], [ 4.51482822, 6.39712711 ], [ 4.56084818, 6.38256446 ], [ 4.57575796, 6.38097846 ], [ 4.59844974, 6.3661962 ], [ 4.59583756, 6.33571097 ], [ 4.57561403, 6.3042045 ], [ 4.55147642, 6.30961137 ], [ 4.51325128, 6.34725713 ], [ 4.49742221, 6.35917278 ], [ 4.47890423, 6.35445366 ], [ 4.45703777, 6.33832712 ], [ 4.41141701, 6.35573387 ], [ 4.35083771, 6.37152383 ], [ 4.35083775, 6.4276251 ], [ 4.33719925, 6.43952807 ], [ 4.3019399, 6.4387989 ], [ 4.29872178, 6.43518292 ], [ 4.26380878, 6.44356055 ], [ 4.25327155, 6.43432509 ], [ 4.22582961, 6.44561628 ], [ 4.21732568, 6.46305327 ], [ 4.2034616, 6.46190989 ], [ 4.1610732, 6.47472008 ], [ 4.15501027, 6.49664062 ], [ 4.17833427, 6.51513095 ], [ 4.21114391, 6.52808849 ], [ 4.22225672, 6.53774071 ], [ 4.2287331, 6.55761609 ], [ 4.2117606, 6.58173511 ], [ 4.20148747, 6.58687116 ], [ 4.18674852, 6.58486118 ], [ 4.16634226, 6.59337371 ], [ 4.15095512, 6.58129617 ], [ 4.13180572, 6.57322275 ], [ 4.11059617, 6.55828605 ], [ 4.10947947, 6.54843031 ], [ 4.09442129, 6.54688652 ], [ 4.08860777, 6.56263864 ], [ 4.06823106, 6.56355199 ], [ 4.0504813, 6.61915589 ], [ 4.05879216, 6.63596205 ], [ 4.08150819, 6.6376243 ], [ 4.09148076, 6.65258315 ], [ 4.0914807, 6.67899265 ], [ 4.01969953, 6.67994147 ], [ 3.97912555, 6.68241539 ], [ 3.94723283, 6.68018119 ], [ 3.70786503, 6.68303398 ], [ 3.5964215, 6.68233955 ], [ 3.53305897, 6.68973828 ], [ 3.45911161, 6.68732155 ], [ 3.46796631, 6.67933092 ], [ 3.46459133, 6.66895085 ], [ 3.4510194, 6.67566632 ], [ 3.4421713, 6.66724492 ], [ 3.45766355, 6.63943348 ], [ 3.38734642, 6.63861221 ], [ 3.37012914, 6.64118366 ], [ 3.3528618, 6.65828343 ], [ 3.34279747, 6.67373504 ], [ 3.31466479, 6.67546707 ], [ 3.26459897, 6.6982414 ], [ 3.24184108, 6.65986626 ], [ 3.2388513, 6.64000925 ], [ 3.24000762, 6.61602545 ], [ 3.22972418, 6.60104221 ], [ 3.21607257, 6.59500558 ], [ 3.19618107, 6.57332218 ], [ 3.20522191, 6.539589 ], [ 3.20396041, 6.52947744 ], [ 3.18657162, 6.51909688 ], [ 3.17951607, 6.509849 ], [ 3.13016294, 6.50066175 ], [ 3.1039462, 6.49945931 ], [ 3.08199997, 6.50358609 ], [ 3.03013826, 6.50318951 ], [ 2.98553816, 6.51072072 ], [ 2.91213283, 6.51417154 ], [ 2.88692931, 6.51095309 ], [ 2.89630699, 6.49501472 ], [ 2.88939906, 6.47610902 ], [ 2.87994624, 6.46992823 ], [ 2.85958625, 6.46774715 ], [ 2.85255075, 6.44997129 ], [ 2.83300137, 6.44314108 ], [ 2.8236761, 6.45147715 ], [ 2.79923248, 6.46009589 ], [ 2.78411413, 6.45274882 ], [ 2.744411, 6.4490753 ], [ 2.73544598, 6.45793051 ], [ 2.70730526, 6.45942885 ], [ 2.71915037, 6.48070461 ], [ 2.71512716, 6.50239813 ], [ 2.70616411, 6.5107971 ], [ 2.70685643, 6.51447864 ], [ 2.71693657, 6.53128865 ], [ 2.74812386, 6.56337676 ], [ 2.75103734, 6.57039321 ], [ 2.73935571, 6.59643303 ], [ 2.73259937, 6.63194886 ], [ 2.7425461, 6.64553261 ], [ 2.74802352, 6.66546907 ], [ 2.75885461, 6.67693458 ], [ 2.78607837, 6.69438044 ], [ 2.78293936, 6.72338356 ], [ 2.79230962, 6.74405054 ], [ 2.78410201, 6.76502241 ], [ 2.75978407, 6.76473321 ], [ 2.73413514, 6.78444502 ], [ 2.73509334, 6.81104671 ], [ 2.7405346, 6.83602139 ], [ 2.73883437, 6.85483656 ], [ 2.73914175, 6.86208223 ], [ 2.74098834, 6.91856071 ], [ 2.74115441, 6.92335885 ], [ 2.71337398, 6.94794637 ], [ 2.71401871, 6.95102426 ], [ 2.71670401, 6.95843873 ], [ 2.72352568, 6.97761878 ], [ 2.72768609, 7.01448856 ], [ 2.75802398, 7.03826878 ], [ 2.75823253, 7.0626119 ], [ 2.73881283, 7.10114134 ], [ 2.77079209, 7.12998311 ], [ 2.76363246, 7.20062916 ], [ 2.76285516, 7.20623571 ], [ 2.75888672, 7.24907664 ], [ 2.75052993, 7.2556421 ], [ 2.74693993, 7.27373781 ], [ 2.74611267, 7.30643165 ], [ 2.74596272, 7.31805126 ], [ 2.74494574, 7.41219819 ], [ 2.74606478, 7.42298912 ], [ 2.7588643, 7.42774693 ], [ 2.79336679, 7.42807826 ], [ 2.79535877, 7.47804881 ], [ 2.79279389, 7.4952064 ], [ 2.78271903, 7.51211864 ], [ 2.73871384, 7.54256748 ], [ 2.73903169, 7.56750803 ], [ 2.7272155, 7.5775913 ], [ 2.72077441, 7.66443518 ], [ 2.72626562, 7.68706327 ], [ 2.72729198, 7.69417774 ], [ 2.73169003, 7.74046655 ], [ 2.72437025, 7.75508192 ], [ 2.73033708, 7.77786281 ], [ 2.72251831, 7.80331941 ], [ 2.72575932, 7.81632119 ], [ 2.7080983, 7.81977838 ], [ 2.70047304, 7.85556797 ], [ 2.69411163, 7.86327476 ], [ 2.68837245, 7.86781035 ], [ 2.71363162, 7.87893729 ], [ 2.72582603, 7.88072541 ], [ 2.75664926, 7.8999677 ], [ 2.76771426, 7.91159779 ], [ 2.77710653, 7.944651 ], [ 2.80034924, 7.95285655 ], [ 2.81773759, 7.94539962 ], [ 2.82293367, 7.93673312 ], [ 2.83858681, 7.93100695 ], [ 2.87861539, 7.92480291 ], [ 2.91750717, 7.92612368 ], [ 2.91865326, 7.92149445 ], [ 2.89655304, 7.90750168 ], [ 2.89130521, 7.89995042 ], [ 2.88131977, 7.86284011 ], [ 2.88300753, 7.84605028 ], [ 2.87945079, 7.82286742 ], [ 2.88231779, 7.81187474 ], [ 2.91128731, 7.79577792 ], [ 2.91531706, 7.78536946 ], [ 2.91173101, 7.75291954 ], [ 2.92683292, 7.75645788 ], [ 2.95011282, 7.77624741 ], [ 2.97287681, 7.81630698 ], [ 2.98287678, 7.85805134 ], [ 3.0048497, 7.83207888 ], [ 3.02502585, 7.7887231 ], [ 3.01922538, 7.78985748 ], [ 3.02031206, 7.76669396 ], [ 3.025501, 7.75571058 ], [ 3.00621393, 7.71392827 ], [ 3.01197553, 7.70063057 ], [ 2.99687911, 7.69883069 ], [ 3.00264838, 7.68784946 ], [ 2.98985123, 7.67910824 ], [ 3.00202181, 7.67336714 ], [ 2.9932766, 7.66116726 ], [ 2.99789023, 7.65191934 ], [ 2.98902202, 7.63060956 ], [ 2.97734335, 7.62311209 ], [ 2.97257305, 7.61038193 ], [ 2.98045924, 7.58719053 ], [ 3.00682618, 7.55583845 ], [ 3.03345229, 7.54997255 ], [ 3.04431557, 7.53430332 ], [ 3.06447198, 7.51976589 ], [ 3.07694602, 7.49134888 ], [ 3.06924584, 7.47573134 ], [ 3.07537961, 7.45138651 ], [ 3.08221125, 7.43862436 ], [ 3.09779191, 7.43047197 ], [ 3.11529447, 7.4080864 ], [ 3.14036655, 7.39559877 ], [ 3.15527297, 7.3781799 ], [ 3.18303587, 7.36999365 ], [ 3.23002432, 7.36986245 ], [ 3.25664453, 7.3634167 ], [ 3.28246689, 7.33554119 ], [ 3.2869959, 7.32452351 ], [ 3.30661373, 7.31404256 ], [ 3.32402848, 7.31515225 ], [ 3.35004188, 7.36315532 ], [ 3.37580778, 7.38683214 ], [ 3.38581684, 7.40128473 ], [ 3.38132309, 7.41577814 ], [ 3.3826599, 7.43315118 ], [ 3.39607906, 7.44064372 ], [ 3.39568712, 7.45917974 ], [ 3.44592954, 7.49379345 ], [ 3.466584, 7.47114553 ], [ 3.45940493, 7.44973459 ], [ 3.47147513, 7.43869538 ], [ 3.48285959, 7.41723193 ], [ 3.47336604, 7.39640671 ], [ 3.47444963, 7.38887363 ], [ 3.49771281, 7.39460072 ], [ 3.52228928, 7.41538421 ], [ 3.54051972, 7.43966096 ], [ 3.63337807, 7.44345612 ], [ 3.65716241, 7.44338935 ], [ 3.707093, 7.44730521 ], [ 3.70824481, 7.38937913 ], [ 3.71982912, 7.38760904 ], [ 3.71748259, 7.32795467 ], [ 3.71434663, 7.30479434 ], [ 3.71837211, 7.30130822 ], [ 3.76189315, 7.30096758 ], [ 3.7597952, 7.28111785 ], [ 3.76360228, 7.23048298 ], [ 3.78035377, 7.20269066 ], [ 3.77730797, 7.18060933 ], [ 3.78720668, 7.16385802 ], [ 3.79444004, 7.1394921 ], [ 3.7814958, 7.12121807 ], [ 3.72743439, 7.09685243 ], [ 3.73121309, 7.08064755 ], [ 3.78378006, 7.08010106 ], [ 3.81652139, 7.08276595 ], [ 3.938921, 7.08390819 ], [ 3.96024083, 7.09228386 ], [ 3.96557091, 7.10979652 ], [ 4.00554609, 7.12845143 ], [ 4.01925134, 7.12464415 ], [ 4.04590176, 7.13834992 ], [ 4.06912522, 7.13225895 ], [ 4.08835609, 7.13344617 ] ] ] ] } },{ "type": "Feature", "properties": { "ucode": "NGA_0030_V1", "uuid": "d3ec66ee-3cde-4462-9272-ec67389f51f1", "cnpt_uuid": "0fcebfd1-b9c3-4220-bbd6-5cf2c53cfb6e", "is_latest": true, "start_date": "2023-09-06T00:00:00Z", "end_date": null, "name": "Osun", "level": 1, "level_name": "Admin Level 1", "type": "Admin Level 1", "SALB_ID": null, "WFP_ID": "902349", "Source_ID": "NG030", "BrazilStat": null, "UNDP_ID": null, "default": "902349", "Abyei": null, "name_en": "Osun", "Alternativ": null, "adm0_ucode": "NGA_V1", "adm0_type": "State" }, "geometry": { "type": "MultiPolygon", "coordinates": [ [ [ [ 5.05763283, 8.03946484 ], [ 5.05305813, 8.02345473 ], [ 5.03552255, 8.00515657 ], [ 5.03132921, 7.97694629 ], [ 5.01646185, 7.95521746 ], [ 5.00121361, 7.9460682 ], [ 4.99053951, 7.93120134 ], [ 4.94203527, 7.89992561 ], [ 4.92730003, 7.88037402 ], [ 4.92378281, 7.86349071 ], [ 4.91110084, 7.85010956 ], [ 4.90857937, 7.82979929 ], [ 4.91579579, 7.82211454 ], [ 4.91429037, 7.78300049 ], [ 4.90300039, 7.74988314 ], [ 4.89322849, 7.73033523 ], [ 4.88030632, 7.67608253 ], [ 4.8638615, 7.62268166 ], [ 4.8830547, 7.61139164 ], [ 4.90224787, 7.57639272 ], [ 4.91791911, 7.5297866 ], [ 4.92020613, 7.51720622 ], [ 4.95241886, 7.44782595 ], [ 4.98482131, 7.42647844 ], [ 4.98710866, 7.41923537 ], [ 5.00615932, 7.4136996 ], [ 5.00627999, 7.39200176 ], [ 4.98984452, 7.37772889 ], [ 4.94335229, 7.36995408 ], [ 4.87839748, 7.37882758 ], [ 4.8061237, 7.3701173 ], [ 4.77837996, 7.35703616 ], [ 4.76915924, 7.34775151 ], [ 4.76741787, 7.32742778 ], [ 4.76129129, 7.32103753 ], [ 4.74747188, 7.32107743 ], [ 4.74864501, 7.29770032 ], [ 4.74528604, 7.27227105 ], [ 4.75025363, 7.24607695 ], [ 4.74667313, 7.22297333 ], [ 4.73656173, 7.20721998 ], [ 4.72086624, 7.19512944 ], [ 4.71543165, 7.17201512 ], [ 4.70343452, 7.16179194 ], [ 4.68392754, 7.16814702 ], [ 4.6682172, 7.15882677 ], [ 4.67478944, 7.14408921 ], [ 4.66557407, 7.13388117 ], [ 4.6350899, 7.11339854 ], [ 4.61394982, 7.08004033 ], [ 4.60958584, 7.03107778 ], [ 4.57718754, 7.0233746 ], [ 4.5425424, 7.02109051 ], [ 4.51627351, 7.022613 ], [ 4.488862, 6.99177547 ], [ 4.46335408, 6.99329816 ], [ 4.45421703, 7.00091255 ], [ 4.43822714, 7.00471973 ], [ 4.4245214, 7.00243513 ], [ 4.40053661, 6.9807349 ], [ 4.39037999, 6.98085489 ], [ 4.37601846, 6.99479677 ], [ 4.37103271, 7.01798018 ], [ 4.37865689, 7.02606788 ], [ 4.37118009, 7.03246025 ], [ 4.36855031, 7.05911196 ], [ 4.33444121, 7.07079161 ], [ 4.29751493, 7.09058854 ], [ 4.26848602, 7.08835255 ], [ 4.21877387, 7.0471159 ], [ 4.19789265, 7.0491623 ], [ 4.18600417, 7.08543117 ], [ 4.18295861, 7.11131942 ], [ 4.17115642, 7.17071061 ], [ 4.08835609, 7.13344617 ], [ 4.07261807, 7.14681668 ], [ 4.08545071, 7.15119842 ], [ 4.07199192, 7.16277923 ], [ 4.08138186, 7.20096453 ], [ 4.09421443, 7.22819466 ], [ 4.1026087, 7.23312622 ], [ 4.11128331, 7.25128705 ], [ 4.12537579, 7.2577914 ], [ 4.12808605, 7.28814504 ], [ 4.13668018, 7.33028085 ], [ 4.13803913, 7.35202356 ], [ 4.13396268, 7.36765093 ], [ 4.13532122, 7.40570123 ], [ 4.14143654, 7.43967444 ], [ 4.1658974, 7.50626184 ], [ 4.15892643, 7.52989156 ], [ 4.1488734, 7.53414696 ], [ 4.13432646, 7.52870393 ], [ 4.12551765, 7.531504 ], [ 4.12815318, 7.55312502 ], [ 4.10807801, 7.56744322 ], [ 4.10855343, 7.5756173 ], [ 4.12426372, 7.58166033 ], [ 4.12987012, 7.59982025 ], [ 4.11812783, 7.60316481 ], [ 4.103072, 7.59187972 ], [ 4.0923111, 7.60923805 ], [ 4.07667446, 7.61930491 ], [ 4.05000158, 7.65077943 ], [ 4.03423481, 7.6556507 ], [ 4.02472897, 7.66491764 ], [ 4.03903775, 7.68497787 ], [ 4.05628112, 7.6988233 ], [ 4.07778966, 7.7104991 ], [ 4.07416968, 7.73592038 ], [ 4.06193932, 7.74883021 ], [ 4.07083326, 7.75975219 ], [ 4.07066776, 7.80078302 ], [ 4.07620819, 7.82493019 ], [ 4.09114649, 7.85016593 ], [ 4.10248841, 7.84355917 ], [ 4.11979534, 7.84915491 ], [ 4.14711092, 7.84962231 ], [ 4.18637555, 7.86487054 ], [ 4.21081854, 7.86676021 ], [ 4.21654008, 7.8746731 ], [ 4.19730452, 7.88879345 ], [ 4.19133138, 7.91023457 ], [ 4.23558919, 7.93269236 ], [ 4.23880424, 7.95421672 ], [ 4.25080008, 7.96551024 ], [ 4.27653036, 7.97111533 ], [ 4.30711075, 7.94446367 ], [ 4.32818601, 7.93501321 ], [ 4.34839009, 7.90489755 ], [ 4.36020753, 7.88278774 ], [ 4.36564979, 7.85946826 ], [ 4.3822562, 7.88420028 ], [ 4.39246479, 7.89249198 ], [ 4.41009156, 7.89156269 ], [ 4.42778863, 7.88323539 ], [ 4.43631978, 7.88684829 ], [ 4.44012977, 7.91350168 ], [ 4.42959264, 7.93235307 ], [ 4.43215744, 7.93830282 ], [ 4.4824682, 7.94187812 ], [ 4.4926886, 7.95220029 ], [ 4.50706188, 7.95195406 ], [ 4.53089641, 7.96322829 ], [ 4.55755003, 7.98203983 ], [ 4.56301165, 8.00896825 ], [ 4.56301167, 8.03412811 ], [ 4.55919976, 8.048995 ], [ 4.56899831, 8.05475606 ], [ 4.62171838, 8.07567991 ], [ 4.6339168, 8.07148651 ], [ 4.63734765, 8.05356985 ], [ 4.64840322, 8.05356973 ], [ 4.66555733, 8.04327677 ], [ 4.68728637, 8.05700113 ], [ 4.704441, 8.04823316 ], [ 4.72121423, 8.06424439 ], [ 4.75476069, 8.0650062 ], [ 4.7856388, 8.06843755 ], [ 4.80527117, 8.0638627 ], [ 4.81861351, 8.05356974 ], [ 4.84339232, 8.06195641 ], [ 4.85749721, 8.07263086 ], [ 4.85406638, 8.09550273 ], [ 4.91315371, 8.08559122 ], [ 4.92687758, 8.07987295 ], [ 4.94974993, 8.05547611 ], [ 4.96690472, 8.04670812 ], [ 4.97338537, 8.01811705 ], [ 4.98929554, 8.03403953 ], [ 5.00197607, 8.03412819 ], [ 5.00998165, 8.05013948 ], [ 5.03971569, 8.07186804 ], [ 5.05343961, 8.05776301 ], [ 5.05763283, 8.03946484 ] ] ] ] } },{ "type": "Feature", "properties": { "ucode": "NGA_0029_V1", "uuid": "0c7b129b-e2d5-42b8-962f-224862ec3883", "cnpt_uuid": "532ed2ad-d1b7-4d3e-a44d-c1ede5a56168", "is_latest": true, "start_date": "2023-09-06T00:00:00Z", "end_date": null, "name": "Ondo", "level": 1, "level_name": "Admin Level 1", "type": "Admin Level 1", "SALB_ID": null, "WFP_ID": "902348", "Source_ID": "NG029", "BrazilStat": null, "UNDP_ID": null, "default": "902348", "Abyei": null, "name_en": "Ondo", "Alternativ": null, "adm0_ucode": "NGA_V1", "adm0_type": "State" }, "geometry": { "type": "MultiPolygon", "coordinates": [ [ [ [ 6.00412568, 7.52923578 ], [ 5.97564325, 7.53021284 ], [ 5.96742821, 7.51570711 ], [ 5.95421881, 7.51523297 ], [ 5.94813496, 7.48730171 ], [ 5.96330318, 7.46036395 ], [ 5.98449093, 7.45611004 ], [ 5.98718222, 7.44151583 ], [ 5.97558694, 7.43228391 ], [ 5.96848395, 7.41485413 ], [ 5.97967709, 7.39144608 ], [ 5.97497074, 7.38215769 ], [ 5.97824199, 7.36814107 ], [ 5.98679503, 7.36340812 ], [ 5.97856603, 7.34773591 ], [ 5.95769513, 7.34432231 ], [ 5.95793372, 7.33133074 ], [ 5.97931108, 7.31967716 ], [ 5.97312852, 7.31224836 ], [ 5.94508723, 7.30552853 ], [ 5.92349329, 7.29558528 ], [ 5.89652206, 7.25805365 ], [ 5.89733997, 7.23123322 ], [ 5.90348092, 7.21719307 ], [ 5.88432512, 7.19986212 ], [ 5.8938751, 7.18287889 ], [ 5.87882188, 7.17251008 ], [ 5.86277901, 7.12833877 ], [ 5.84431127, 7.12032878 ], [ 5.8430338, 7.10984698 ], [ 5.85492271, 7.09634307 ], [ 5.81558318, 7.07159802 ], [ 5.8095932, 7.05124518 ], [ 5.80425791, 7.04853735 ], [ 5.79617797, 7.02429067 ], [ 5.78564228, 6.96834146 ], [ 5.79220431, 6.95545063 ], [ 5.79981172, 6.92132858 ], [ 5.78790745, 6.8944851 ], [ 5.78710831, 6.87139653 ], [ 5.77422573, 6.85378112 ], [ 5.76966664, 6.83990583 ], [ 5.77813487, 6.81779198 ], [ 5.77083551, 6.79651396 ], [ 5.75792115, 6.78443915 ], [ 5.72647941, 6.76949079 ], [ 5.71449277, 6.75742101 ], [ 5.70255753, 6.73611746 ], [ 5.66737089, 6.72761193 ], [ 5.64037471, 6.74685322 ], [ 5.62000227, 6.74212351 ], [ 5.57663482, 6.70402577 ], [ 5.5616561, 6.72979635 ], [ 5.56321625, 6.76238019 ], [ 5.55577456, 6.7870125 ], [ 5.54583501, 6.80429218 ], [ 5.54351088, 6.82480227 ], [ 5.54902737, 6.83314313 ], [ 5.57121329, 6.8452698 ], [ 5.57015222, 6.86927132 ], [ 5.55524019, 6.88303899 ], [ 5.5370598, 6.88479662 ], [ 5.27240812, 6.88885867 ], [ 5.25482213, 6.88322175 ], [ 5.20886852, 6.81002131 ], [ 5.19701587, 6.773945 ], [ 5.17297028, 6.76273121 ], [ 5.15081069, 6.74598782 ], [ 5.12232959, 6.69873842 ], [ 5.11414965, 6.66914567 ], [ 5.11158363, 6.63035002 ], [ 5.12755108, 6.59350451 ], [ 5.13691035, 6.57785892 ], [ 5.16211227, 6.56197311 ], [ 5.16424997, 6.55449236 ], [ 5.15516617, 6.53311973 ], [ 5.1503573, 6.51174687 ], [ 5.15338511, 6.49803303 ], [ 5.13361538, 6.47256362 ], [ 5.10298109, 6.44228566 ], [ 5.10778987, 6.43587384 ], [ 5.10387192, 6.42215961 ], [ 5.1097493, 6.41467963 ], [ 5.10369339, 6.40221208 ], [ 5.07573124, 6.37727688 ], [ 5.05282499, 6.38415088 ], [ 5.03921932, 6.36409719 ], [ 5.02924539, 6.36356297 ], [ 5.02782066, 6.34521825 ], [ 5.03530116, 6.32847591 ], [ 5.02152343, 6.31867892 ], [ 5.01289706, 6.30210025 ], [ 5.01561887, 6.29235314 ], [ 5.03774699, 6.27742666 ], [ 5.047969, 6.26491356 ], [ 5.05344817, 6.24683329 ], [ 5.06347844, 6.24834684 ], [ 5.07334753, 6.2395348 ], [ 5.07293368, 6.23118637 ], [ 5.08723586, 6.21452571 ], [ 5.08920181, 6.20105746 ], [ 5.10315604, 6.20217612 ], [ 5.11282587, 6.19547417 ], [ 5.12246812, 6.20587211 ], [ 5.13505069, 6.169817 ], [ 5.12695588, 6.1639466 ], [ 5.10112103, 6.12487893 ], [ 5.0759296, 6.07804869 ], [ 5.01640089, 5.94864315 ], [ 4.97655673, 5.88932281 ], [ 4.96261311, 5.90971613 ], [ 4.90904617, 5.97548103 ], [ 4.88040495, 6.00365019 ], [ 4.82539511, 6.05353594 ], [ 4.78024292, 6.09671116 ], [ 4.76306629, 6.11770392 ], [ 4.69312525, 6.17705774 ], [ 4.62958336, 6.22672224 ], [ 4.61213923, 6.23758888 ], [ 4.57405281, 6.26669407 ], [ 4.52932215, 6.30478573 ], [ 4.50819731, 6.31635189 ], [ 4.45703777, 6.33832712 ], [ 4.47890423, 6.35445366 ], [ 4.49742221, 6.35917278 ], [ 4.51325128, 6.34725713 ], [ 4.55147642, 6.30961137 ], [ 4.57561403, 6.3042045 ], [ 4.59583756, 6.33571097 ], [ 4.59844974, 6.3661962 ], [ 4.57575796, 6.38097846 ], [ 4.56084818, 6.38256446 ], [ 4.51482822, 6.39712711 ], [ 4.48706388, 6.38773975 ], [ 4.47468329, 6.38832816 ], [ 4.47982272, 6.40905012 ], [ 4.52598736, 6.42095697 ], [ 4.53877839, 6.41468504 ], [ 4.5562997, 6.4426018 ], [ 4.56630894, 6.47682143 ], [ 4.56433102, 6.49897138 ], [ 4.60331916, 6.49087721 ], [ 4.60605425, 6.49920235 ], [ 4.58824877, 6.5323587 ], [ 4.58891512, 6.54319169 ], [ 4.57509369, 6.57873669 ], [ 4.58282213, 6.61670242 ], [ 4.58160144, 6.63306512 ], [ 4.57230047, 6.63910582 ], [ 4.55529315, 6.62357479 ], [ 4.5376912, 6.60113493 ], [ 4.52561151, 6.57952073 ], [ 4.51712476, 6.53183763 ], [ 4.49661063, 6.50505963 ], [ 4.49102688, 6.50872236 ], [ 4.46752358, 6.56676397 ], [ 4.46522472, 6.58213663 ], [ 4.4543171, 6.60731838 ], [ 4.42647074, 6.61270424 ], [ 4.38276954, 6.6346226 ], [ 4.37620259, 6.64843688 ], [ 4.37612013, 6.66321045 ], [ 4.38721033, 6.66973506 ], [ 4.38882347, 6.71314199 ], [ 4.41368287, 6.74467415 ], [ 4.41823148, 6.76039633 ], [ 4.4764127, 6.80226999 ], [ 4.51525736, 6.82002939 ], [ 4.54759556, 6.84052225 ], [ 4.55204152, 6.87471101 ], [ 4.55752225, 6.88951539 ], [ 4.55621, 6.95876013 ], [ 4.56434915, 6.9957398 ], [ 4.584784, 7.01397893 ], [ 4.60958584, 7.03107778 ], [ 4.61394982, 7.08004033 ], [ 4.6350899, 7.11339854 ], [ 4.66557407, 7.13388117 ], [ 4.67478944, 7.14408921 ], [ 4.6682172, 7.15882677 ], [ 4.68392754, 7.16814702 ], [ 4.70343452, 7.16179194 ], [ 4.71543165, 7.17201512 ], [ 4.72086624, 7.19512944 ], [ 4.73656173, 7.20721998 ], [ 4.74667313, 7.22297333 ], [ 4.75025363, 7.24607695 ], [ 4.74528604, 7.27227105 ], [ 4.74864501, 7.29770032 ], [ 4.74747188, 7.32107743 ], [ 4.76129129, 7.32103753 ], [ 4.76741787, 7.32742778 ], [ 4.76915924, 7.34775151 ], [ 4.77837996, 7.35703616 ], [ 4.8061237, 7.3701173 ], [ 4.87839748, 7.37882758 ], [ 4.94335229, 7.36995408 ], [ 4.98984452, 7.37772889 ], [ 5.00627999, 7.39200176 ], [ 5.00615932, 7.4136996 ], [ 5.01811499, 7.43130962 ], [ 5.04856817, 7.45733267 ], [ 5.07822807, 7.45934397 ], [ 5.09588574, 7.45205501 ], [ 5.12651868, 7.44576086 ], [ 5.19239984, 7.43689203 ], [ 5.24527017, 7.43349176 ], [ 5.26842395, 7.43823675 ], [ 5.29439556, 7.43653392 ], [ 5.32033101, 7.44129466 ], [ 5.32880915, 7.41733406 ], [ 5.34662622, 7.38142154 ], [ 5.3542495, 7.34452957 ], [ 5.35443921, 7.31036627 ], [ 5.35823011, 7.29561321 ], [ 5.38822615, 7.28318692 ], [ 5.39814055, 7.28844775 ], [ 5.45404382, 7.30061431 ], [ 5.45047117, 7.31893919 ], [ 5.50169683, 7.32539302 ], [ 5.52638183, 7.34086348 ], [ 5.54601725, 7.37421597 ], [ 5.552477, 7.37979213 ], [ 5.57544553, 7.41777718 ], [ 5.59937281, 7.45022732 ], [ 5.60994644, 7.48503184 ], [ 5.61304843, 7.52035828 ], [ 5.60475915, 7.51992198 ], [ 5.60782133, 7.55682937 ], [ 5.62741808, 7.59437433 ], [ 5.61991526, 7.61662674 ], [ 5.62321719, 7.62781779 ], [ 5.64940673, 7.6367921 ], [ 5.68096214, 7.62374408 ], [ 5.69140105, 7.63801035 ], [ 5.69488092, 7.67176353 ], [ 5.69940429, 7.68289814 ], [ 5.71645507, 7.70099256 ], [ 5.76760589, 7.73718124 ], [ 5.77302844, 7.7473188 ], [ 5.81643927, 7.72784891 ], [ 5.827743, 7.73404069 ], [ 5.84260841, 7.72858283 ], [ 5.85743334, 7.73051219 ], [ 5.88981283, 7.74361858 ], [ 5.91944685, 7.75024594 ], [ 5.93060392, 7.7447681 ], [ 5.92149128, 7.71609309 ], [ 5.9290217, 7.69582122 ], [ 5.93762832, 7.64877712 ], [ 5.96387788, 7.61574924 ], [ 6.0040028, 7.58744934 ], [ 6.00893054, 7.57972548 ], [ 6.00412568, 7.52923578 ] ] ] ] } },{ "type": "Feature", "properties": { "ucode": "NGA_0013_V1", "uuid": "5874b06b-8360-432d-9960-7f52b4a533f8", "cnpt_uuid": "003868cc-fb73-4417-aafd-fc0321590650", "is_latest": true, "start_date": "2023-09-06T00:00:00Z", "end_date": null, "name": "Ekiti", "level": 1, "level_name": "Admin Level 1", "type": "Admin Level 1", "SALB_ID": null, "WFP_ID": "902332", "Source_ID": "NG013", "BrazilStat": null, "UNDP_ID": null, "default": "902332", "Abyei": null, "name_en": "Ekiti", "Alternativ": null, "adm0_ucode": "NGA_V1", "adm0_type": "State" }, "geometry": { "type": "MultiPolygon", "coordinates": [ [ [ [ 5.77302844, 7.7473188 ], [ 5.76760589, 7.73718124 ], [ 5.71645507, 7.70099256 ], [ 5.69940429, 7.68289814 ], [ 5.69488092, 7.67176353 ], [ 5.69140105, 7.63801035 ], [ 5.68096214, 7.62374408 ], [ 5.64940673, 7.6367921 ], [ 5.62321719, 7.62781779 ], [ 5.61991526, 7.61662674 ], [ 5.62741808, 7.59437433 ], [ 5.60782133, 7.55682937 ], [ 5.60475915, 7.51992198 ], [ 5.61304843, 7.52035828 ], [ 5.60994644, 7.48503184 ], [ 5.59937281, 7.45022732 ], [ 5.57544553, 7.41777718 ], [ 5.552477, 7.37979213 ], [ 5.54601725, 7.37421597 ], [ 5.52638183, 7.34086348 ], [ 5.50169683, 7.32539302 ], [ 5.45047117, 7.31893919 ], [ 5.45404382, 7.30061431 ], [ 5.39814055, 7.28844775 ], [ 5.38822615, 7.28318692 ], [ 5.35823011, 7.29561321 ], [ 5.35443921, 7.31036627 ], [ 5.3542495, 7.34452957 ], [ 5.34662622, 7.38142154 ], [ 5.32880915, 7.41733406 ], [ 5.32033101, 7.44129466 ], [ 5.29439556, 7.43653392 ], [ 5.26842395, 7.43823675 ], [ 5.24527017, 7.43349176 ], [ 5.19239984, 7.43689203 ], [ 5.12651868, 7.44576086 ], [ 5.09588574, 7.45205501 ], [ 5.07822807, 7.45934397 ], [ 5.04856817, 7.45733267 ], [ 5.01811499, 7.43130962 ], [ 5.00615932, 7.4136996 ], [ 4.98710866, 7.41923537 ], [ 4.98482131, 7.42647844 ], [ 4.95241886, 7.44782595 ], [ 4.92020613, 7.51720622 ], [ 4.91791911, 7.5297866 ], [ 4.90224787, 7.57639272 ], [ 4.8830547, 7.61139164 ], [ 4.8638615, 7.62268166 ], [ 4.88030632, 7.67608253 ], [ 4.89322849, 7.73033523 ], [ 4.90300039, 7.74988314 ], [ 4.91429037, 7.78300049 ], [ 4.91579579, 7.82211454 ], [ 4.90857937, 7.82979929 ], [ 4.91110084, 7.85010956 ], [ 4.92378281, 7.86349071 ], [ 4.92730003, 7.88037402 ], [ 4.94203527, 7.89992561 ], [ 4.99053951, 7.93120134 ], [ 5.00121361, 7.9460682 ], [ 5.01646185, 7.95521746 ], [ 5.03132921, 7.97694629 ], [ 5.03552255, 8.00515657 ], [ 5.05305813, 8.02345473 ], [ 5.05763283, 8.03946484 ], [ 5.084394, 8.024232 ], [ 5.10486153, 8.035328 ], [ 5.10585125, 8.0485557 ], [ 5.11788794, 8.06261818 ], [ 5.14234969, 8.06186486 ], [ 5.18186523, 8.03627386 ], [ 5.19578946, 8.01821044 ], [ 5.23078866, 8.02197367 ], [ 5.25675592, 8.01821029 ], [ 5.28286233, 8.00847142 ], [ 5.33239928, 8.00955497 ], [ 5.35196884, 8.02573686 ], [ 5.3613771, 8.04342456 ], [ 5.35874285, 8.07390795 ], [ 5.36401116, 8.0904666 ], [ 5.38734436, 8.10213285 ], [ 5.44906322, 8.10589594 ], [ 5.49796382, 8.11066447 ], [ 5.51393803, 8.11124601 ], [ 5.51358992, 8.08375637 ], [ 5.50384704, 8.02355757 ], [ 5.50871842, 8.01764298 ], [ 5.57657188, 8.07122997 ], [ 5.65625666, 8.07470891 ], [ 5.65973613, 8.06983765 ], [ 5.63990203, 8.05383096 ], [ 5.65068924, 8.0235577 ], [ 5.66251978, 8.01520621 ], [ 5.66808758, 8.00233186 ], [ 5.64755727, 7.98615842 ], [ 5.64546977, 7.96301166 ], [ 5.62702708, 7.95709622 ], [ 5.60962876, 7.96614353 ], [ 5.60162531, 7.96370733 ], [ 5.59884165, 7.95187651 ], [ 5.60858481, 7.91081676 ], [ 5.6141525, 7.86558107 ], [ 5.6231995, 7.84296313 ], [ 5.642686, 7.82869616 ], [ 5.71019118, 7.83008801 ], [ 5.72898139, 7.82834864 ], [ 5.74603181, 7.80503478 ], [ 5.76795379, 7.78763631 ], [ 5.79161542, 7.7820687 ], [ 5.77302844, 7.7473188 ] ] ] ] } },{ "type": "Feature", "properties": { "ucode": "NGA_0015_V1", "uuid": "2304fe07-54e9-4beb-91cc-c72140e3801f", "cnpt_uuid": "3bcedce8-52e0-453f-813a-598f80dbadb4", "is_latest": true, "start_date": "2023-09-06T00:00:00Z", "end_date": null, "name": "Federal Capital Territory", "level": 1, "level_name": "Admin Level 1", "type": "Admin Level 1", "SALB_ID": null, "WFP_ID": "902334", "Source_ID": "NG015", "BrazilStat": null, "UNDP_ID": null, "default": "902334", "Abyei": null, "name_en": "Federal Capital Territory", "Alternativ": null, "adm0_ucode": "NGA_V1", "adm0_type": "State" }, "geometry": { "type": "MultiPolygon", "coordinates": [ [ [ [ 7.72987372, 9.33188155 ], [ 7.66760611, 9.30365069 ], [ 7.58867911, 9.12905596 ], [ 7.59226724, 8.92456448 ], [ 7.59465876, 8.85640056 ], [ 7.59166914, 8.83487519 ], [ 7.54144287, 8.74040314 ], [ 7.50197955, 8.66865156 ], [ 7.49600079, 8.65430174 ], [ 7.47762374, 8.63133344 ], [ 7.44303064, 8.59328164 ], [ 7.39760582, 8.55262236 ], [ 7.37142613, 8.52528099 ], [ 7.35568887, 8.51244291 ], [ 7.31241331, 8.50078209 ], [ 7.21076549, 8.48096085 ], [ 7.11674129, 8.46622188 ], [ 7.08421381, 8.46368028 ], [ 6.98417474, 8.45937734 ], [ 6.94614353, 8.45893882 ], [ 6.82764409, 8.4534506 ], [ 6.77866658, 8.45383054 ], [ 6.77955088, 8.59310603 ], [ 6.7786532, 8.74036074 ], [ 6.7822534, 8.7980021 ], [ 6.80029057, 9.22510682 ], [ 6.96163595, 9.22603355 ], [ 7.00954722, 9.2270179 ], [ 7.04364294, 9.23215388 ], [ 7.21149543, 9.10486742 ], [ 7.2189791, 9.10157975 ], [ 7.22002174, 9.11388125 ], [ 7.38816844, 9.34982298 ], [ 7.41767217, 9.36703094 ], [ 7.47626944, 9.37061887 ], [ 7.50975267, 9.36105137 ], [ 7.58987508, 9.43160724 ], [ 7.67238916, 9.41127755 ], [ 7.72987372, 9.33188155 ] ] ] ] } },{ "type": "Feature", "properties": { "ucode": "NGA_0026_V1", "uuid": "5e86e00d-75e7-4a3b-b70c-adddd9b03d3c", "cnpt_uuid": "17bfba6b-3b56-404b-a481-11483c999905", "is_latest": true, "start_date": "2023-09-06T00:00:00Z", "end_date": null, "name": "Nasarawa", "level": 1, "level_name": "Admin Level 1", "type": "Admin Level 1", "SALB_ID": null, "WFP_ID": "902345", "Source_ID": "NG026", "BrazilStat": null, "UNDP_ID": null, "default": "902345", "Abyei": null, "name_en": "Nasarawa", "Alternativ": null, "adm0_ucode": "NGA_V1", "adm0_type": "State" }, "geometry": { "type": "MultiPolygon", "coordinates": [ [ [ [ 8.65709945, 9.22649911 ], [ 8.65692605, 9.21063643 ], [ 8.66752124, 9.18986961 ], [ 8.68701568, 9.18494441 ], [ 8.7080784, 9.18780972 ], [ 8.74899205, 9.17804349 ], [ 8.76499837, 9.16524126 ], [ 8.76752277, 9.13628551 ], [ 8.76006889, 9.10517713 ], [ 8.78018862, 9.08676551 ], [ 8.79190261, 9.08342359 ], [ 8.79943843, 9.07115627 ], [ 8.78948294, 9.05242816 ], [ 8.79815486, 9.03157833 ], [ 8.8502495, 9.03003051 ], [ 8.92411894, 9.015936 ], [ 8.96681588, 9.01504214 ], [ 9.04499036, 9.02709371 ], [ 9.0567057, 9.02375298 ], [ 9.06696301, 9.00792699 ], [ 9.07073792, 8.98784065 ], [ 9.0670691, 8.96629832 ], [ 9.07189482, 8.94527706 ], [ 9.04595553, 8.92288991 ], [ 9.04447763, 8.9131716 ], [ 9.03182056, 8.89523509 ], [ 9.02354128, 8.86590952 ], [ 9.01061645, 8.85375319 ], [ 8.9895542, 8.85088703 ], [ 8.97399441, 8.85405759 ], [ 8.95878997, 8.84952187 ], [ 8.94979867, 8.83560751 ], [ 8.95059667, 8.81577665 ], [ 8.94514648, 8.79955984 ], [ 8.93270957, 8.7855083 ], [ 8.91696621, 8.78366343 ], [ 8.90108861, 8.7639466 ], [ 8.90441026, 8.75503416 ], [ 8.89603342, 8.74827953 ], [ 8.8921368, 8.73293029 ], [ 8.91073806, 8.70299341 ], [ 8.91394714, 8.6861762 ], [ 8.93479905, 8.66788107 ], [ 8.94024388, 8.66723072 ], [ 8.95117642, 8.62131208 ], [ 8.95831004, 8.61224558 ], [ 8.97779476, 8.60519112 ], [ 8.98343154, 8.59658063 ], [ 8.98102199, 8.57820331 ], [ 8.98738275, 8.56452269 ], [ 8.9749659, 8.54135895 ], [ 8.97900406, 8.53058432 ], [ 8.99061898, 8.52110572 ], [ 9.0194703, 8.50987524 ], [ 9.0367763, 8.51251495 ], [ 9.04936036, 8.51966575 ], [ 9.05916217, 8.51228034 ], [ 9.05987471, 8.49686722 ], [ 9.0699349, 8.48766126 ], [ 9.08010969, 8.48804657 ], [ 9.10141267, 8.47361469 ], [ 9.10318874, 8.46423341 ], [ 9.09680294, 8.44831377 ], [ 9.10109351, 8.4388513 ], [ 9.12152689, 8.43822491 ], [ 9.13239409, 8.42865755 ], [ 9.15247546, 8.45271576 ], [ 9.17492597, 8.46722595 ], [ 9.18261736, 8.46756751 ], [ 9.21199406, 8.45728884 ], [ 9.26391056, 8.45959483 ], [ 9.30126732, 8.47505181 ], [ 9.31867362, 8.48673318 ], [ 9.34594881, 8.49185473 ], [ 9.37791525, 8.48574132 ], [ 9.42067403, 8.46230343 ], [ 9.49162428, 8.43087061 ], [ 9.52969271, 8.42380028 ], [ 9.56049555, 8.43124011 ], [ 9.57599752, 8.42373073 ], [ 9.60886811, 8.40215731 ], [ 9.62147549, 8.38899317 ], [ 9.61830238, 8.37776665 ], [ 9.62404215, 8.36060471 ], [ 9.62222637, 8.34955136 ], [ 9.61196695, 8.3502354 ], [ 9.6137507, 8.31781871 ], [ 9.61753008, 8.30293268 ], [ 9.60967351, 8.29127222 ], [ 9.59220015, 8.29668432 ], [ 9.54688658, 8.30500311 ], [ 9.51801019, 8.30213741 ], [ 9.48320676, 8.30605888 ], [ 9.42015636, 8.3324431 ], [ 9.38971694, 8.34910954 ], [ 9.37696669, 8.35001088 ], [ 9.36327667, 8.34053698 ], [ 9.34246654, 8.28374279 ], [ 9.32551934, 8.26384922 ], [ 9.32342363, 8.25345128 ], [ 9.32956694, 8.23631015 ], [ 9.37124913, 8.21510801 ], [ 9.3904693, 8.20182797 ], [ 9.41182342, 8.1769294 ], [ 9.4006139, 8.15944971 ], [ 9.38694679, 8.14882574 ], [ 9.3919098, 8.13281154 ], [ 9.39255612, 8.10175423 ], [ 9.41537643, 8.06192501 ], [ 9.4041432, 8.04559425 ], [ 9.34602662, 8.00187957 ], [ 9.33551804, 7.98550786 ], [ 9.28108047, 7.95585494 ], [ 9.25072644, 7.94472505 ], [ 9.22037336, 7.92651308 ], [ 9.17912579, 7.90808336 ], [ 9.17296006, 7.90628244 ], [ 9.13565004, 7.92472622 ], [ 9.13094498, 7.9307589 ], [ 9.06338685, 8.05206648 ], [ 9.06338953, 8.06747898 ], [ 9.0569728, 8.07764538 ], [ 9.02537509, 8.06257634 ], [ 8.97126754, 8.05761633 ], [ 8.91084689, 8.05626392 ], [ 8.84185904, 8.06708536 ], [ 8.78053644, 8.07520205 ], [ 8.69666875, 8.09639457 ], [ 8.62165485, 8.12021486 ], [ 8.59502478, 8.15282347 ], [ 8.58848554, 8.15607043 ], [ 8.54239576, 8.1487302 ], [ 8.52442477, 8.15726555 ], [ 8.50368283, 8.15816776 ], [ 8.4662578, 8.1392297 ], [ 8.42657878, 8.11217598 ], [ 8.39050652, 8.07790764 ], [ 8.37111761, 8.04634383 ], [ 8.36345312, 8.01658436 ], [ 8.36029645, 7.96067277 ], [ 8.36711642, 7.93891744 ], [ 8.36451064, 7.9203458 ], [ 8.37849642, 7.91615586 ], [ 8.39772147, 7.87996141 ], [ 8.40538695, 7.86102354 ], [ 8.40466223, 7.83676038 ], [ 8.3966426, 7.82944813 ], [ 8.39385119, 7.80991022 ], [ 8.41199402, 7.77641691 ], [ 8.40315559, 7.76618289 ], [ 8.37215914, 7.77000237 ], [ 8.34547212, 7.78432502 ], [ 8.27476316, 7.81456222 ], [ 8.21521968, 7.83456519 ], [ 8.18544764, 7.85224255 ], [ 8.15986247, 7.85968531 ], [ 8.11380878, 7.86387212 ], [ 8.10198332, 7.86712396 ], [ 8.13925173, 7.89059692 ], [ 8.13921848, 7.90469954 ], [ 8.09241313, 7.90458695 ], [ 8.0804041, 7.9186598 ], [ 8.06291612, 7.92698881 ], [ 7.91804146, 7.97571385 ], [ 7.87990733, 7.98536302 ], [ 7.83841776, 7.9852857 ], [ 7.76073225, 8.00342853 ], [ 7.69746668, 8.0136624 ], [ 7.67683773, 8.01447118 ], [ 7.67722583, 8.01662625 ], [ 7.62491403, 8.02953421 ], [ 7.58347254, 8.03768619 ], [ 7.5053451, 8.04719822 ], [ 7.43244234, 8.04569237 ], [ 7.39317836, 8.04186145 ], [ 7.25384082, 8.01504695 ], [ 7.19590318, 7.99302141 ], [ 7.11785511, 7.95902501 ], [ 7.07284551, 7.94274468 ], [ 7.05293445, 7.93227977 ], [ 6.99465475, 7.92527079 ], [ 6.98784251, 7.9095181 ], [ 6.97803095, 7.90160667 ], [ 6.96358784, 7.87929488 ], [ 6.95255654, 7.91790336 ], [ 6.96358772, 7.96018843 ], [ 6.97829522, 7.98592765 ], [ 6.97921458, 8.00063512 ], [ 6.97094159, 8.03005116 ], [ 6.98702864, 8.07785221 ], [ 6.98335123, 8.11554157 ], [ 7.00265544, 8.16701879 ], [ 7.00081744, 8.18172749 ], [ 6.97232068, 8.22493178 ], [ 6.9649664, 8.26537883 ], [ 6.95301641, 8.28376379 ], [ 6.93463142, 8.30122957 ], [ 6.9557738, 8.35914222 ], [ 6.95761238, 8.37476922 ], [ 6.96956248, 8.39131535 ], [ 6.98417474, 8.45937734 ], [ 7.08421381, 8.46368028 ], [ 7.11674129, 8.46622188 ], [ 7.21076549, 8.48096085 ], [ 7.31241331, 8.50078209 ], [ 7.35568887, 8.51244291 ], [ 7.37142613, 8.52528099 ], [ 7.39760582, 8.55262236 ], [ 7.44303064, 8.59328164 ], [ 7.47762374, 8.63133344 ], [ 7.49600079, 8.65430174 ], [ 7.50197955, 8.66865156 ], [ 7.54144287, 8.74040314 ], [ 7.59166914, 8.83487519 ], [ 7.59465876, 8.85640056 ], [ 7.59226724, 8.92456448 ], [ 7.58867911, 9.12905596 ], [ 7.66760611, 9.30365069 ], [ 7.72987372, 9.33188155 ], [ 7.73778936, 9.34778872 ], [ 7.80218541, 9.32543668 ], [ 7.82063368, 9.31302128 ], [ 7.83388242, 9.31078441 ], [ 7.85462639, 9.31999641 ], [ 7.88983654, 9.37426446 ], [ 7.90393186, 9.39188463 ], [ 7.9206705, 9.40509867 ], [ 7.93828939, 9.40333642 ], [ 7.9805767, 9.37074076 ], [ 7.99907689, 9.35400279 ], [ 8.00171943, 9.34078813 ], [ 7.9973148, 9.32493124 ], [ 8.00083809, 9.30643089 ], [ 8.04576755, 9.27735808 ], [ 8.06356531, 9.2722275 ], [ 8.09363659, 9.24151219 ], [ 8.11490949, 9.22434566 ], [ 8.11412542, 9.2025478 ], [ 8.10612844, 9.17381414 ], [ 8.09859071, 9.16277995 ], [ 8.10082839, 9.08090219 ], [ 8.10787698, 9.05271163 ], [ 8.12813851, 9.04918758 ], [ 8.14311509, 9.05447296 ], [ 8.1604165, 9.06660459 ], [ 8.21535471, 9.11966494 ], [ 8.23825958, 9.13992676 ], [ 8.25587959, 9.17868992 ], [ 8.24813864, 9.18224898 ], [ 8.26178472, 9.19870137 ], [ 8.28085347, 9.20546525 ], [ 8.29440578, 9.20457373 ], [ 8.33950685, 9.18896307 ], [ 8.3806737, 9.18179289 ], [ 8.39582697, 9.16222813 ], [ 8.44660864, 9.11261733 ], [ 8.47391894, 9.0729733 ], [ 8.47656159, 9.05535414 ], [ 8.49065797, 9.03773512 ], [ 8.50434616, 9.00143137 ], [ 8.53326142, 9.00437764 ], [ 8.55413147, 9.02035884 ], [ 8.55949031, 9.02895071 ], [ 8.56683353, 9.06083111 ], [ 8.59452338, 9.09153626 ], [ 8.6111724, 9.10594363 ], [ 8.62424866, 9.14956675 ], [ 8.62644811, 9.19189231 ], [ 8.6511085, 9.20639508 ], [ 8.65709945, 9.22649911 ] ] ] ] } },{ "type": "Feature", "properties": { "ucode": "NGA_0023_V1", "uuid": "30ba6452-db74-4265-8710-869b66a4ca23", "cnpt_uuid": "ef26c325-c5c4-4829-92dc-d0591f6da5ef", "is_latest": true, "start_date": "2023-09-06T00:00:00Z", "end_date": null, "name": "Kogi", "level": 1, "level_name": "Admin Level 1", "type": "Admin Level 1", "SALB_ID": null, "WFP_ID": "902342", "Source_ID": "NG023", "BrazilStat": null, "UNDP_ID": null, "default": "902342", "Abyei": null, "name_en": "Kogi", "Alternativ": null, "adm0_ucode": "NGA_V1", "adm0_type": "State" }, "geometry": { "type": "MultiPolygon", "coordinates": [ [ [ [ 6.82764409, 8.4534506 ], [ 6.94614353, 8.45893882 ], [ 6.98417474, 8.45937734 ], [ 6.96956248, 8.39131535 ], [ 6.95761238, 8.37476922 ], [ 6.9557738, 8.35914222 ], [ 6.93463142, 8.30122957 ], [ 6.95301641, 8.28376379 ], [ 6.9649664, 8.26537883 ], [ 6.97232068, 8.22493178 ], [ 7.00081744, 8.18172749 ], [ 7.00265544, 8.16701879 ], [ 6.98335123, 8.11554157 ], [ 6.98702864, 8.07785221 ], [ 6.97094159, 8.03005116 ], [ 6.97921458, 8.00063512 ], [ 6.97829522, 7.98592765 ], [ 6.96358772, 7.96018843 ], [ 6.95255654, 7.91790336 ], [ 6.96358784, 7.87929488 ], [ 6.97803095, 7.90160667 ], [ 6.98784251, 7.9095181 ], [ 6.99465475, 7.92527079 ], [ 7.05293445, 7.93227977 ], [ 7.07284551, 7.94274468 ], [ 7.11785511, 7.95902501 ], [ 7.19590318, 7.99302141 ], [ 7.25384082, 8.01504695 ], [ 7.39317836, 8.04186145 ], [ 7.43244234, 8.04569237 ], [ 7.5053451, 8.04719822 ], [ 7.58347254, 8.03768619 ], [ 7.62491403, 8.02953421 ], [ 7.67722583, 8.01662625 ], [ 7.67683773, 8.01447118 ], [ 7.66504094, 7.94016767 ], [ 7.69280058, 7.94135218 ], [ 7.69501254, 7.93159664 ], [ 7.66383454, 7.91434519 ], [ 7.6697527, 7.88482857 ], [ 7.69285081, 7.83863111 ], [ 7.74469064, 7.76865665 ], [ 7.75263551, 7.74419884 ], [ 7.75467386, 7.64772833 ], [ 7.75244791, 7.64778267 ], [ 7.75078053, 7.59417908 ], [ 7.75197944, 7.57691065 ], [ 7.73991464, 7.53795587 ], [ 7.75591814, 7.52676733 ], [ 7.77924612, 7.48276126 ], [ 7.79339443, 7.47846862 ], [ 7.80747871, 7.49370271 ], [ 7.81834074, 7.49699217 ], [ 7.83577521, 7.48511471 ], [ 7.83583825, 7.4653235 ], [ 7.79399364, 7.41513437 ], [ 7.79813541, 7.3591499 ], [ 7.78733524, 7.33850199 ], [ 7.77471199, 7.30119262 ], [ 7.81873475, 7.28692528 ], [ 7.80664518, 7.25440682 ], [ 7.78337635, 7.20602754 ], [ 7.73674276, 7.19729922 ], [ 7.70850011, 7.19611579 ], [ 7.69219295, 7.1993127 ], [ 7.68642011, 7.19100874 ], [ 7.64666497, 7.17202593 ], [ 7.62279866, 7.16325813 ], [ 7.60548841, 7.14474974 ], [ 7.58499684, 7.10670096 ], [ 7.58073624, 7.08498702 ], [ 7.58406164, 7.0676416 ], [ 7.57867805, 7.05568736 ], [ 7.53051395, 7.03227804 ], [ 7.52629344, 7.05754197 ], [ 7.50396825, 7.0703709 ], [ 7.48662656, 7.09398516 ], [ 7.46571382, 7.11184175 ], [ 7.4419735, 7.11820132 ], [ 7.39815856, 7.11370614 ], [ 7.38596181, 7.10934623 ], [ 7.37525985, 7.09207321 ], [ 7.36440895, 7.04872427 ], [ 7.36683693, 7.0398659 ], [ 7.32810773, 7.02446137 ], [ 7.32982115, 7.00029478 ], [ 7.31014405, 7.00399962 ], [ 7.29327959, 6.99416217 ], [ 7.25783067, 6.98077 ], [ 7.24128809, 6.97131737 ], [ 7.23813686, 6.95792534 ], [ 7.2428637, 6.92799032 ], [ 7.2349857, 6.91066041 ], [ 7.20988797, 6.90281925 ], [ 7.17590436, 6.89648048 ], [ 7.17039, 6.88387629 ], [ 7.15621044, 6.88308862 ], [ 7.14675747, 6.86418251 ], [ 7.11997352, 6.8484274 ], [ 7.10106747, 6.82873337 ], [ 7.08137381, 6.80037454 ], [ 7.06010432, 6.79486049 ], [ 7.05537784, 6.78619472 ], [ 7.04198603, 6.78304383 ], [ 7.02071673, 6.78934584 ], [ 7.00496156, 6.78540714 ], [ 6.98605545, 6.7885579 ], [ 6.98999458, 6.82321929 ], [ 6.98684302, 6.84448872 ], [ 6.97817802, 6.85000274 ], [ 6.96321055, 6.84448868 ], [ 6.95218242, 6.82794578 ], [ 6.94903083, 6.78855797 ], [ 6.93207266, 6.76769357 ], [ 6.93123195, 6.78803292 ], [ 6.92338797, 6.80197796 ], [ 6.89680484, 6.79239071 ], [ 6.87828399, 6.76057811 ], [ 6.85998098, 6.75317005 ], [ 6.8338337, 6.72222889 ], [ 6.80637926, 6.70305455 ], [ 6.79897061, 6.6795219 ], [ 6.80899372, 6.61589721 ], [ 6.80812261, 6.58016248 ], [ 6.79330588, 6.57231857 ], [ 6.71704303, 6.55009354 ], [ 6.68392328, 6.54312078 ], [ 6.66470109, 6.53235627 ], [ 6.6619448, 6.55268278 ], [ 6.6601109, 6.60861056 ], [ 6.65277634, 6.6342821 ], [ 6.62802168, 6.6746236 ], [ 6.61793603, 6.7048793 ], [ 6.62618792, 6.73146765 ], [ 6.63168904, 6.76905814 ], [ 6.61079014, 6.8221049 ], [ 6.64623678, 6.88538459 ], [ 6.6526556, 6.90784823 ], [ 6.67298033, 6.93566131 ], [ 6.67939861, 6.9688226 ], [ 6.6772589, 7.03407575 ], [ 6.6900955, 7.06830699 ], [ 6.71149024, 7.1046772 ], [ 6.71576873, 7.13569922 ], [ 6.70079268, 7.17848812 ], [ 6.69330492, 7.21699811 ], [ 6.68323279, 7.23038923 ], [ 6.66915515, 7.24051802 ], [ 6.63767006, 7.29476506 ], [ 6.60771237, 7.27803407 ], [ 6.57507362, 7.27352834 ], [ 6.54426012, 7.27491911 ], [ 6.51488493, 7.26699683 ], [ 6.49969568, 7.29218733 ], [ 6.49955164, 7.32716334 ], [ 6.46686988, 7.36531866 ], [ 6.45053199, 7.35554314 ], [ 6.43565791, 7.35974511 ], [ 6.43414407, 7.37666166 ], [ 6.42224123, 7.389 ], [ 6.43210592, 7.39766397 ], [ 6.42224492, 7.41682805 ], [ 6.37814389, 7.39752097 ], [ 6.35743704, 7.41106948 ], [ 6.32451316, 7.4443046 ], [ 6.29274061, 7.49880789 ], [ 6.27659611, 7.49569714 ], [ 6.26377388, 7.480063 ], [ 6.22692395, 7.47103684 ], [ 6.21870909, 7.45653112 ], [ 6.18691687, 7.43872028 ], [ 6.18278517, 7.42942715 ], [ 6.17090982, 7.44409705 ], [ 6.14284794, 7.44957221 ], [ 6.1278821, 7.44619704 ], [ 6.11241198, 7.44865503 ], [ 6.10833589, 7.49065786 ], [ 6.154077, 7.522345 ], [ 6.16469546, 7.53831606 ], [ 6.16417778, 7.55024182 ], [ 6.13357074, 7.55207686 ], [ 6.11876111, 7.5914169 ], [ 6.04850377, 7.58012393 ], [ 6.03586193, 7.57227502 ], [ 6.02536475, 7.55895288 ], [ 6.02349915, 7.54730978 ], [ 6.00412568, 7.52923578 ], [ 6.00893054, 7.57972548 ], [ 6.0040028, 7.58744934 ], [ 5.96387788, 7.61574924 ], [ 5.93762832, 7.64877712 ], [ 5.9290217, 7.69582122 ], [ 5.92149128, 7.71609309 ], [ 5.93060392, 7.7447681 ], [ 5.91944685, 7.75024594 ], [ 5.88981283, 7.74361858 ], [ 5.85743334, 7.73051219 ], [ 5.84260841, 7.72858283 ], [ 5.827743, 7.73404069 ], [ 5.81643927, 7.72784891 ], [ 5.77302844, 7.7473188 ], [ 5.79161542, 7.7820687 ], [ 5.76795379, 7.78763631 ], [ 5.74603181, 7.80503478 ], [ 5.72898139, 7.82834864 ], [ 5.71019118, 7.83008801 ], [ 5.642686, 7.82869616 ], [ 5.6231995, 7.84296313 ], [ 5.6141525, 7.86558107 ], [ 5.60858481, 7.91081676 ], [ 5.59884165, 7.95187651 ], [ 5.60162531, 7.96370733 ], [ 5.60962876, 7.96614353 ], [ 5.62702708, 7.95709622 ], [ 5.64546977, 7.96301166 ], [ 5.64755727, 7.98615842 ], [ 5.66808758, 8.00233186 ], [ 5.66251978, 8.01520621 ], [ 5.65068924, 8.0235577 ], [ 5.63990203, 8.05383096 ], [ 5.65973613, 8.06983765 ], [ 5.65625666, 8.07470891 ], [ 5.57657188, 8.07122997 ], [ 5.50871842, 8.01764298 ], [ 5.50384704, 8.02355757 ], [ 5.51358992, 8.08375637 ], [ 5.51393803, 8.11124601 ], [ 5.49796382, 8.11066447 ], [ 5.50448457, 8.1238042 ], [ 5.51796162, 8.13119414 ], [ 5.53665491, 8.15640926 ], [ 5.53969136, 8.19068909 ], [ 5.52697713, 8.20482578 ], [ 5.48823107, 8.20827491 ], [ 5.46622786, 8.20249079 ], [ 5.41884222, 8.23553075 ], [ 5.42231979, 8.25118057 ], [ 5.41840755, 8.28378587 ], [ 5.39710563, 8.29204568 ], [ 5.37232604, 8.27422153 ], [ 5.35667528, 8.27465634 ], [ 5.35319746, 8.30986973 ], [ 5.32150272, 8.34107864 ], [ 5.34190084, 8.37524117 ], [ 5.3966274, 8.43826004 ], [ 5.43311161, 8.46645252 ], [ 5.45351371, 8.48629086 ], [ 5.47657723, 8.49985794 ], [ 5.49624916, 8.52902593 ], [ 5.50303223, 8.53445352 ], [ 5.52410997, 8.53693003 ], [ 5.55420199, 8.51253047 ], [ 5.57453448, 8.50602424 ], [ 5.64285171, 8.46291914 ], [ 5.68817671, 8.45285131 ], [ 5.70466243, 8.44583989 ], [ 5.74858093, 8.43770682 ], [ 5.78273948, 8.42794707 ], [ 5.81852481, 8.42713462 ], [ 5.8494302, 8.42225464 ], [ 5.91205393, 8.42388054 ], [ 5.95678582, 8.40842806 ], [ 5.99094425, 8.40192225 ], [ 6.01371674, 8.40029535 ], [ 6.04055598, 8.39297586 ], [ 6.07796764, 8.3978557 ], [ 6.09748707, 8.41412163 ], [ 6.11131282, 8.43120087 ], [ 6.11375294, 8.46129319 ], [ 6.12513911, 8.55563537 ], [ 6.14791162, 8.59630119 ], [ 6.16987031, 8.66299142 ], [ 6.20853601, 8.73237493 ], [ 6.24657493, 8.73879155 ], [ 6.2677173, 8.73879129 ], [ 6.30264914, 8.72776023 ], [ 6.32379151, 8.71305188 ], [ 6.35872274, 8.68455512 ], [ 6.37526942, 8.66157426 ], [ 6.37986576, 8.64870452 ], [ 6.39825052, 8.6294002 ], [ 6.4056044, 8.61193456 ], [ 6.4249085, 8.54942608 ], [ 6.43134366, 8.51909074 ], [ 6.45294571, 8.44830908 ], [ 6.50350425, 8.4124585 ], [ 6.52740473, 8.37568849 ], [ 6.5513053, 8.36925415 ], [ 6.57980196, 8.33064548 ], [ 6.59910593, 8.32421028 ], [ 6.61381398, 8.29939074 ], [ 6.62668318, 8.28744021 ], [ 6.64139114, 8.25526726 ], [ 6.66529188, 8.22677036 ], [ 6.68367665, 8.21298109 ], [ 6.6912584, 8.18300638 ], [ 6.71263324, 8.20195101 ], [ 6.71814862, 8.24331657 ], [ 6.72589678, 8.25065665 ], [ 6.71998685, 8.27457146 ], [ 6.73009862, 8.28376385 ], [ 6.74388729, 8.26537898 ], [ 6.76135315, 8.27273282 ], [ 6.76135304, 8.29295634 ], [ 6.75124131, 8.3049058 ], [ 6.7668686, 8.30858328 ], [ 6.77238421, 8.33524133 ], [ 6.79076918, 8.33064554 ], [ 6.8073153, 8.34259511 ], [ 6.82294287, 8.36741532 ], [ 6.8376507, 8.39683148 ], [ 6.82478139, 8.40418529 ], [ 6.83213532, 8.42532739 ], [ 6.82478143, 8.43268198 ], [ 6.82764409, 8.4534506 ] ] ] ] } },{ "type": "Feature", "properties": { "ucode": "NGA_0012_V1", "uuid": "f17fc63c-6ab8-4791-8fff-2afc60d43c21", "cnpt_uuid": "492944bf-f276-43d7-a29d-82586262b556", "is_latest": true, "start_date": "2023-09-06T00:00:00Z", "end_date": null, "name": "Edo", "level": 1, "level_name": "Admin Level 1", "type": "Admin Level 1", "SALB_ID": null, "WFP_ID": "902331", "Source_ID": "NG012", "BrazilStat": null, "UNDP_ID": null, "default": "902331", "Abyei": null, "name_en": "Edo", "Alternativ": null, "adm0_ucode": "NGA_V1", "adm0_type": "State" }, "geometry": { "type": "MultiPolygon", "coordinates": [ [ [ [ 6.66470109, 6.53235627 ], [ 6.66892103, 6.50123414 ], [ 6.64625681, 6.48873368 ], [ 6.63265411, 6.48931515 ], [ 6.60880696, 6.49951806 ], [ 6.5401558, 6.4920119 ], [ 6.52331888, 6.48754121 ], [ 6.50219831, 6.46395694 ], [ 6.44537594, 6.4252447 ], [ 6.43126204, 6.40681791 ], [ 6.41273608, 6.39603699 ], [ 6.37015393, 6.38330419 ], [ 6.35756024, 6.38429355 ], [ 6.33629461, 6.3781734 ], [ 6.31278134, 6.36732478 ], [ 6.28165576, 6.35740611 ], [ 6.25394392, 6.31903405 ], [ 6.21263788, 6.27916093 ], [ 6.19759881, 6.2827463 ], [ 6.18870301, 6.30947589 ], [ 6.16752384, 6.33149105 ], [ 6.12661322, 6.35611587 ], [ 6.1130429, 6.34906812 ], [ 6.08801688, 6.31834704 ], [ 6.08610577, 6.28920512 ], [ 6.07663195, 6.27872273 ], [ 6.08485892, 6.26353497 ], [ 6.11216125, 6.24087803 ], [ 6.10639806, 6.20200253 ], [ 6.11956934, 6.15769894 ], [ 6.16930387, 6.08254622 ], [ 6.20141229, 6.04952617 ], [ 6.22389793, 6.03931089 ], [ 6.25663992, 6.01669785 ], [ 6.24596015, 5.97153277 ], [ 6.21764086, 5.91651193 ], [ 6.20140594, 5.89695983 ], [ 6.17971003, 5.88221603 ], [ 6.15193707, 5.85771325 ], [ 6.12087907, 5.83972507 ], [ 6.10185493, 5.80320501 ], [ 6.09373522, 5.79412219 ], [ 6.07362553, 5.78647334 ], [ 6.06185734, 5.77513314 ], [ 6.0397802, 5.76461083 ], [ 6.01566224, 5.7643471 ], [ 5.98173098, 5.74811412 ], [ 5.95859908, 5.75069528 ], [ 5.94093692, 5.74638702 ], [ 5.92460672, 5.74833211 ], [ 5.90614898, 5.77037003 ], [ 5.90264089, 5.79461196 ], [ 5.89418519, 5.7985918 ], [ 5.90240094, 5.81105989 ], [ 5.90650424, 5.84388203 ], [ 5.92131703, 5.8772921 ], [ 5.83331004, 5.94105291 ], [ 5.83530372, 5.95147181 ], [ 5.8120388, 5.983872 ], [ 5.7950569, 5.97956994 ], [ 5.74528503, 6.00897603 ], [ 5.698933, 6.03355593 ], [ 5.66893009, 6.05203011 ], [ 5.65745197, 6.03320977 ], [ 5.60513395, 6.02306609 ], [ 5.58342588, 6.011096 ], [ 5.57127367, 5.99088383 ], [ 5.5463276, 5.98536164 ], [ 5.53659668, 5.98990205 ], [ 5.53263375, 6.01170783 ], [ 5.51528209, 6.02185682 ], [ 5.51298989, 6.03528022 ], [ 5.49727548, 6.04248278 ], [ 5.48974527, 6.03004173 ], [ 5.46551805, 6.02775006 ], [ 5.4561911, 6.02239653 ], [ 5.45209452, 6.03429796 ], [ 5.44248379, 6.04064413 ], [ 5.42753979, 6.03069641 ], [ 5.43114149, 6.00876089 ], [ 5.41537439, 6.00813768 ], [ 5.41116994, 6.02021988 ], [ 5.3882252, 6.01779407 ], [ 5.36565829, 6.01965376 ], [ 5.34217262, 6.01617436 ], [ 5.32738543, 6.01834923 ], [ 5.32303623, 6.00530147 ], [ 5.32695058, 5.98268558 ], [ 5.33651889, 5.9844256 ], [ 5.35869928, 5.96963836 ], [ 5.31514784, 5.93466088 ], [ 5.30433464, 5.91962241 ], [ 5.2751952, 5.90918441 ], [ 5.26969679, 5.91891154 ], [ 5.26823655, 5.93919423 ], [ 5.2560588, 5.95006707 ], [ 5.24910018, 5.97007318 ], [ 5.24779546, 5.98659992 ], [ 5.26826905, 6.05253604 ], [ 5.2565022, 6.06523895 ], [ 5.23294032, 6.0656385 ], [ 5.23134276, 6.10118055 ], [ 5.23373902, 6.11236237 ], [ 5.2173658, 6.13632347 ], [ 5.22255717, 6.14870362 ], [ 5.20937883, 6.15349579 ], [ 5.20338831, 6.14510959 ], [ 5.19583558, 6.15088514 ], [ 5.18402724, 6.14736036 ], [ 5.1794452, 6.15899232 ], [ 5.16869463, 6.16357467 ], [ 5.16145609, 6.14271354 ], [ 5.1455421, 6.14164158 ], [ 5.13310243, 6.16467757 ], [ 5.13505069, 6.169817 ], [ 5.12246812, 6.20587211 ], [ 5.11282587, 6.19547417 ], [ 5.10315604, 6.20217612 ], [ 5.08920181, 6.20105746 ], [ 5.08723586, 6.21452571 ], [ 5.07293368, 6.23118637 ], [ 5.07334753, 6.2395348 ], [ 5.06347844, 6.24834684 ], [ 5.05344817, 6.24683329 ], [ 5.047969, 6.26491356 ], [ 5.03774699, 6.27742666 ], [ 5.01561887, 6.29235314 ], [ 5.01289706, 6.30210025 ], [ 5.02152343, 6.31867892 ], [ 5.03530116, 6.32847591 ], [ 5.02782066, 6.34521825 ], [ 5.02924539, 6.36356297 ], [ 5.03921932, 6.36409719 ], [ 5.05282499, 6.38415088 ], [ 5.07573124, 6.37727688 ], [ 5.10369339, 6.40221208 ], [ 5.1097493, 6.41467963 ], [ 5.10387192, 6.42215961 ], [ 5.10778987, 6.43587384 ], [ 5.10298109, 6.44228566 ], [ 5.13361538, 6.47256362 ], [ 5.15338511, 6.49803303 ], [ 5.1503573, 6.51174687 ], [ 5.15516617, 6.53311973 ], [ 5.16424997, 6.55449236 ], [ 5.16211227, 6.56197311 ], [ 5.13691035, 6.57785892 ], [ 5.12755108, 6.59350451 ], [ 5.11158363, 6.63035002 ], [ 5.11414965, 6.66914567 ], [ 5.12232959, 6.69873842 ], [ 5.15081069, 6.74598782 ], [ 5.17297028, 6.76273121 ], [ 5.19701587, 6.773945 ], [ 5.20886852, 6.81002131 ], [ 5.25482213, 6.88322175 ], [ 5.27240812, 6.88885867 ], [ 5.5370598, 6.88479662 ], [ 5.55524019, 6.88303899 ], [ 5.57015222, 6.86927132 ], [ 5.57121329, 6.8452698 ], [ 5.54902737, 6.83314313 ], [ 5.54351088, 6.82480227 ], [ 5.54583501, 6.80429218 ], [ 5.55577456, 6.7870125 ], [ 5.56321625, 6.76238019 ], [ 5.5616561, 6.72979635 ], [ 5.57663482, 6.70402577 ], [ 5.62000227, 6.74212351 ], [ 5.64037471, 6.74685322 ], [ 5.66737089, 6.72761193 ], [ 5.70255753, 6.73611746 ], [ 5.71449277, 6.75742101 ], [ 5.72647941, 6.76949079 ], [ 5.75792115, 6.78443915 ], [ 5.77083551, 6.79651396 ], [ 5.77813487, 6.81779198 ], [ 5.76966664, 6.83990583 ], [ 5.77422573, 6.85378112 ], [ 5.78710831, 6.87139653 ], [ 5.78790745, 6.8944851 ], [ 5.79981172, 6.92132858 ], [ 5.79220431, 6.95545063 ], [ 5.78564228, 6.96834146 ], [ 5.79617797, 7.02429067 ], [ 5.80425791, 7.04853735 ], [ 5.8095932, 7.05124518 ], [ 5.81558318, 7.07159802 ], [ 5.85492271, 7.09634307 ], [ 5.8430338, 7.10984698 ], [ 5.84431127, 7.12032878 ], [ 5.86277901, 7.12833877 ], [ 5.87882188, 7.17251008 ], [ 5.8938751, 7.18287889 ], [ 5.88432512, 7.19986212 ], [ 5.90348092, 7.21719307 ], [ 5.89733997, 7.23123322 ], [ 5.89652206, 7.25805365 ], [ 5.92349329, 7.29558528 ], [ 5.94508723, 7.30552853 ], [ 5.97312852, 7.31224836 ], [ 5.97931108, 7.31967716 ], [ 5.95793372, 7.33133074 ], [ 5.95769513, 7.34432231 ], [ 5.97856603, 7.34773591 ], [ 5.98679503, 7.36340812 ], [ 5.97824199, 7.36814107 ], [ 5.97497074, 7.38215769 ], [ 5.97967709, 7.39144608 ], [ 5.96848395, 7.41485413 ], [ 5.97558694, 7.43228391 ], [ 5.98718222, 7.44151583 ], [ 5.98449093, 7.45611004 ], [ 5.96330318, 7.46036395 ], [ 5.94813496, 7.48730171 ], [ 5.95421881, 7.51523297 ], [ 5.96742821, 7.51570711 ], [ 5.97564325, 7.53021284 ], [ 6.00412568, 7.52923578 ], [ 6.02349915, 7.54730978 ], [ 6.02536475, 7.55895288 ], [ 6.03586193, 7.57227502 ], [ 6.04850377, 7.58012393 ], [ 6.11876111, 7.5914169 ], [ 6.13357074, 7.55207686 ], [ 6.16417778, 7.55024182 ], [ 6.16469546, 7.53831606 ], [ 6.154077, 7.522345 ], [ 6.10833589, 7.49065786 ], [ 6.11241198, 7.44865503 ], [ 6.1278821, 7.44619704 ], [ 6.14284794, 7.44957221 ], [ 6.17090982, 7.44409705 ], [ 6.18278517, 7.42942715 ], [ 6.18691687, 7.43872028 ], [ 6.21870909, 7.45653112 ], [ 6.22692395, 7.47103684 ], [ 6.26377388, 7.480063 ], [ 6.27659611, 7.49569714 ], [ 6.29274061, 7.49880789 ], [ 6.32451316, 7.4443046 ], [ 6.35743704, 7.41106948 ], [ 6.37814389, 7.39752097 ], [ 6.42224492, 7.41682805 ], [ 6.43210592, 7.39766397 ], [ 6.42224123, 7.389 ], [ 6.43414407, 7.37666166 ], [ 6.43565791, 7.35974511 ], [ 6.45053199, 7.35554314 ], [ 6.46686988, 7.36531866 ], [ 6.49955164, 7.32716334 ], [ 6.49969568, 7.29218733 ], [ 6.51488493, 7.26699683 ], [ 6.54426012, 7.27491911 ], [ 6.57507362, 7.27352834 ], [ 6.60771237, 7.27803407 ], [ 6.63767006, 7.29476506 ], [ 6.66915515, 7.24051802 ], [ 6.68323279, 7.23038923 ], [ 6.69330492, 7.21699811 ], [ 6.70079268, 7.17848812 ], [ 6.71576873, 7.13569922 ], [ 6.71149024, 7.1046772 ], [ 6.6900955, 7.06830699 ], [ 6.6772589, 7.03407575 ], [ 6.67939861, 6.9688226 ], [ 6.67298033, 6.93566131 ], [ 6.6526556, 6.90784823 ], [ 6.64623678, 6.88538459 ], [ 6.61079014, 6.8221049 ], [ 6.63168904, 6.76905814 ], [ 6.62618792, 6.73146765 ], [ 6.61793603, 6.7048793 ], [ 6.62802168, 6.6746236 ], [ 6.65277634, 6.6342821 ], [ 6.6601109, 6.60861056 ], [ 6.6619448, 6.55268278 ], [ 6.66470109, 6.53235627 ] ] ] ] } },{ "type": "Feature", "properties": { "ucode": "NGA_0010_V1", "uuid": "43afc027-e649-4238-8c5a-9b2ef875a939", "cnpt_uuid": "8e0c41a3-414e-453c-8ea0-130abe1234d1", "is_latest": true, "start_date": "2023-09-06T00:00:00Z", "end_date": null, "name": "Delta", "level": 1, "level_name": "Admin Level 1", "type": "Admin Level 1", "SALB_ID": null, "WFP_ID": "902329", "Source_ID": "NG010", "BrazilStat": null, "UNDP_ID": null, "default": "902329", "Abyei": null, "name_en": "Delta", "Alternativ": null, "adm0_ucode": "NGA_V1", "adm0_type": "State" }, "geometry": { "type": "MultiPolygon", "coordinates": [ [ [ [ 6.66892103, 6.50123414 ], [ 6.6738638, 6.46833313 ], [ 6.68176514, 6.4557418 ], [ 6.69490281, 6.40661476 ], [ 6.69977385, 6.38168997 ], [ 6.71282017, 6.35336588 ], [ 6.71917595, 6.30002115 ], [ 6.73100601, 6.23909278 ], [ 6.74269825, 6.2093702 ], [ 6.75365213, 6.19281823 ], [ 6.767301, 6.18183608 ], [ 6.76940205, 6.16798401 ], [ 6.76065122, 6.14779995 ], [ 6.75532997, 6.12070993 ], [ 6.74924095, 6.11372422 ], [ 6.72211122, 6.09754802 ], [ 6.70927612, 6.07802388 ], [ 6.72505808, 6.04625608 ], [ 6.72452777, 6.01226998 ], [ 6.71650589, 5.98099715 ], [ 6.71321304, 5.95669797 ], [ 6.70382493, 5.92679982 ], [ 6.68831591, 5.89685101 ], [ 6.67365767, 5.88240803 ], [ 6.66091572, 5.8565292 ], [ 6.65076338, 5.81711345 ], [ 6.65486821, 5.77153011 ], [ 6.63362015, 5.7300358 ], [ 6.62614836, 5.7236355 ], [ 6.61829283, 5.71690612 ], [ 6.61404952, 5.69069954 ], [ 6.60645014, 5.67023413 ], [ 6.62134601, 5.64256475 ], [ 6.61760151, 5.63151932 ], [ 6.60377367, 5.61492592 ], [ 6.6010078, 5.59694959 ], [ 6.58476012, 5.56168843 ], [ 6.56885829, 5.55339147 ], [ 6.54258497, 5.54924346 ], [ 6.53083135, 5.53195862 ], [ 6.53816369, 5.47580436 ], [ 6.53483675, 5.45897437 ], [ 6.52453038, 5.43866396 ], [ 6.5088205, 5.42567393 ], [ 6.48312509, 5.42064422 ], [ 6.47655669, 5.40405086 ], [ 6.48547697, 5.37920529 ], [ 6.4958711, 5.36965757 ], [ 6.50258599, 5.33894116 ], [ 6.49016661, 5.32402128 ], [ 6.47305298, 5.32188219 ], [ 6.45023482, 5.32758668 ], [ 6.43454753, 5.323308 ], [ 6.42599066, 5.31118589 ], [ 6.40887689, 5.30476849 ], [ 6.38035395, 5.30904673 ], [ 6.3475529, 5.32045596 ], [ 6.333601, 5.31773094 ], [ 6.32540313, 5.30653953 ], [ 6.30643229, 5.3029838 ], [ 6.28676216, 5.28230909 ], [ 6.28383447, 5.26650089 ], [ 6.29300596, 5.23882386 ], [ 6.27899607, 5.22888802 ], [ 6.25941743, 5.22787092 ], [ 6.23353293, 5.23816781 ], [ 6.21328546, 5.23866935 ], [ 6.2020869, 5.23177807 ], [ 6.19415136, 5.21670909 ], [ 6.20229089, 5.17928125 ], [ 6.19090691, 5.15857076 ], [ 6.16590632, 5.16113996 ], [ 6.14373592, 5.13477613 ], [ 6.1297259, 5.12926676 ], [ 6.09785259, 5.14994141 ], [ 6.08579267, 5.15080257 ], [ 6.06956959, 5.14134406 ], [ 6.06335412, 5.12318418 ], [ 6.06226784, 5.10300973 ], [ 6.0549661, 5.09716795 ], [ 6.02721458, 5.09567068 ], [ 6.00452321, 5.10368677 ], [ 5.96424491, 5.14910744 ], [ 5.96053877, 5.15721851 ], [ 5.9460521, 5.16422799 ], [ 5.92782647, 5.16072321 ], [ 5.92689169, 5.13992787 ], [ 5.91637716, 5.13151599 ], [ 5.91450798, 5.10814998 ], [ 5.88530059, 5.09997222 ], [ 5.88135349, 5.109509 ], [ 5.86947216, 5.07108167 ], [ 5.85738313, 5.07736256 ], [ 5.84832371, 5.06654976 ], [ 5.84087146, 5.06757259 ], [ 5.84014087, 5.08306121 ], [ 5.82260663, 5.07575511 ], [ 5.80901725, 5.08642196 ], [ 5.79133648, 5.08583735 ], [ 5.77901887, 5.05801392 ], [ 5.76423977, 5.06424621 ], [ 5.75195352, 5.05374054 ], [ 5.73058613, 5.05445286 ], [ 5.71936848, 5.03094863 ], [ 5.71028714, 5.02382613 ], [ 5.66666227, 5.02827783 ], [ 5.66363523, 5.01510093 ], [ 5.64789337, 5.01177647 ], [ 5.63293884, 5.018384 ], [ 5.61972341, 5.0347295 ], [ 5.59085799, 5.04342414 ], [ 5.58459817, 5.05524828 ], [ 5.55086365, 5.05559638 ], [ 5.52408506, 5.06881191 ], [ 5.51156509, 5.08828735 ], [ 5.50287047, 5.09246062 ], [ 5.47050862, 5.0932126 ], [ 5.46981247, 5.12318853 ], [ 5.43646523, 5.14139649 ], [ 5.38595917, 5.13473979 ], [ 5.37588665, 5.13595663 ], [ 5.35437489, 5.16465473 ], [ 5.34889547, 5.17913089 ], [ 5.3569932, 5.18812227 ], [ 5.35547114, 5.20999384 ], [ 5.34542681, 5.25717585 ], [ 5.32981781, 5.29731327 ], [ 5.32295895, 5.35489702 ], [ 5.32758796, 5.36247462 ], [ 5.33848948, 5.35851043 ], [ 5.35491324, 5.36121225 ], [ 5.36995523, 5.354794 ], [ 5.38482094, 5.35851043 ], [ 5.3967135, 5.37486271 ], [ 5.38742018, 5.3912282 ], [ 5.35013428, 5.39270156 ], [ 5.28893712, 5.42144193 ], [ 5.26069227, 5.43011359 ], [ 5.2255101, 5.45315544 ], [ 5.19800854, 5.48313462 ], [ 5.16951593, 5.52128993 ], [ 5.15910993, 5.53912878 ], [ 5.18699865, 5.58158207 ], [ 5.18562045, 5.59388414 ], [ 5.16827712, 5.59809609 ], [ 5.12070686, 5.64938278 ], [ 5.09493963, 5.70166052 ], [ 5.08212225, 5.71420482 ], [ 5.0795784, 5.74427555 ], [ 5.04601097, 5.76813316 ], [ 5.03498127, 5.78466073 ], [ 5.02655737, 5.80522496 ], [ 5.00599314, 5.84238923 ], [ 5.00054238, 5.85675941 ], [ 4.97655673, 5.88932281 ], [ 5.01640089, 5.94864315 ], [ 5.0759296, 6.07804869 ], [ 5.10112103, 6.12487893 ], [ 5.12695588, 6.1639466 ], [ 5.13505069, 6.169817 ], [ 5.13310243, 6.16467757 ], [ 5.1455421, 6.14164158 ], [ 5.16145609, 6.14271354 ], [ 5.16869463, 6.16357467 ], [ 5.1794452, 6.15899232 ], [ 5.18402724, 6.14736036 ], [ 5.19583558, 6.15088514 ], [ 5.20338831, 6.14510959 ], [ 5.20937883, 6.15349579 ], [ 5.22255717, 6.14870362 ], [ 5.2173658, 6.13632347 ], [ 5.23373902, 6.11236237 ], [ 5.23134276, 6.10118055 ], [ 5.23294032, 6.0656385 ], [ 5.2565022, 6.06523895 ], [ 5.26826905, 6.05253604 ], [ 5.24779546, 5.98659992 ], [ 5.24910018, 5.97007318 ], [ 5.2560588, 5.95006707 ], [ 5.26823655, 5.93919423 ], [ 5.26969679, 5.91891154 ], [ 5.2751952, 5.90918441 ], [ 5.30433464, 5.91962241 ], [ 5.31514784, 5.93466088 ], [ 5.35869928, 5.96963836 ], [ 5.33651889, 5.9844256 ], [ 5.32695058, 5.98268558 ], [ 5.32303623, 6.00530147 ], [ 5.32738543, 6.01834923 ], [ 5.34217262, 6.01617436 ], [ 5.36565829, 6.01965376 ], [ 5.3882252, 6.01779407 ], [ 5.41116994, 6.02021988 ], [ 5.41537439, 6.00813768 ], [ 5.43114149, 6.00876089 ], [ 5.42753979, 6.03069641 ], [ 5.44248379, 6.04064413 ], [ 5.45209452, 6.03429796 ], [ 5.4561911, 6.02239653 ], [ 5.46551805, 6.02775006 ], [ 5.48974527, 6.03004173 ], [ 5.49727548, 6.04248278 ], [ 5.51298989, 6.03528022 ], [ 5.51528209, 6.02185682 ], [ 5.53263375, 6.01170783 ], [ 5.53659668, 5.98990205 ], [ 5.5463276, 5.98536164 ], [ 5.57127367, 5.99088383 ], [ 5.58342588, 6.011096 ], [ 5.60513395, 6.02306609 ], [ 5.65745197, 6.03320977 ], [ 5.66893009, 6.05203011 ], [ 5.698933, 6.03355593 ], [ 5.74528503, 6.00897603 ], [ 5.7950569, 5.97956994 ], [ 5.8120388, 5.983872 ], [ 5.83530372, 5.95147181 ], [ 5.83331004, 5.94105291 ], [ 5.92131703, 5.8772921 ], [ 5.90650424, 5.84388203 ], [ 5.90240094, 5.81105989 ], [ 5.89418519, 5.7985918 ], [ 5.90264089, 5.79461196 ], [ 5.90614898, 5.77037003 ], [ 5.92460672, 5.74833211 ], [ 5.94093692, 5.74638702 ], [ 5.95859908, 5.75069528 ], [ 5.98173098, 5.74811412 ], [ 6.01566224, 5.7643471 ], [ 6.0397802, 5.76461083 ], [ 6.06185734, 5.77513314 ], [ 6.07362553, 5.78647334 ], [ 6.09373522, 5.79412219 ], [ 6.10185493, 5.80320501 ], [ 6.12087907, 5.83972507 ], [ 6.15193707, 5.85771325 ], [ 6.17971003, 5.88221603 ], [ 6.20140594, 5.89695983 ], [ 6.21764086, 5.91651193 ], [ 6.24596015, 5.97153277 ], [ 6.25663992, 6.01669785 ], [ 6.22389793, 6.03931089 ], [ 6.20141229, 6.04952617 ], [ 6.16930387, 6.08254622 ], [ 6.11956934, 6.15769894 ], [ 6.10639806, 6.20200253 ], [ 6.11216125, 6.24087803 ], [ 6.08485892, 6.26353497 ], [ 6.07663195, 6.27872273 ], [ 6.08610577, 6.28920512 ], [ 6.08801688, 6.31834704 ], [ 6.1130429, 6.34906812 ], [ 6.12661322, 6.35611587 ], [ 6.16752384, 6.33149105 ], [ 6.18870301, 6.30947589 ], [ 6.19759881, 6.2827463 ], [ 6.21263788, 6.27916093 ], [ 6.25394392, 6.31903405 ], [ 6.28165576, 6.35740611 ], [ 6.31278134, 6.36732478 ], [ 6.33629461, 6.3781734 ], [ 6.35756024, 6.38429355 ], [ 6.37015393, 6.38330419 ], [ 6.41273608, 6.39603699 ], [ 6.43126204, 6.40681791 ], [ 6.44537594, 6.4252447 ], [ 6.50219831, 6.46395694 ], [ 6.52331888, 6.48754121 ], [ 6.5401558, 6.4920119 ], [ 6.60880696, 6.49951806 ], [ 6.63265411, 6.48931515 ], [ 6.64625681, 6.48873368 ], [ 6.66892103, 6.50123414 ] ] ] ] } },{ "type": "Feature", "properties": { "ucode": "NGA_0017_V1", "uuid": "23337fc2-625c-4967-8388-b145bb1e5163", "cnpt_uuid": "8ca257b6-a85b-4819-94c2-2be45b02a50e", "is_latest": true, "start_date": "2023-09-06T00:00:00Z", "end_date": null, "name": "Imo", "level": 1, "level_name": "Admin Level 1", "type": "Admin Level 1", "SALB_ID": null, "WFP_ID": "902336", "Source_ID": "NG017", "BrazilStat": null, "UNDP_ID": null, "default": "902336", "Abyei": null, "name_en": "Imo", "Alternativ": null, "adm0_ucode": "NGA_V1", "adm0_type": "State" }, "geometry": { "type": "MultiPolygon", "coordinates": [ [ [ [ 7.26391742, 5.21561056 ], [ 7.2561092, 5.21347095 ], [ 7.24213503, 5.19586701 ], [ 7.21007993, 5.19657886 ], [ 7.16631464, 5.21204417 ], [ 7.15707241, 5.23452851 ], [ 7.13813884, 5.23721241 ], [ 7.11594173, 5.24636478 ], [ 7.11275653, 5.23754532 ], [ 7.09396055, 5.22547361 ], [ 7.05596636, 5.24406676 ], [ 7.03999226, 5.2496181 ], [ 6.98650309, 5.23425572 ], [ 6.9717879, 5.23623801 ], [ 6.95977579, 5.23166985 ], [ 6.92514609, 5.22567936 ], [ 6.89736664, 5.23574509 ], [ 6.87653204, 5.23680993 ], [ 6.84898521, 5.24979778 ], [ 6.82709275, 5.25242564 ], [ 6.80358409, 5.26927178 ], [ 6.77072465, 5.30076784 ], [ 6.75579506, 5.3234529 ], [ 6.76047, 5.35344317 ], [ 6.75813812, 5.3897882 ], [ 6.76208203, 5.41152282 ], [ 6.77737262, 5.42429248 ], [ 6.77278239, 5.43186518 ], [ 6.75043986, 5.43705482 ], [ 6.74373822, 5.45888279 ], [ 6.75119391, 5.46483519 ], [ 6.74999258, 5.47608127 ], [ 6.73949173, 5.47549757 ], [ 6.7332949, 5.4939441 ], [ 6.71559057, 5.48910383 ], [ 6.65272939, 5.49071592 ], [ 6.63907997, 5.49344582 ], [ 6.65843644, 5.62485023 ], [ 6.66988631, 5.69627719 ], [ 6.69583794, 5.70867665 ], [ 6.74226605, 5.73491955 ], [ 6.80205533, 5.77888525 ], [ 6.80963847, 5.78031448 ], [ 6.83669652, 5.75508142 ], [ 6.8499013, 5.76311954 ], [ 6.87234924, 5.74442101 ], [ 6.88480221, 5.74544311 ], [ 6.88642745, 5.7922573 ], [ 6.89010038, 5.80680059 ], [ 6.88855548, 5.83255436 ], [ 6.90708144, 5.81955508 ], [ 6.91587977, 5.82430413 ], [ 6.9219302, 5.84329731 ], [ 6.93283473, 5.8596724 ], [ 6.95259741, 5.86551542 ], [ 6.97766621, 5.90171614 ], [ 6.99497171, 5.89684822 ], [ 7.00311198, 5.90519328 ], [ 7.03100122, 5.91209931 ], [ 7.04782023, 5.927196 ], [ 7.06020119, 5.93141596 ], [ 7.0955147, 5.92744957 ], [ 7.10121909, 5.93253886 ], [ 7.11209574, 5.92470615 ], [ 7.14917906, 5.916739 ], [ 7.17342978, 5.90690566 ], [ 7.18806851, 5.91585845 ], [ 7.19942752, 5.91452719 ], [ 7.21500441, 5.93034985 ], [ 7.23224063, 5.9331011 ], [ 7.25701185, 5.929622 ], [ 7.26098395, 5.93893101 ], [ 7.26945261, 5.91994551 ], [ 7.33517875, 5.91143936 ], [ 7.36718783, 5.90346909 ], [ 7.38794794, 5.9127979 ], [ 7.39639604, 5.90068491 ], [ 7.38643273, 5.86085657 ], [ 7.39239938, 5.83383516 ], [ 7.39428098, 5.75575116 ], [ 7.39972928, 5.71036344 ], [ 7.39134097, 5.70193016 ], [ 7.38160758, 5.70560888 ], [ 7.38974344, 5.69148875 ], [ 7.40819588, 5.67701001 ], [ 7.43228598, 5.60939317 ], [ 7.42596509, 5.58561323 ], [ 7.41523512, 5.57592863 ], [ 7.41735506, 5.56213662 ], [ 7.40949872, 5.55300573 ], [ 7.40666912, 5.53322074 ], [ 7.38803256, 5.5103869 ], [ 7.3749952, 5.47689493 ], [ 7.36424741, 5.46577452 ], [ 7.35597425, 5.44631393 ], [ 7.34356019, 5.43951077 ], [ 7.33132798, 5.42438268 ], [ 7.32190855, 5.40492959 ], [ 7.322537, 5.38655571 ], [ 7.3118977, 5.3613711 ], [ 7.29166128, 5.32534498 ], [ 7.28860805, 5.29830337 ], [ 7.27781189, 5.27291446 ], [ 7.27606809, 5.25567147 ], [ 7.26694958, 5.23941948 ], [ 7.26391742, 5.21561056 ] ] ] ] } },{ "type": "Feature", "properties": { "ucode": "NGA_0004_V1", "uuid": "5fcc6656-620c-4457-87eb-6dc210efffb4", "cnpt_uuid": "0a7910fe-6301-4892-9fb4-9ed2a9c89814", "is_latest": true, "start_date": "2023-09-06T00:00:00Z", "end_date": null, "name": "Anambra", "level": 1, "level_name": "Admin Level 1", "type": "Admin Level 1", "SALB_ID": null, "WFP_ID": "902323", "Source_ID": "NG004", "BrazilStat": null, "UNDP_ID": null, "default": "902323", "Abyei": null, "name_en": "Anambra", "Alternativ": null, "adm0_ucode": "NGA_V1", "adm0_type": "State" }, "geometry": { "type": "MultiPolygon", "coordinates": [ [ [ [ 6.93207266, 6.76769357 ], [ 6.93341117, 6.73530239 ], [ 6.93166781, 6.6986966 ], [ 6.9565078, 6.71002735 ], [ 6.99093497, 6.71307748 ], [ 7.01664639, 6.70610474 ], [ 7.0511725, 6.68266541 ], [ 7.05568263, 6.69646831 ], [ 7.07024778, 6.6856233 ], [ 7.10162444, 6.67560019 ], [ 7.12907886, 6.6594758 ], [ 7.13169395, 6.64335151 ], [ 7.10946838, 6.59323637 ], [ 7.0780921, 6.5575019 ], [ 7.06327542, 6.55488738 ], [ 7.04845849, 6.52743239 ], [ 7.04627953, 6.50084977 ], [ 7.0496592, 6.47435668 ], [ 7.03625629, 6.47383064 ], [ 7.03277025, 6.45160567 ], [ 7.02746829, 6.44356335 ], [ 7.0648007, 6.43722475 ], [ 7.08876909, 6.43025216 ], [ 7.1279897, 6.38667355 ], [ 7.14193486, 6.35965496 ], [ 7.15435466, 6.32130567 ], [ 7.16219914, 6.30474571 ], [ 7.14258866, 6.28905734 ], [ 7.14912504, 6.2624746 ], [ 7.1469463, 6.244607 ], [ 7.15699804, 6.23004005 ], [ 7.18929634, 6.23949329 ], [ 7.19953673, 6.23476701 ], [ 7.20426379, 6.20877076 ], [ 7.2239574, 6.19144012 ], [ 7.22233892, 6.15285051 ], [ 7.21488251, 6.1368711 ], [ 7.22369025, 6.1181104 ], [ 7.24034551, 6.11383752 ], [ 7.25480329, 6.10471962 ], [ 7.26308336, 6.07072824 ], [ 7.26874877, 6.0607052 ], [ 7.30186843, 6.04501725 ], [ 7.33906271, 6.04214955 ], [ 7.31828154, 5.99860341 ], [ 7.27259575, 5.99765158 ], [ 7.26402987, 5.99146502 ], [ 7.2545124, 5.96529107 ], [ 7.26098395, 5.93893101 ], [ 7.25701185, 5.929622 ], [ 7.23224063, 5.9331011 ], [ 7.21500441, 5.93034985 ], [ 7.19942752, 5.91452719 ], [ 7.18806851, 5.91585845 ], [ 7.17342978, 5.90690566 ], [ 7.14917906, 5.916739 ], [ 7.11209574, 5.92470615 ], [ 7.10121909, 5.93253886 ], [ 7.0955147, 5.92744957 ], [ 7.06020119, 5.93141596 ], [ 7.04782023, 5.927196 ], [ 7.03100122, 5.91209931 ], [ 7.00311198, 5.90519328 ], [ 6.99497171, 5.89684822 ], [ 6.97766621, 5.90171614 ], [ 6.95259741, 5.86551542 ], [ 6.93283473, 5.8596724 ], [ 6.9219302, 5.84329731 ], [ 6.91587977, 5.82430413 ], [ 6.90708144, 5.81955508 ], [ 6.88855548, 5.83255436 ], [ 6.89010038, 5.80680059 ], [ 6.88642745, 5.7922573 ], [ 6.88480221, 5.74544311 ], [ 6.87234924, 5.74442101 ], [ 6.8499013, 5.76311954 ], [ 6.83669652, 5.75508142 ], [ 6.80963847, 5.78031448 ], [ 6.80205533, 5.77888525 ], [ 6.74226605, 5.73491955 ], [ 6.69583794, 5.70867665 ], [ 6.66988631, 5.69627719 ], [ 6.67116046, 5.70422604 ], [ 6.6524037, 5.69992502 ], [ 6.63249259, 5.71121627 ], [ 6.62614836, 5.7236355 ], [ 6.63362015, 5.7300358 ], [ 6.65486821, 5.77153011 ], [ 6.65076338, 5.81711345 ], [ 6.66091572, 5.8565292 ], [ 6.67365767, 5.88240803 ], [ 6.68831591, 5.89685101 ], [ 6.70382493, 5.92679982 ], [ 6.71321304, 5.95669797 ], [ 6.71650589, 5.98099715 ], [ 6.72452777, 6.01226998 ], [ 6.72505808, 6.04625608 ], [ 6.70927612, 6.07802388 ], [ 6.72211122, 6.09754802 ], [ 6.74924095, 6.11372422 ], [ 6.75532997, 6.12070993 ], [ 6.76065122, 6.14779995 ], [ 6.76940205, 6.16798401 ], [ 6.767301, 6.18183608 ], [ 6.75365213, 6.19281823 ], [ 6.74269825, 6.2093702 ], [ 6.73100601, 6.23909278 ], [ 6.71917595, 6.30002115 ], [ 6.71282017, 6.35336588 ], [ 6.69977385, 6.38168997 ], [ 6.69490281, 6.40661476 ], [ 6.68176514, 6.4557418 ], [ 6.6738638, 6.46833313 ], [ 6.66892103, 6.50123414 ], [ 6.66470109, 6.53235627 ], [ 6.68392328, 6.54312078 ], [ 6.71704303, 6.55009354 ], [ 6.79330588, 6.57231857 ], [ 6.80812261, 6.58016248 ], [ 6.80899372, 6.61589721 ], [ 6.79897061, 6.6795219 ], [ 6.80637926, 6.70305455 ], [ 6.8338337, 6.72222889 ], [ 6.85998098, 6.75317005 ], [ 6.87828399, 6.76057811 ], [ 6.89680484, 6.79239071 ], [ 6.92338797, 6.80197796 ], [ 6.93123195, 6.78803292 ], [ 6.93207266, 6.76769357 ] ] ] ] } },{ "type": "Feature", "properties": { "ucode": "NGA_0014_V1", "uuid": "9c3b512b-140a-4aec-ad44-a2b7f8e373b8", "cnpt_uuid": "429e2ed9-1171-450a-a8be-25bf1a855854", "is_latest": true, "start_date": "2023-09-06T00:00:00Z", "end_date": null, "name": "Enugu", "level": 1, "level_name": "Admin Level 1", "type": "Admin Level 1", "SALB_ID": null, "WFP_ID": "902333", "Source_ID": "NG014", "BrazilStat": null, "UNDP_ID": null, "default": "902333", "Abyei": null, "name_en": "Enugu", "Alternativ": null, "adm0_ucode": "NGA_V1", "adm0_type": "State" }, "geometry": { "type": "MultiPolygon", "coordinates": [ [ [ [ 7.53051395, 7.03227804 ], [ 7.53827158, 7.02015776 ], [ 7.55717769, 6.97761913 ], [ 7.56426688, 6.95241123 ], [ 7.57765909, 6.93271729 ], [ 7.62019768, 6.91932527 ], [ 7.65035381, 6.88939514 ], [ 7.67455295, 6.85551744 ], [ 7.69228007, 6.85182428 ], [ 7.7202426, 6.86260692 ], [ 7.73442246, 6.86339482 ], [ 7.75017735, 6.87836215 ], [ 7.76278157, 6.87993759 ], [ 7.78523452, 6.87296976 ], [ 7.80069798, 6.88823687 ], [ 7.82675999, 6.89168358 ], [ 7.86380338, 6.88003183 ], [ 7.88259694, 6.85829168 ], [ 7.89665946, 6.86393156 ], [ 7.88814594, 6.85345899 ], [ 7.89039759, 6.84370082 ], [ 7.88645881, 6.80510104 ], [ 7.8900038, 6.78540715 ], [ 7.90339584, 6.7814685 ], [ 7.88842802, 6.76650105 ], [ 7.85534214, 6.7428684 ], [ 7.83013448, 6.68930098 ], [ 7.80492667, 6.64046036 ], [ 7.80828662, 6.63421699 ], [ 7.79165165, 6.58805797 ], [ 7.78385669, 6.58590349 ], [ 7.76822591, 6.59365582 ], [ 7.75327758, 6.60921438 ], [ 7.7370409, 6.634078 ], [ 7.70575602, 6.63619863 ], [ 7.6989447, 6.63074926 ], [ 7.70166908, 6.61076925 ], [ 7.73073111, 6.55991067 ], [ 7.74685152, 6.47272482 ], [ 7.7513926, 6.38553905 ], [ 7.73867726, 6.35375258 ], [ 7.72096798, 6.33104806 ], [ 7.70802664, 6.29835326 ], [ 7.70893469, 6.27791934 ], [ 7.73300153, 6.22660633 ], [ 7.73018553, 6.21029656 ], [ 7.73029725, 6.17802174 ], [ 7.73850265, 6.17030548 ], [ 7.72618995, 6.11489968 ], [ 7.7137993, 6.08392328 ], [ 7.69803605, 6.0740314 ], [ 7.66942833, 6.06358722 ], [ 7.67578609, 6.01000459 ], [ 7.71120511, 5.97095254 ], [ 7.7148382, 5.94597719 ], [ 7.70484787, 5.9291759 ], [ 7.69188946, 5.92464016 ], [ 7.66443362, 5.93008425 ], [ 7.57316068, 5.96913572 ], [ 7.54719171, 5.99494313 ], [ 7.53655685, 6.00811234 ], [ 7.52005992, 6.02001858 ], [ 7.51054178, 6.02144628 ], [ 7.47580173, 6.01240445 ], [ 7.4515313, 6.01383212 ], [ 7.4305921, 6.00621799 ], [ 7.41583954, 6.00621795 ], [ 7.40117158, 6.01709376 ], [ 7.39697256, 6.03438905 ], [ 7.37634035, 6.04000613 ], [ 7.33906271, 6.04214955 ], [ 7.30186843, 6.04501725 ], [ 7.26874877, 6.0607052 ], [ 7.26308336, 6.07072824 ], [ 7.25480329, 6.10471962 ], [ 7.24034551, 6.11383752 ], [ 7.22369025, 6.1181104 ], [ 7.21488251, 6.1368711 ], [ 7.22233892, 6.15285051 ], [ 7.2239574, 6.19144012 ], [ 7.20426379, 6.20877076 ], [ 7.19953673, 6.23476701 ], [ 7.18929634, 6.23949329 ], [ 7.15699804, 6.23004005 ], [ 7.1469463, 6.244607 ], [ 7.14912504, 6.2624746 ], [ 7.14258866, 6.28905734 ], [ 7.16219914, 6.30474571 ], [ 7.15435466, 6.32130567 ], [ 7.14193486, 6.35965496 ], [ 7.1279897, 6.38667355 ], [ 7.08876909, 6.43025216 ], [ 7.0648007, 6.43722475 ], [ 7.02746829, 6.44356335 ], [ 7.03277025, 6.45160567 ], [ 7.03625629, 6.47383064 ], [ 7.0496592, 6.47435668 ], [ 7.04627953, 6.50084977 ], [ 7.04845849, 6.52743239 ], [ 7.06327542, 6.55488738 ], [ 7.0780921, 6.5575019 ], [ 7.10946838, 6.59323637 ], [ 7.13169395, 6.64335151 ], [ 7.12907886, 6.6594758 ], [ 7.10162444, 6.67560019 ], [ 7.07024778, 6.6856233 ], [ 7.05568263, 6.69646831 ], [ 7.0511725, 6.68266541 ], [ 7.01664639, 6.70610474 ], [ 6.99093497, 6.71307748 ], [ 6.9565078, 6.71002735 ], [ 6.93166781, 6.6986966 ], [ 6.93341117, 6.73530239 ], [ 6.93207266, 6.76769357 ], [ 6.94903083, 6.78855797 ], [ 6.95218242, 6.82794578 ], [ 6.96321055, 6.84448868 ], [ 6.97817802, 6.85000274 ], [ 6.98684302, 6.84448872 ], [ 6.98999458, 6.82321929 ], [ 6.98605545, 6.7885579 ], [ 7.00496156, 6.78540714 ], [ 7.02071673, 6.78934584 ], [ 7.04198603, 6.78304383 ], [ 7.05537784, 6.78619472 ], [ 7.06010432, 6.79486049 ], [ 7.08137381, 6.80037454 ], [ 7.10106747, 6.82873337 ], [ 7.11997352, 6.8484274 ], [ 7.14675747, 6.86418251 ], [ 7.15621044, 6.88308862 ], [ 7.17039, 6.88387629 ], [ 7.17590436, 6.89648048 ], [ 7.20988797, 6.90281925 ], [ 7.2349857, 6.91066041 ], [ 7.2428637, 6.92799032 ], [ 7.23813686, 6.95792534 ], [ 7.24128809, 6.97131737 ], [ 7.25783067, 6.98077 ], [ 7.29327959, 6.99416217 ], [ 7.31014405, 7.00399962 ], [ 7.32982115, 7.00029478 ], [ 7.32810773, 7.02446137 ], [ 7.36683693, 7.0398659 ], [ 7.36440895, 7.04872427 ], [ 7.37525985, 7.09207321 ], [ 7.38596181, 7.10934623 ], [ 7.39815856, 7.11370614 ], [ 7.4419735, 7.11820132 ], [ 7.46571382, 7.11184175 ], [ 7.48662656, 7.09398516 ], [ 7.50396825, 7.0703709 ], [ 7.52629344, 7.05754197 ], [ 7.53051395, 7.03227804 ] ] ] ] } },{ "type": "Feature", "properties": { "ucode": "NGA_0011_V1", "uuid": "c93145c8-a7cc-4f5b-8442-4305ca1856c2", "cnpt_uuid": "c7725a3a-7b95-4eb0-b1a9-9de4049b4ba2", "is_latest": true, "start_date": "2023-09-06T00:00:00Z", "end_date": null, "name": "Ebonyi", "level": 1, "level_name": "Admin Level 1", "type": "Admin Level 1", "SALB_ID": null, "WFP_ID": "902330", "Source_ID": "NG011", "BrazilStat": null, "UNDP_ID": null, "default": "902330", "Abyei": null, "name_en": "Ebonyi", "Alternativ": null, "adm0_ucode": "NGA_V1", "adm0_type": "State" }, "geometry": { "type": "MultiPolygon", "coordinates": [ [ [ [ 8.2945148, 6.67870896 ], [ 8.30652022, 6.66071953 ], [ 8.30924531, 6.63937704 ], [ 8.32241411, 6.63438165 ], [ 8.32513784, 6.62575447 ], [ 8.31424049, 6.60713635 ], [ 8.32195959, 6.60304965 ], [ 8.34012298, 6.57534973 ], [ 8.35192986, 6.57444197 ], [ 8.35874202, 6.5639977 ], [ 8.37418097, 6.56354319 ], [ 8.3714561, 6.54810434 ], [ 8.39143647, 6.55037498 ], [ 8.40006357, 6.53629785 ], [ 8.39098177, 6.52312909 ], [ 8.41913594, 6.51450163 ], [ 8.40596655, 6.48498542 ], [ 8.4086912, 6.4777199 ], [ 8.42276847, 6.47771977 ], [ 8.4236765, 6.4663677 ], [ 8.4386615, 6.44684183 ], [ 8.43230451, 6.43321901 ], [ 8.45682539, 6.42822374 ], [ 8.45364678, 6.40597343 ], [ 8.44411079, 6.40234035 ], [ 8.44501887, 6.38553893 ], [ 8.40732945, 6.3746409 ], [ 8.39915561, 6.3537526 ], [ 8.39166329, 6.3065271 ], [ 8.39438725, 6.2969908 ], [ 8.41284843, 6.27914958 ], [ 8.40905246, 6.2634562 ], [ 8.4173155, 6.25961152 ], [ 8.40528603, 6.23705057 ], [ 8.39326604, 6.23251051 ], [ 8.38379604, 6.21346698 ], [ 8.36798659, 6.19837638 ], [ 8.34092333, 6.18344555 ], [ 8.33033113, 6.18992488 ], [ 8.31736432, 6.17172601 ], [ 8.3193656, 6.15983738 ], [ 8.30832141, 6.13920333 ], [ 8.31541211, 6.11765158 ], [ 8.30200269, 6.10813623 ], [ 8.29822926, 6.06753679 ], [ 8.28884042, 6.04570342 ], [ 8.28663802, 6.01663262 ], [ 8.27430506, 5.9990139 ], [ 8.25844847, 5.99813263 ], [ 8.24479388, 6.01795389 ], [ 8.21484274, 6.01222808 ], [ 8.16771197, 5.96950248 ], [ 8.15328189, 5.96731619 ], [ 8.11384767, 5.93814988 ], [ 8.10441772, 5.96120908 ], [ 8.09067024, 5.9615305 ], [ 8.07408939, 5.94761434 ], [ 8.05746805, 5.94995038 ], [ 8.05112125, 5.95667293 ], [ 8.05939119, 5.97136165 ], [ 8.05536661, 5.99791105 ], [ 8.03178186, 6.00048745 ], [ 7.98617682, 5.98172278 ], [ 7.9792134, 5.96569776 ], [ 7.98931003, 5.94266607 ], [ 7.98241369, 5.93582489 ], [ 7.98573372, 5.92202526 ], [ 8.00049683, 5.91273789 ], [ 8.00496671, 5.90007778 ], [ 7.99412687, 5.89730447 ], [ 7.98624158, 5.88474771 ], [ 7.96769059, 5.87082119 ], [ 7.9575669, 5.84302376 ], [ 7.93854073, 5.83444363 ], [ 7.9336359, 5.81987243 ], [ 7.94241656, 5.80508329 ], [ 7.97007636, 5.76832669 ], [ 7.95137195, 5.7750621 ], [ 7.92094859, 5.76008596 ], [ 7.91307235, 5.7493593 ], [ 7.91164371, 5.72545386 ], [ 7.90484178, 5.71507794 ], [ 7.88664506, 5.70005181 ], [ 7.89010003, 5.6847997 ], [ 7.86198867, 5.69736387 ], [ 7.84057312, 5.71068856 ], [ 7.80393009, 5.74495314 ], [ 7.79679087, 5.76160906 ], [ 7.79298411, 5.79159072 ], [ 7.78632189, 5.80491542 ], [ 7.7641923, 5.81395726 ], [ 7.72897679, 5.81586079 ], [ 7.68395493, 5.82234622 ], [ 7.65002683, 5.82447666 ], [ 7.62617173, 5.83414356 ], [ 7.59551406, 5.83438647 ], [ 7.56669762, 5.84393884 ], [ 7.53298573, 5.8378419 ], [ 7.52257917, 5.86142464 ], [ 7.52618776, 5.87989603 ], [ 7.50035834, 5.89160328 ], [ 7.4975773, 5.90766009 ], [ 7.53957179, 5.90723232 ], [ 7.54755221, 5.9333502 ], [ 7.54060488, 5.95931786 ], [ 7.55292733, 5.96634152 ], [ 7.55337253, 5.98147156 ], [ 7.54719171, 5.99494313 ], [ 7.57316068, 5.96913572 ], [ 7.66443362, 5.93008425 ], [ 7.69188946, 5.92464016 ], [ 7.70484787, 5.9291759 ], [ 7.7148382, 5.94597719 ], [ 7.71120511, 5.97095254 ], [ 7.67578609, 6.01000459 ], [ 7.66942833, 6.06358722 ], [ 7.69803605, 6.0740314 ], [ 7.7137993, 6.08392328 ], [ 7.72618995, 6.11489968 ], [ 7.73850265, 6.17030548 ], [ 7.73029725, 6.17802174 ], [ 7.73018553, 6.21029656 ], [ 7.73300153, 6.22660633 ], [ 7.70893469, 6.27791934 ], [ 7.70802664, 6.29835326 ], [ 7.72096798, 6.33104806 ], [ 7.73867726, 6.35375258 ], [ 7.7513926, 6.38553905 ], [ 7.74685152, 6.47272482 ], [ 7.73073111, 6.55991067 ], [ 7.70166908, 6.61076925 ], [ 7.6989447, 6.63074926 ], [ 7.70575602, 6.63619863 ], [ 7.7370409, 6.634078 ], [ 7.75327758, 6.60921438 ], [ 7.76822591, 6.59365582 ], [ 7.78385669, 6.58590349 ], [ 7.79165165, 6.58805797 ], [ 7.80828662, 6.63421699 ], [ 7.83176656, 6.63846886 ], [ 7.83358298, 6.6193966 ], [ 7.84675175, 6.6044116 ], [ 7.85583372, 6.5807992 ], [ 7.89024911, 6.55147586 ], [ 7.91092522, 6.55082837 ], [ 7.93235656, 6.53176309 ], [ 7.94937672, 6.53221076 ], [ 7.96254538, 6.54401719 ], [ 7.97155157, 6.57058669 ], [ 7.96542151, 6.59142803 ], [ 7.97106595, 6.60208642 ], [ 7.98745825, 6.61318348 ], [ 7.98748853, 6.64782236 ], [ 7.98224404, 6.66384386 ], [ 7.99478611, 6.70385849 ], [ 8.00622238, 6.71641239 ], [ 8.02181356, 6.72354932 ], [ 8.03820073, 6.7119149 ], [ 8.05086612, 6.70930725 ], [ 8.07538777, 6.71384824 ], [ 8.09854589, 6.70703707 ], [ 8.12760817, 6.71157781 ], [ 8.14440945, 6.72520063 ], [ 8.15258309, 6.75471645 ], [ 8.16393028, 6.76503143 ], [ 8.18096422, 6.76352532 ], [ 8.1936932, 6.77832949 ], [ 8.22024354, 6.77878342 ], [ 8.22932531, 6.80012555 ], [ 8.24067671, 6.7924061 ], [ 8.25566193, 6.76606907 ], [ 8.26610647, 6.74154807 ], [ 8.25157553, 6.73564473 ], [ 8.26883098, 6.72792539 ], [ 8.27382554, 6.71294036 ], [ 8.28563208, 6.71021552 ], [ 8.27882084, 6.69795527 ], [ 8.2945148, 6.67870896 ] ] ] ] } },{ "type": "Feature", "properties": { "ucode": "NGA_0009_V1", "uuid": "84936bb2-4977-4429-9699-fa514f7f1294", "cnpt_uuid": "7fde213d-60e0-42b9-b761-50693c1fc95c", "is_latest": true, "start_date": "2023-09-06T00:00:00Z", "end_date": null, "name": "Cross River", "level": 1, "level_name": "Admin Level 1", "type": "Admin Level 1", "SALB_ID": null, "WFP_ID": "902328", "Source_ID": "NG009", "BrazilStat": null, "UNDP_ID": null, "default": "902328", "Abyei": null, "name_en": "Cross River", "Alternativ": null, "adm0_ucode": "NGA_V1", "adm0_type": "State" }, "geometry": { "type": "MultiPolygon", "coordinates": [ [ [ [ 8.30420601, 4.79611891 ], [ 8.29548836, 4.79726792 ], [ 8.28394222, 4.81078005 ], [ 8.27927399, 4.82524681 ], [ 8.28313541, 4.83239794 ], [ 8.29672146, 4.82372809 ], [ 8.30899429, 4.80331898 ], [ 8.30420601, 4.79611891 ] ] ], [ [ [ 9.46576618, 6.4552694 ], [ 9.46554253, 6.45503297 ], [ 9.45864454, 6.43437545 ], [ 9.45762102, 6.41355381 ], [ 9.44965198, 6.38407415 ], [ 9.44510475, 6.38216337 ], [ 9.44355162, 6.35655526 ], [ 9.43294371, 6.31578048 ], [ 9.42103332, 6.31861449 ], [ 9.38416119, 6.33817339 ], [ 9.34752266, 6.35366083 ], [ 9.34345369, 6.35055208 ], [ 9.34128427, 6.32566175 ], [ 9.33984369, 6.32425921 ], [ 9.33941719, 6.32384396 ], [ 9.33659127, 6.31896318 ], [ 9.33721283, 6.31834048 ], [ 9.33696239, 6.30096425 ], [ 9.33126049, 6.28708592 ], [ 9.33006419, 6.28660799 ], [ 9.32896375, 6.28641721 ], [ 9.32786346, 6.28646577 ], [ 9.32484966, 6.28665912 ], [ 9.32413043, 6.28402678 ], [ 9.32527757, 6.28239852 ], [ 9.32537295, 6.28191977 ], [ 9.32339929, 6.27882614 ], [ 9.32293078, 6.27809177 ], [ 9.30890983, 6.2647907 ], [ 9.30489497, 6.25749504 ], [ 9.29686559, 6.24290361 ], [ 9.29285107, 6.23560784 ], [ 9.26475252, 6.18453659 ], [ 9.25743181, 6.1803303 ], [ 9.25011121, 6.17612391 ], [ 9.16959228, 6.12984692 ], [ 9.15744932, 6.1010066 ], [ 9.15441378, 6.09379647 ], [ 9.14773306, 6.08813269 ], [ 9.14105249, 6.08246882 ], [ 9.00079252, 5.96350836 ], [ 8.99411499, 5.95784267 ], [ 8.98916796, 5.95364511 ], [ 8.9874376, 5.9521769 ], [ 8.96740624, 5.93517908 ], [ 8.9607294, 5.92951298 ], [ 8.92562763, 5.90381667 ], [ 8.92375545, 5.90332307 ], [ 8.92096576, 5.90309559 ], [ 8.91971537, 5.90322383 ], [ 8.91621714, 5.903914 ], [ 8.91459124, 5.90391376 ], [ 8.91324155, 5.90349505 ], [ 8.91252211, 5.9027294 ], [ 8.91405129, 5.89088924 ], [ 8.89912388, 5.86024932 ], [ 8.88518633, 5.8601977 ], [ 8.85863639, 5.84346708 ], [ 8.85548715, 5.82915913 ], [ 8.84105442, 5.82461643 ], [ 8.85022223, 5.80572364 ], [ 8.84946152, 5.79565628 ], [ 8.86057033, 5.80406775 ], [ 8.87268395, 5.80373593 ], [ 8.88371313, 5.79558068 ], [ 8.8823819, 5.7693505 ], [ 8.86789107, 5.75734096 ], [ 8.87532701, 5.75119304 ], [ 8.86827311, 5.73060911 ], [ 8.86163231, 5.73098405 ], [ 8.85420406, 5.70726231 ], [ 8.84293008, 5.69901804 ], [ 8.83202834, 5.70441155 ], [ 8.83813142, 5.6843748 ], [ 8.83939296, 5.67947048 ], [ 8.85434076, 5.67089363 ], [ 8.87294692, 5.647956 ], [ 8.87730887, 5.64628799 ], [ 8.88727063, 5.63284061 ], [ 8.90411518, 5.61939422 ], [ 8.91723155, 5.58163992 ], [ 8.91045179, 5.54860802 ], [ 8.8997126, 5.53105317 ], [ 8.89932279, 5.53027167 ], [ 8.89660087, 5.52275546 ], [ 8.87429527, 5.49709235 ], [ 8.86885342, 5.47746409 ], [ 8.84798135, 5.46132666 ], [ 8.83380195, 5.43092486 ], [ 8.83992584, 5.39435306 ], [ 8.83653713, 5.38463434 ], [ 8.83337736, 5.34446821 ], [ 8.83192005, 5.32594315 ], [ 8.81563476, 5.28327337 ], [ 8.81707253, 5.2659205 ], [ 8.81295446, 5.23713932 ], [ 8.82115496, 5.18473735 ], [ 8.80223238, 5.15317898 ], [ 8.78290853, 5.11346346 ], [ 8.74939712, 5.10214166 ], [ 8.74270753, 5.08634153 ], [ 8.73595452, 5.08114234 ], [ 8.72667226, 5.07261984 ], [ 8.71994906, 5.05365998 ], [ 8.72374913, 5.04220843 ], [ 8.71720232, 5.03014208 ], [ 8.69537087, 5.01243189 ], [ 8.69523593, 5.01131789 ], [ 8.69519304, 5.00988267 ], [ 8.6948714, 5.00866181 ], [ 8.6936669, 5.00709922 ], [ 8.6928318, 5.00632714 ], [ 8.69165061, 5.00578803 ], [ 8.68452824, 5.00140444 ], [ 8.68406317, 5.00068615 ], [ 8.6838129, 4.99996796 ], [ 8.68388483, 4.99928583 ], [ 8.68452942, 4.99892711 ], [ 8.68821752, 4.99767226 ], [ 8.69387463, 4.99645421 ], [ 8.69473429, 4.99548522 ], [ 8.69499428, 4.9950549 ], [ 8.69796047, 4.98651087 ], [ 8.68600402, 4.9847101 ], [ 8.67963746, 4.9725717 ], [ 8.66746963, 4.96459514 ], [ 8.6691937, 4.95310695 ], [ 8.65145115, 4.94580494 ], [ 8.65265207, 4.92737108 ], [ 8.65292462, 4.92636171 ], [ 8.65210473, 4.91627595 ], [ 8.64121706, 4.90888785 ], [ 8.61845847, 4.90379723 ], [ 8.60451573, 4.88364782 ], [ 8.60387901, 4.88121512 ], [ 8.60341699, 4.87105885 ], [ 8.61537943, 4.85689857 ], [ 8.61695385, 4.85621671 ], [ 8.62197642, 4.85139756 ], [ 8.62538188, 4.8474736 ], [ 8.62640371, 4.84593795 ], [ 8.62738324, 4.84393289 ], [ 8.62815035, 4.84141564 ], [ 8.63002631, 4.83373562 ], [ 8.63041249, 4.827591 ], [ 8.62998793, 4.82605456 ], [ 8.62939302, 4.8248594 ], [ 8.62811758, 4.82349319 ], [ 8.62675699, 4.82225494 ], [ 8.62505603, 4.82114452 ], [ 8.62297226, 4.81994854 ], [ 8.61918689, 4.81883695 ], [ 8.61676774, 4.81777576 ], [ 8.58941469, 4.80246347 ], [ 8.57661108, 4.8028503 ], [ 8.56860124, 4.81919313 ], [ 8.55124344, 4.81328863 ], [ 8.53866501, 4.79215283 ], [ 8.52673361, 4.75238147 ], [ 8.52694113, 4.72503198 ], [ 8.53067684, 4.71012497 ], [ 8.50889587, 4.70702696 ], [ 8.50964546, 4.69552898 ], [ 8.48442936, 4.69126272 ], [ 8.45983028, 4.70080185 ], [ 8.46635819, 4.7247591 ], [ 8.4784565, 4.73655081 ], [ 8.46505165, 4.75511694 ], [ 8.45092106, 4.7368741 ], [ 8.42045879, 4.7268281 ], [ 8.41146469, 4.7355237 ], [ 8.39723778, 4.73568201 ], [ 8.38620738, 4.75347611 ], [ 8.40278816, 4.77067614 ], [ 8.40111351, 4.7837801 ], [ 8.37590122, 4.77835989 ], [ 8.34643745, 4.79592085 ], [ 8.33329105, 4.80804491 ], [ 8.33822536, 4.82923508 ], [ 8.32401085, 4.82685995 ], [ 8.30024338, 4.85112 ], [ 8.2885294, 4.85312891 ], [ 8.26540756, 4.84311724 ], [ 8.26286851, 4.83815685 ], [ 8.2457974, 4.85264399 ], [ 8.23030385, 4.86018849 ], [ 8.22290153, 4.87277224 ], [ 8.21549988, 4.89719913 ], [ 8.20735765, 4.90830229 ], [ 8.17145612, 4.9334698 ], [ 8.14924997, 4.93939159 ], [ 8.12815358, 4.96899988 ], [ 8.1222327, 4.99416736 ], [ 8.10261625, 5.02377601 ], [ 8.09817519, 5.04302168 ], [ 8.10039609, 5.08114291 ], [ 8.09928607, 5.10705044 ], [ 8.09521498, 5.11519241 ], [ 8.06968329, 5.13597491 ], [ 8.06481752, 5.14551109 ], [ 8.07260508, 5.18535487 ], [ 8.0551501, 5.21734244 ], [ 8.03479479, 5.24324998 ], [ 8.01675238, 5.2469511 ], [ 8.00333503, 5.21919305 ], [ 7.99269498, 5.20670174 ], [ 7.97609404, 5.20829444 ], [ 7.96641044, 5.23145388 ], [ 7.94351553, 5.24514198 ], [ 7.93497167, 5.27357097 ], [ 7.92272534, 5.29424908 ], [ 7.90941215, 5.30683801 ], [ 7.8921142, 5.31651021 ], [ 7.86518399, 5.31456093 ], [ 7.84087442, 5.33745096 ], [ 7.84883196, 5.34443992 ], [ 7.86834284, 5.34286601 ], [ 7.87585388, 5.33715585 ], [ 7.89653391, 5.33328301 ], [ 7.9044811, 5.34142682 ], [ 7.88037018, 5.36679555 ], [ 7.93386969, 5.35774085 ], [ 7.97726418, 5.35449215 ], [ 7.98750113, 5.36258501 ], [ 7.98632287, 5.37062501 ], [ 7.95981599, 5.42567583 ], [ 7.95403505, 5.44174101 ], [ 7.93104056, 5.47726815 ], [ 7.92062098, 5.50940424 ], [ 7.90794287, 5.53578182 ], [ 7.90609206, 5.57063673 ], [ 7.90998705, 5.58813349 ], [ 7.90197351, 5.59735229 ], [ 7.91220574, 5.60952804 ], [ 7.91538834, 5.65535684 ], [ 7.89010003, 5.6847997 ], [ 7.88664506, 5.70005181 ], [ 7.90484178, 5.71507794 ], [ 7.91164371, 5.72545386 ], [ 7.91307235, 5.7493593 ], [ 7.92094859, 5.76008596 ], [ 7.95137195, 5.7750621 ], [ 7.97007636, 5.76832669 ], [ 7.94241656, 5.80508329 ], [ 7.9336359, 5.81987243 ], [ 7.93854073, 5.83444363 ], [ 7.9575669, 5.84302376 ], [ 7.96769059, 5.87082119 ], [ 7.98624158, 5.88474771 ], [ 7.99412687, 5.89730447 ], [ 8.00496671, 5.90007778 ], [ 8.00049683, 5.91273789 ], [ 7.98573372, 5.92202526 ], [ 7.98241369, 5.93582489 ], [ 7.98931003, 5.94266607 ], [ 7.9792134, 5.96569776 ], [ 7.98617682, 5.98172278 ], [ 8.03178186, 6.00048745 ], [ 8.05536661, 5.99791105 ], [ 8.05939119, 5.97136165 ], [ 8.05112125, 5.95667293 ], [ 8.05746805, 5.94995038 ], [ 8.07408939, 5.94761434 ], [ 8.09067024, 5.9615305 ], [ 8.10441772, 5.96120908 ], [ 8.11384767, 5.93814988 ], [ 8.15328189, 5.96731619 ], [ 8.16771197, 5.96950248 ], [ 8.21484274, 6.01222808 ], [ 8.24479388, 6.01795389 ], [ 8.25844847, 5.99813263 ], [ 8.27430506, 5.9990139 ], [ 8.28663802, 6.01663262 ], [ 8.28884042, 6.04570342 ], [ 8.29822926, 6.06753679 ], [ 8.30200269, 6.10813623 ], [ 8.31541211, 6.11765158 ], [ 8.30832141, 6.13920333 ], [ 8.3193656, 6.15983738 ], [ 8.31736432, 6.17172601 ], [ 8.33033113, 6.18992488 ], [ 8.34092333, 6.18344555 ], [ 8.36798659, 6.19837638 ], [ 8.38379604, 6.21346698 ], [ 8.39326604, 6.23251051 ], [ 8.40528603, 6.23705057 ], [ 8.4173155, 6.25961152 ], [ 8.40905246, 6.2634562 ], [ 8.41284843, 6.27914958 ], [ 8.39438725, 6.2969908 ], [ 8.39166329, 6.3065271 ], [ 8.39915561, 6.3537526 ], [ 8.40732945, 6.3746409 ], [ 8.44501887, 6.38553893 ], [ 8.44411079, 6.40234035 ], [ 8.45364678, 6.40597343 ], [ 8.45682539, 6.42822374 ], [ 8.43230451, 6.43321901 ], [ 8.4386615, 6.44684183 ], [ 8.4236765, 6.4663677 ], [ 8.42276847, 6.47771977 ], [ 8.4086912, 6.4777199 ], [ 8.40596655, 6.48498542 ], [ 8.41913594, 6.51450163 ], [ 8.39098177, 6.52312909 ], [ 8.40006357, 6.53629785 ], [ 8.39143647, 6.55037498 ], [ 8.3714561, 6.54810434 ], [ 8.37418097, 6.56354319 ], [ 8.35874202, 6.5639977 ], [ 8.35192986, 6.57444197 ], [ 8.34012298, 6.57534973 ], [ 8.32195959, 6.60304965 ], [ 8.31424049, 6.60713635 ], [ 8.32513784, 6.62575447 ], [ 8.32241411, 6.63438165 ], [ 8.30924531, 6.63937704 ], [ 8.30652022, 6.66071953 ], [ 8.2945148, 6.67870896 ], [ 8.32106582, 6.67861331 ], [ 8.36110588, 6.6932621 ], [ 8.37489793, 6.70694397 ], [ 8.39341623, 6.74240771 ], [ 8.41976519, 6.757152 ], [ 8.44030077, 6.75700989 ], [ 8.45049952, 6.74775511 ], [ 8.46874526, 6.74648103 ], [ 8.51562241, 6.75993589 ], [ 8.54413435, 6.75859209 ], [ 8.57841101, 6.765244 ], [ 8.62074097, 6.7810258 ], [ 8.63684064, 6.79813711 ], [ 8.64155673, 6.81877006 ], [ 8.60185738, 6.85004296 ], [ 8.60648893, 6.8591952 ], [ 8.66474045, 6.86797904 ], [ 8.70374182, 6.89641281 ], [ 8.75960841, 6.89143604 ], [ 8.83930561, 6.86907287 ], [ 8.85977278, 6.85974699 ], [ 8.89725889, 6.83767502 ], [ 8.92340382, 6.82486578 ], [ 8.96084807, 6.79705383 ], [ 8.99493726, 6.77663696 ], [ 9.00747502, 6.75783458 ], [ 8.99141903, 6.7466098 ], [ 8.96809176, 6.69711916 ], [ 8.97033143, 6.69136184 ], [ 8.99201599, 6.69236102 ], [ 8.99765182, 6.6831378 ], [ 9.02707602, 6.65078793 ], [ 9.04755984, 6.6437587 ], [ 9.07036755, 6.6424532 ], [ 9.11166239, 6.65988757 ], [ 9.1230764, 6.67308987 ], [ 9.14940083, 6.6843891 ], [ 9.15852737, 6.68432621 ], [ 9.19282926, 6.69442318 ], [ 9.21573183, 6.70574628 ], [ 9.25575471, 6.71809992 ], [ 9.30026416, 6.72008884 ], [ 9.3250991, 6.68432703 ], [ 9.34320726, 6.66468467 ], [ 9.36804218, 6.62892212 ], [ 9.40206236, 6.60113381 ], [ 9.43254203, 6.55729575 ], [ 9.4495182, 6.5388088 ], [ 9.47109227, 6.52488415 ], [ 9.47432694, 6.49960271 ], [ 9.46728621, 6.47324512 ], [ 9.46576618, 6.4552694 ] ] ] ] } },{ "type": "Feature", "properties": { "ucode": "NGA_0003_V1", "uuid": "bbf9f5bb-f9de-404c-bd42-bfce24db95a2", "cnpt_uuid": "fcd341d0-e6ee-4854-98cc-8b14f1b6ec01", "is_latest": true, "start_date": "2023-09-06T00:00:00Z", "end_date": null, "name": "Akwa Ibom", "level": 1, "level_name": "Admin Level 1", "type": "Admin Level 1", "SALB_ID": null, "WFP_ID": "902322", "Source_ID": "NG003", "BrazilStat": null, "UNDP_ID": null, "default": "902322", "Abyei": null, "name_en": "Akwa Ibom", "Alternativ": null, "adm0_ucode": "NGA_V1", "adm0_type": "State" }, "geometry": { "type": "MultiPolygon", "coordinates": [ [ [ [ 8.33286476, 4.58996487 ], [ 8.31543159, 4.58964396 ], [ 8.31027794, 4.60940218 ], [ 8.31965542, 4.61451101 ], [ 8.32460117, 4.63317013 ], [ 8.33236504, 4.63988209 ], [ 8.34162998, 4.62359715 ], [ 8.34037113, 4.60173607 ], [ 8.33286476, 4.58996487 ] ] ], [ [ [ 7.88037018, 5.36679555 ], [ 7.9044811, 5.34142682 ], [ 7.89653391, 5.33328301 ], [ 7.87585388, 5.33715585 ], [ 7.86834284, 5.34286601 ], [ 7.84883196, 5.34443992 ], [ 7.84087442, 5.33745096 ], [ 7.86518399, 5.31456093 ], [ 7.8921142, 5.31651021 ], [ 7.90941215, 5.30683801 ], [ 7.92272534, 5.29424908 ], [ 7.93497167, 5.27357097 ], [ 7.94351553, 5.24514198 ], [ 7.96641044, 5.23145388 ], [ 7.97609404, 5.20829444 ], [ 7.99269498, 5.20670174 ], [ 8.00333503, 5.21919305 ], [ 8.01675238, 5.2469511 ], [ 8.03479479, 5.24324998 ], [ 8.0551501, 5.21734244 ], [ 8.07260508, 5.18535487 ], [ 8.06481752, 5.14551109 ], [ 8.06968329, 5.13597491 ], [ 8.09521498, 5.11519241 ], [ 8.09928607, 5.10705044 ], [ 8.10039609, 5.08114291 ], [ 8.09817519, 5.04302168 ], [ 8.10261625, 5.02377601 ], [ 8.1222327, 4.99416736 ], [ 8.12815358, 4.96899988 ], [ 8.14924997, 4.93939159 ], [ 8.17145612, 4.9334698 ], [ 8.20735765, 4.90830229 ], [ 8.21549988, 4.89719913 ], [ 8.22290153, 4.87277224 ], [ 8.23030385, 4.86018849 ], [ 8.2457974, 4.85264399 ], [ 8.26286851, 4.83815685 ], [ 8.26661778, 4.83162212 ], [ 8.25016117, 4.81980419 ], [ 8.27580643, 4.78796291 ], [ 8.30827045, 4.76766014 ], [ 8.31801415, 4.74792719 ], [ 8.31469631, 4.72513628 ], [ 8.32488823, 4.70724583 ], [ 8.3234911, 4.66882086 ], [ 8.31187884, 4.65660125 ], [ 8.32982349, 4.64332008 ], [ 8.31956291, 4.6315341 ], [ 8.31825924, 4.61818505 ], [ 8.30750847, 4.61260796 ], [ 8.30646801, 4.59281778 ], [ 8.29027367, 4.57570982 ], [ 8.29595752, 4.56885942 ], [ 8.28011131, 4.54644108 ], [ 8.28338624, 4.53742782 ], [ 8.26703396, 4.5337114 ], [ 8.23794746, 4.53839779 ], [ 8.16966357, 4.54560396 ], [ 8.037673, 4.54168606 ], [ 7.99201393, 4.54350185 ], [ 7.9677372, 4.53692484 ], [ 7.93701315, 4.53468084 ], [ 7.8251059, 4.52201757 ], [ 7.79467821, 4.51568985 ], [ 7.78513726, 4.51735912 ], [ 7.76420212, 4.51045084 ], [ 7.71904039, 4.50627422 ], [ 7.67983849, 4.49481279 ], [ 7.66610289, 4.498137 ], [ 7.6642295, 4.48886651 ], [ 7.61021742, 4.47177095 ], [ 7.59920693, 4.4850812 ], [ 7.59224098, 4.48563645 ], [ 7.58032499, 4.50205231 ], [ 7.55237816, 4.51444529 ], [ 7.52395608, 4.55061961 ], [ 7.52726854, 4.56055736 ], [ 7.53891094, 4.56567621 ], [ 7.54508137, 4.57957699 ], [ 7.52934779, 4.60484507 ], [ 7.51969651, 4.63103437 ], [ 7.52318235, 4.65717842 ], [ 7.51847649, 4.66972733 ], [ 7.52074209, 4.68471669 ], [ 7.53698399, 4.70186713 ], [ 7.54516544, 4.71910477 ], [ 7.54548768, 4.73231075 ], [ 7.52390744, 4.75324682 ], [ 7.52519534, 4.77965828 ], [ 7.52146356, 4.78854415 ], [ 7.48871248, 4.82180454 ], [ 7.50069068, 4.83431721 ], [ 7.49872381, 4.859118 ], [ 7.48071454, 4.88268964 ], [ 7.48711939, 4.89080478 ], [ 7.48574796, 4.90318568 ], [ 7.47713171, 4.90875956 ], [ 7.48078988, 4.93284798 ], [ 7.49154612, 4.94678596 ], [ 7.49141872, 4.95948221 ], [ 7.48213143, 4.96092808 ], [ 7.46258202, 4.97333327 ], [ 7.47114325, 4.99591115 ], [ 7.48359938, 4.99633838 ], [ 7.49190877, 5.00778103 ], [ 7.50636554, 5.01327805 ], [ 7.50967026, 5.03450866 ], [ 7.52894902, 5.03857664 ], [ 7.53102483, 5.04893352 ], [ 7.51890196, 5.0531788 ], [ 7.54021604, 5.06895686 ], [ 7.54690672, 5.08805708 ], [ 7.53466104, 5.1087351 ], [ 7.53377208, 5.14047099 ], [ 7.52788401, 5.15600589 ], [ 7.5390413, 5.18726297 ], [ 7.54349592, 5.25828695 ], [ 7.55307101, 5.27567912 ], [ 7.53447121, 5.30092288 ], [ 7.54355933, 5.30965424 ], [ 7.55620715, 5.30629304 ], [ 7.57208287, 5.32431317 ], [ 7.59163361, 5.31869884 ], [ 7.60302015, 5.32687097 ], [ 7.62203287, 5.31779105 ], [ 7.64891091, 5.32493406 ], [ 7.66534916, 5.34411195 ], [ 7.67598993, 5.36959307 ], [ 7.67162254, 5.38433149 ], [ 7.64440323, 5.38460063 ], [ 7.62427985, 5.3801398 ], [ 7.63099367, 5.39693208 ], [ 7.63926079, 5.43047291 ], [ 7.66030881, 5.44738094 ], [ 7.69137264, 5.43724303 ], [ 7.70003, 5.43154101 ], [ 7.70407205, 5.48640301 ], [ 7.69011694, 5.50591276 ], [ 7.69593913, 5.51827761 ], [ 7.71062606, 5.5193529 ], [ 7.71069371, 5.51242781 ], [ 7.73414994, 5.51781186 ], [ 7.74850077, 5.51619573 ], [ 7.76007722, 5.50532395 ], [ 7.75962997, 5.49262281 ], [ 7.77817212, 5.47314979 ], [ 7.78877902, 5.44437792 ], [ 7.8090121, 5.42780396 ], [ 7.82109861, 5.42328497 ], [ 7.85608413, 5.42241287 ], [ 7.86529752, 5.41844805 ], [ 7.87500469, 5.3905521 ], [ 7.88270375, 5.38200233 ], [ 7.88037018, 5.36679555 ] ] ] ] } },{ "type": "Feature", "properties": { "ucode": "NGA_0001_V1", "uuid": "e2e8baa6-6921-40f9-96d0-bbda08d56bba", "cnpt_uuid": "07e91bd6-9789-4d4e-beb6-e98bd50da753", "is_latest": true, "start_date": "2023-09-06T00:00:00Z", "end_date": null, "name": "Abia", "level": 1, "level_name": "Admin Level 1", "type": "Admin Level 1", "SALB_ID": null, "WFP_ID": "902320", "Source_ID": "NG001", "BrazilStat": null, "UNDP_ID": null, "default": "902320", "Abyei": null, "name_en": "Abia", "Alternativ": null, "adm0_ucode": "NGA_V1", "adm0_type": "State" }, "geometry": { "type": "MultiPolygon", "coordinates": [ [ [ [ 7.54719171, 5.99494313 ], [ 7.55337253, 5.98147156 ], [ 7.55292733, 5.96634152 ], [ 7.54060488, 5.95931786 ], [ 7.54755221, 5.9333502 ], [ 7.53957179, 5.90723232 ], [ 7.4975773, 5.90766009 ], [ 7.50035834, 5.89160328 ], [ 7.52618776, 5.87989603 ], [ 7.52257917, 5.86142464 ], [ 7.53298573, 5.8378419 ], [ 7.56669762, 5.84393884 ], [ 7.59551406, 5.83438647 ], [ 7.62617173, 5.83414356 ], [ 7.65002683, 5.82447666 ], [ 7.68395493, 5.82234622 ], [ 7.72897679, 5.81586079 ], [ 7.7641923, 5.81395726 ], [ 7.78632189, 5.80491542 ], [ 7.79298411, 5.79159072 ], [ 7.79679087, 5.76160906 ], [ 7.80393009, 5.74495314 ], [ 7.84057312, 5.71068856 ], [ 7.86198867, 5.69736387 ], [ 7.89010003, 5.6847997 ], [ 7.91538834, 5.65535684 ], [ 7.91220574, 5.60952804 ], [ 7.90197351, 5.59735229 ], [ 7.90998705, 5.58813349 ], [ 7.90609206, 5.57063673 ], [ 7.90794287, 5.53578182 ], [ 7.92062098, 5.50940424 ], [ 7.93104056, 5.47726815 ], [ 7.95403505, 5.44174101 ], [ 7.95981599, 5.42567583 ], [ 7.98632287, 5.37062501 ], [ 7.98750113, 5.36258501 ], [ 7.97726418, 5.35449215 ], [ 7.93386969, 5.35774085 ], [ 7.88037018, 5.36679555 ], [ 7.88270375, 5.38200233 ], [ 7.87500469, 5.3905521 ], [ 7.86529752, 5.41844805 ], [ 7.85608413, 5.42241287 ], [ 7.82109861, 5.42328497 ], [ 7.8090121, 5.42780396 ], [ 7.78877902, 5.44437792 ], [ 7.77817212, 5.47314979 ], [ 7.75962997, 5.49262281 ], [ 7.76007722, 5.50532395 ], [ 7.74850077, 5.51619573 ], [ 7.73414994, 5.51781186 ], [ 7.71069371, 5.51242781 ], [ 7.71062606, 5.5193529 ], [ 7.69593913, 5.51827761 ], [ 7.69011694, 5.50591276 ], [ 7.70407205, 5.48640301 ], [ 7.70003, 5.43154101 ], [ 7.69137264, 5.43724303 ], [ 7.66030881, 5.44738094 ], [ 7.63926079, 5.43047291 ], [ 7.63099367, 5.39693208 ], [ 7.62427985, 5.3801398 ], [ 7.64440323, 5.38460063 ], [ 7.67162254, 5.38433149 ], [ 7.67598993, 5.36959307 ], [ 7.66534916, 5.34411195 ], [ 7.64891091, 5.32493406 ], [ 7.62203287, 5.31779105 ], [ 7.60302015, 5.32687097 ], [ 7.59163361, 5.31869884 ], [ 7.57208287, 5.32431317 ], [ 7.55620715, 5.30629304 ], [ 7.54355933, 5.30965424 ], [ 7.53447121, 5.30092288 ], [ 7.55307101, 5.27567912 ], [ 7.54349592, 5.25828695 ], [ 7.5390413, 5.18726297 ], [ 7.52788401, 5.15600589 ], [ 7.53377208, 5.14047099 ], [ 7.53466104, 5.1087351 ], [ 7.54690672, 5.08805708 ], [ 7.54021604, 5.06895686 ], [ 7.51890196, 5.0531788 ], [ 7.53102483, 5.04893352 ], [ 7.52894902, 5.03857664 ], [ 7.50967026, 5.03450866 ], [ 7.50636554, 5.01327805 ], [ 7.49190877, 5.00778103 ], [ 7.48359938, 4.99633838 ], [ 7.47114325, 4.99591115 ], [ 7.46258202, 4.97333327 ], [ 7.48213143, 4.96092808 ], [ 7.49141872, 4.95948221 ], [ 7.49154612, 4.94678596 ], [ 7.48078988, 4.93284798 ], [ 7.47713171, 4.90875956 ], [ 7.48574796, 4.90318568 ], [ 7.48711939, 4.89080478 ], [ 7.48071454, 4.88268964 ], [ 7.49872381, 4.859118 ], [ 7.50069068, 4.83431721 ], [ 7.48871248, 4.82180454 ], [ 7.46618815, 4.84541467 ], [ 7.44666742, 4.84541467 ], [ 7.429212, 4.86244916 ], [ 7.41635997, 4.86674689 ], [ 7.39283427, 4.86180493 ], [ 7.36202013, 4.86531306 ], [ 7.35241216, 4.87191483 ], [ 7.3307872, 4.87348603 ], [ 7.31981878, 4.87961917 ], [ 7.30778598, 4.87553309 ], [ 7.27139, 4.87302402 ], [ 7.24085624, 4.85694885 ], [ 7.2150749, 4.85715295 ], [ 7.19119603, 4.86386917 ], [ 7.17384305, 4.87939119 ], [ 7.15592822, 4.88372896 ], [ 7.14042909, 4.90063476 ], [ 7.15031626, 4.92433308 ], [ 7.16851717, 4.94475218 ], [ 7.19486765, 4.9529936 ], [ 7.19358019, 4.96644255 ], [ 7.18513075, 4.98233174 ], [ 7.2189532, 4.97833396 ], [ 7.23509218, 4.98100421 ], [ 7.24119714, 4.99400903 ], [ 7.25168606, 5.03308682 ], [ 7.25577585, 5.07734301 ], [ 7.27869886, 5.1167889 ], [ 7.28020356, 5.13155286 ], [ 7.2652114, 5.14909806 ], [ 7.28431911, 5.17089092 ], [ 7.283451, 5.18535522 ], [ 7.26391742, 5.21561056 ], [ 7.26694958, 5.23941948 ], [ 7.27606809, 5.25567147 ], [ 7.27781189, 5.27291446 ], [ 7.28860805, 5.29830337 ], [ 7.29166128, 5.32534498 ], [ 7.3118977, 5.3613711 ], [ 7.322537, 5.38655571 ], [ 7.32190855, 5.40492959 ], [ 7.33132798, 5.42438268 ], [ 7.34356019, 5.43951077 ], [ 7.35597425, 5.44631393 ], [ 7.36424741, 5.46577452 ], [ 7.3749952, 5.47689493 ], [ 7.38803256, 5.5103869 ], [ 7.40666912, 5.53322074 ], [ 7.40949872, 5.55300573 ], [ 7.41735506, 5.56213662 ], [ 7.41523512, 5.57592863 ], [ 7.42596509, 5.58561323 ], [ 7.43228598, 5.60939317 ], [ 7.40819588, 5.67701001 ], [ 7.38974344, 5.69148875 ], [ 7.38160758, 5.70560888 ], [ 7.39134097, 5.70193016 ], [ 7.39972928, 5.71036344 ], [ 7.39428098, 5.75575116 ], [ 7.39239938, 5.83383516 ], [ 7.38643273, 5.86085657 ], [ 7.39639604, 5.90068491 ], [ 7.38794794, 5.9127979 ], [ 7.36718783, 5.90346909 ], [ 7.33517875, 5.91143936 ], [ 7.26945261, 5.91994551 ], [ 7.26098395, 5.93893101 ], [ 7.2545124, 5.96529107 ], [ 7.26402987, 5.99146502 ], [ 7.27259575, 5.99765158 ], [ 7.31828154, 5.99860341 ], [ 7.33906271, 6.04214955 ], [ 7.37634035, 6.04000613 ], [ 7.39697256, 6.03438905 ], [ 7.40117158, 6.01709376 ], [ 7.41583954, 6.00621795 ], [ 7.4305921, 6.00621799 ], [ 7.4515313, 6.01383212 ], [ 7.47580173, 6.01240445 ], [ 7.51054178, 6.02144628 ], [ 7.52005992, 6.02001858 ], [ 7.53655685, 6.00811234 ], [ 7.54719171, 5.99494313 ] ] ] ] } },{ "type": "Feature", "properties": { "ucode": "NGA_0033_V1", "uuid": "b7256f38-4b8b-439b-9391-0f50a4928a8b", "cnpt_uuid": "934989a7-d693-46cf-bfa5-9e2fb4310cc1", "is_latest": true, "start_date": "2023-09-06T00:00:00Z", "end_date": null, "name": "Rivers", "level": 1, "level_name": "Admin Level 1", "type": "Admin Level 1", "SALB_ID": null, "WFP_ID": "902352", "Source_ID": "NG033", "BrazilStat": null, "UNDP_ID": null, "default": "902352", "Abyei": null, "name_en": "Rivers", "Alternativ": null, "adm0_ucode": "NGA_V1", "adm0_type": "State" }, "geometry": { "type": "MultiPolygon", "coordinates": [ [ [ [ 6.66988631, 5.69627719 ], [ 6.65843644, 5.62485023 ], [ 6.63907997, 5.49344582 ], [ 6.65272939, 5.49071592 ], [ 6.71559057, 5.48910383 ], [ 6.7332949, 5.4939441 ], [ 6.73949173, 5.47549757 ], [ 6.74999258, 5.47608127 ], [ 6.75119391, 5.46483519 ], [ 6.74373822, 5.45888279 ], [ 6.75043986, 5.43705482 ], [ 6.77278239, 5.43186518 ], [ 6.77737262, 5.42429248 ], [ 6.76208203, 5.41152282 ], [ 6.75813812, 5.3897882 ], [ 6.76047, 5.35344317 ], [ 6.75579506, 5.3234529 ], [ 6.77072465, 5.30076784 ], [ 6.80358409, 5.26927178 ], [ 6.82709275, 5.25242564 ], [ 6.84898521, 5.24979778 ], [ 6.87653204, 5.23680993 ], [ 6.89736664, 5.23574509 ], [ 6.92514609, 5.22567936 ], [ 6.95977579, 5.23166985 ], [ 6.9717879, 5.23623801 ], [ 6.98650309, 5.23425572 ], [ 7.03999226, 5.2496181 ], [ 7.05596636, 5.24406676 ], [ 7.09396055, 5.22547361 ], [ 7.11275653, 5.23754532 ], [ 7.11594173, 5.24636478 ], [ 7.13813884, 5.23721241 ], [ 7.15707241, 5.23452851 ], [ 7.16631464, 5.21204417 ], [ 7.21007993, 5.19657886 ], [ 7.24213503, 5.19586701 ], [ 7.2561092, 5.21347095 ], [ 7.26391742, 5.21561056 ], [ 7.283451, 5.18535522 ], [ 7.28431911, 5.17089092 ], [ 7.2652114, 5.14909806 ], [ 7.28020356, 5.13155286 ], [ 7.27869886, 5.1167889 ], [ 7.25577585, 5.07734301 ], [ 7.25168606, 5.03308682 ], [ 7.24119714, 4.99400903 ], [ 7.23509218, 4.98100421 ], [ 7.2189532, 4.97833396 ], [ 7.18513075, 4.98233174 ], [ 7.19358019, 4.96644255 ], [ 7.19486765, 4.9529936 ], [ 7.16851717, 4.94475218 ], [ 7.15031626, 4.92433308 ], [ 7.14042909, 4.90063476 ], [ 7.15592822, 4.88372896 ], [ 7.17384305, 4.87939119 ], [ 7.19119603, 4.86386917 ], [ 7.2150749, 4.85715295 ], [ 7.24085624, 4.85694885 ], [ 7.27139, 4.87302402 ], [ 7.30778598, 4.87553309 ], [ 7.31981878, 4.87961917 ], [ 7.3307872, 4.87348603 ], [ 7.35241216, 4.87191483 ], [ 7.36202013, 4.86531306 ], [ 7.39283427, 4.86180493 ], [ 7.41635997, 4.86674689 ], [ 7.429212, 4.86244916 ], [ 7.44666742, 4.84541467 ], [ 7.46618815, 4.84541467 ], [ 7.48871248, 4.82180454 ], [ 7.52146356, 4.78854415 ], [ 7.52519534, 4.77965828 ], [ 7.52390744, 4.75324682 ], [ 7.54548768, 4.73231075 ], [ 7.54516544, 4.71910477 ], [ 7.53698399, 4.70186713 ], [ 7.52074209, 4.68471669 ], [ 7.51847649, 4.66972733 ], [ 7.52318235, 4.65717842 ], [ 7.51969651, 4.63103437 ], [ 7.52934779, 4.60484507 ], [ 7.54508137, 4.57957699 ], [ 7.53891094, 4.56567621 ], [ 7.52726854, 4.56055736 ], [ 7.52395608, 4.55061961 ], [ 7.55237816, 4.51444529 ], [ 7.58032499, 4.50205231 ], [ 7.59224098, 4.48563645 ], [ 7.58098153, 4.47573514 ], [ 7.58395467, 4.45071119 ], [ 7.51780227, 4.45145448 ], [ 7.46973648, 4.44526043 ], [ 7.4248916, 4.43411115 ], [ 7.37026215, 4.44169617 ], [ 7.34164363, 4.44327834 ], [ 7.32188797, 4.45137501 ], [ 7.31686745, 4.44476491 ], [ 7.32529135, 4.4162723 ], [ 7.24055682, 4.39025732 ], [ 7.20983436, 4.3793558 ], [ 7.18951789, 4.37762146 ], [ 7.13632584, 4.38528872 ], [ 7.13154163, 4.39793793 ], [ 7.13550582, 4.41032602 ], [ 7.16622828, 4.44575596 ], [ 7.16969694, 4.45442762 ], [ 7.15755662, 4.4655769 ], [ 7.13426701, 4.46136495 ], [ 7.11236525, 4.46772003 ], [ 7.10537195, 4.45064879 ], [ 7.07975941, 4.45517091 ], [ 7.07653851, 4.44600372 ], [ 7.05919518, 4.43857087 ], [ 7.02634001, 4.43654394 ], [ 7.02765799, 4.44483519 ], [ 7.00790849, 4.47300976 ], [ 6.99403383, 4.47003661 ], [ 6.98931313, 4.45078707 ], [ 7.00146723, 4.41843081 ], [ 7.02203091, 4.40091107 ], [ 7.0039443, 4.37910803 ], [ 6.98895025, 4.37187481 ], [ 6.97255612, 4.38763714 ], [ 6.97223079, 4.37464832 ], [ 6.93878295, 4.37663042 ], [ 6.90649414, 4.3890233 ], [ 6.87045002, 4.39406395 ], [ 6.85702155, 4.38728417 ], [ 6.8563571, 4.37648201 ], [ 6.87139174, 4.35928709 ], [ 6.82374481, 4.35657553 ], [ 6.78294077, 4.34739452 ], [ 6.75750208, 4.34610891 ], [ 6.71976151, 4.35383633 ], [ 6.70588685, 4.35111095 ], [ 6.69572862, 4.33748405 ], [ 6.67379742, 4.33666976 ], [ 6.65187478, 4.33153777 ], [ 6.6511315, 4.32286611 ], [ 6.63155831, 4.31741535 ], [ 6.60554332, 4.34194376 ], [ 6.59854283, 4.34117456 ], [ 6.58995855, 4.35770661 ], [ 6.5605872, 4.37638018 ], [ 6.55222264, 4.3936837 ], [ 6.54749696, 4.42761645 ], [ 6.55409194, 4.45105862 ], [ 6.56373849, 4.46697342 ], [ 6.57866667, 4.4783945 ], [ 6.58829029, 4.49808228 ], [ 6.59930712, 4.53438383 ], [ 6.60288177, 4.56157891 ], [ 6.56647762, 4.62020905 ], [ 6.56101477, 4.65187261 ], [ 6.56308647, 4.67905788 ], [ 6.57272943, 4.69648177 ], [ 6.59288201, 4.71397503 ], [ 6.59803299, 4.72985901 ], [ 6.56848595, 4.7370301 ], [ 6.56008633, 4.75662607 ], [ 6.55261195, 4.75859688 ], [ 6.52731175, 4.75300314 ], [ 6.49898576, 4.7325921 ], [ 6.47847883, 4.71390202 ], [ 6.46105994, 4.71328022 ], [ 6.45942891, 4.72399709 ], [ 6.44594195, 4.73004481 ], [ 6.44142194, 4.74532984 ], [ 6.42286383, 4.77715203 ], [ 6.40227513, 4.82723714 ], [ 6.39839408, 4.86448003 ], [ 6.40660614, 4.88710405 ], [ 6.42071917, 4.90683695 ], [ 6.42555989, 4.92069103 ], [ 6.44064088, 4.94319486 ], [ 6.43741514, 4.96648596 ], [ 6.41039192, 4.99112704 ], [ 6.4115611, 5.00458192 ], [ 6.43903678, 5.0528879 ], [ 6.4439039, 5.06813717 ], [ 6.46049877, 5.09804819 ], [ 6.47792394, 5.13735464 ], [ 6.47673529, 5.17272812 ], [ 6.4948051, 5.18683814 ], [ 6.54449212, 5.18629411 ], [ 6.55882644, 5.19842293 ], [ 6.54922999, 5.21265213 ], [ 6.55276208, 5.22654055 ], [ 6.56663604, 5.23697276 ], [ 6.53738489, 5.26490589 ], [ 6.53088185, 5.28453782 ], [ 6.56316009, 5.32021287 ], [ 6.56707617, 5.33362012 ], [ 6.56963217, 5.37214282 ], [ 6.56197784, 5.37924911 ], [ 6.5400153, 5.38056617 ], [ 6.48547697, 5.37920529 ], [ 6.47655669, 5.40405086 ], [ 6.48312509, 5.42064422 ], [ 6.5088205, 5.42567393 ], [ 6.52453038, 5.43866396 ], [ 6.53483675, 5.45897437 ], [ 6.53816369, 5.47580436 ], [ 6.53083135, 5.53195862 ], [ 6.54258497, 5.54924346 ], [ 6.56885829, 5.55339147 ], [ 6.58476012, 5.56168843 ], [ 6.6010078, 5.59694959 ], [ 6.60377367, 5.61492592 ], [ 6.61760151, 5.63151932 ], [ 6.62134601, 5.64256475 ], [ 6.60645014, 5.67023413 ], [ 6.61404952, 5.69069954 ], [ 6.61829283, 5.71690612 ], [ 6.62614836, 5.7236355 ], [ 6.63249259, 5.71121627 ], [ 6.6524037, 5.69992502 ], [ 6.67116046, 5.70422604 ], [ 6.66988631, 5.69627719 ] ] ] ] } },{ "type": "Feature", "properties": { "ucode": "NGA_0006_V1", "uuid": "24ef3603-8ea2-4fbf-96c0-905c9f04f1d8", "cnpt_uuid": "6c6b8187-e453-4430-907a-8dfa4afbc400", "is_latest": true, "start_date": "2023-09-06T00:00:00Z", "end_date": null, "name": "Bayelsa", "level": 1, "level_name": "Admin Level 1", "type": "Admin Level 1", "SALB_ID": null, "WFP_ID": "902325", "Source_ID": "NG006", "BrazilStat": null, "UNDP_ID": null, "default": "902325", "Abyei": null, "name_en": "Bayelsa", "Alternativ": null, "adm0_ucode": "NGA_V1", "adm0_type": "State" }, "geometry": { "type": "MultiPolygon", "coordinates": [ [ [ [ 6.59854283, 4.34117456 ], [ 6.59563285, 4.33153777 ], [ 6.58349252, 4.32559149 ], [ 6.54062973, 4.3248482 ], [ 6.47367627, 4.31737872 ], [ 6.46382357, 4.31270787 ], [ 6.44350711, 4.31493773 ], [ 6.42921686, 4.32967901 ], [ 6.43003893, 4.3421092 ], [ 6.39824009, 4.33197689 ], [ 6.41699659, 4.30849592 ], [ 6.41278464, 4.30552278 ], [ 6.30005302, 4.29363021 ], [ 6.25793352, 4.29040931 ], [ 6.23910362, 4.29387798 ], [ 6.23390062, 4.30131083 ], [ 6.22151253, 4.2975944 ], [ 6.21853939, 4.27950779 ], [ 6.16162741, 4.27333244 ], [ 6.14123771, 4.27504808 ], [ 6.10573711, 4.2689722 ], [ 6.08566048, 4.26976725 ], [ 6.08103159, 4.29338245 ], [ 6.06666141, 4.2943735 ], [ 6.06587759, 4.2860927 ], [ 6.02305533, 4.29932873 ], [ 5.98663435, 4.3080004 ], [ 5.97895373, 4.32088401 ], [ 5.96012383, 4.3352542 ], [ 5.88232663, 4.37563937 ], [ 5.84757577, 4.39894042 ], [ 5.84516236, 4.40809616 ], [ 5.82682799, 4.41974097 ], [ 5.79313238, 4.44699477 ], [ 5.77900996, 4.44526043 ], [ 5.76662187, 4.46532914 ], [ 5.73614717, 4.49208742 ], [ 5.67149846, 4.5299376 ], [ 5.67668433, 4.54089649 ], [ 5.65859772, 4.53742782 ], [ 5.65834996, 4.56319505 ], [ 5.64198017, 4.58886671 ], [ 5.621665, 4.61497021 ], [ 5.58927012, 4.66138506 ], [ 5.54753399, 4.72533321 ], [ 5.54437953, 4.74505221 ], [ 5.53808073, 4.74812803 ], [ 5.52455859, 4.77750901 ], [ 5.48739432, 4.83598079 ], [ 5.45891237, 4.89076376 ], [ 5.45097333, 4.91229143 ], [ 5.45283795, 4.92186499 ], [ 5.4356121, 4.95589751 ], [ 5.44452715, 4.96770811 ], [ 5.41863394, 5.03825283 ], [ 5.3757227, 5.12084067 ], [ 5.38595917, 5.13473979 ], [ 5.43646523, 5.14139649 ], [ 5.46981247, 5.12318853 ], [ 5.47050862, 5.0932126 ], [ 5.50287047, 5.09246062 ], [ 5.51156509, 5.08828735 ], [ 5.52408506, 5.06881191 ], [ 5.55086365, 5.05559638 ], [ 5.58459817, 5.05524828 ], [ 5.59085799, 5.04342414 ], [ 5.61972341, 5.0347295 ], [ 5.63293884, 5.018384 ], [ 5.64789337, 5.01177647 ], [ 5.66363523, 5.01510093 ], [ 5.66666227, 5.02827783 ], [ 5.71028714, 5.02382613 ], [ 5.71936848, 5.03094863 ], [ 5.73058613, 5.05445286 ], [ 5.75195352, 5.05374054 ], [ 5.76423977, 5.06424621 ], [ 5.77901887, 5.05801392 ], [ 5.79133648, 5.08583735 ], [ 5.80901725, 5.08642196 ], [ 5.82260663, 5.07575511 ], [ 5.84014087, 5.08306121 ], [ 5.84087146, 5.06757259 ], [ 5.84832371, 5.06654976 ], [ 5.85738313, 5.07736256 ], [ 5.86947216, 5.07108167 ], [ 5.88135349, 5.109509 ], [ 5.88530059, 5.09997222 ], [ 5.91450798, 5.10814998 ], [ 5.91637716, 5.13151599 ], [ 5.92689169, 5.13992787 ], [ 5.92782647, 5.16072321 ], [ 5.9460521, 5.16422799 ], [ 5.96053877, 5.15721851 ], [ 5.96424491, 5.14910744 ], [ 6.00452321, 5.10368677 ], [ 6.02721458, 5.09567068 ], [ 6.0549661, 5.09716795 ], [ 6.06226784, 5.10300973 ], [ 6.06335412, 5.12318418 ], [ 6.06956959, 5.14134406 ], [ 6.08579267, 5.15080257 ], [ 6.09785259, 5.14994141 ], [ 6.1297259, 5.12926676 ], [ 6.14373592, 5.13477613 ], [ 6.16590632, 5.16113996 ], [ 6.19090691, 5.15857076 ], [ 6.20229089, 5.17928125 ], [ 6.19415136, 5.21670909 ], [ 6.2020869, 5.23177807 ], [ 6.21328546, 5.23866935 ], [ 6.23353293, 5.23816781 ], [ 6.25941743, 5.22787092 ], [ 6.27899607, 5.22888802 ], [ 6.29300596, 5.23882386 ], [ 6.28383447, 5.26650089 ], [ 6.28676216, 5.28230909 ], [ 6.30643229, 5.3029838 ], [ 6.32540313, 5.30653953 ], [ 6.333601, 5.31773094 ], [ 6.3475529, 5.32045596 ], [ 6.38035395, 5.30904673 ], [ 6.40887689, 5.30476849 ], [ 6.42599066, 5.31118589 ], [ 6.43454753, 5.323308 ], [ 6.45023482, 5.32758668 ], [ 6.47305298, 5.32188219 ], [ 6.49016661, 5.32402128 ], [ 6.50258599, 5.33894116 ], [ 6.4958711, 5.36965757 ], [ 6.48547697, 5.37920529 ], [ 6.5400153, 5.38056617 ], [ 6.56197784, 5.37924911 ], [ 6.56963217, 5.37214282 ], [ 6.56707617, 5.33362012 ], [ 6.56316009, 5.32021287 ], [ 6.53088185, 5.28453782 ], [ 6.53738489, 5.26490589 ], [ 6.56663604, 5.23697276 ], [ 6.55276208, 5.22654055 ], [ 6.54922999, 5.21265213 ], [ 6.55882644, 5.19842293 ], [ 6.54449212, 5.18629411 ], [ 6.4948051, 5.18683814 ], [ 6.47673529, 5.17272812 ], [ 6.47792394, 5.13735464 ], [ 6.46049877, 5.09804819 ], [ 6.4439039, 5.06813717 ], [ 6.43903678, 5.0528879 ], [ 6.4115611, 5.00458192 ], [ 6.41039192, 4.99112704 ], [ 6.43741514, 4.96648596 ], [ 6.44064088, 4.94319486 ], [ 6.42555989, 4.92069103 ], [ 6.42071917, 4.90683695 ], [ 6.40660614, 4.88710405 ], [ 6.39839408, 4.86448003 ], [ 6.40227513, 4.82723714 ], [ 6.42286383, 4.77715203 ], [ 6.44142194, 4.74532984 ], [ 6.44594195, 4.73004481 ], [ 6.45942891, 4.72399709 ], [ 6.46105994, 4.71328022 ], [ 6.47847883, 4.71390202 ], [ 6.49898576, 4.7325921 ], [ 6.52731175, 4.75300314 ], [ 6.55261195, 4.75859688 ], [ 6.56008633, 4.75662607 ], [ 6.56848595, 4.7370301 ], [ 6.59803299, 4.72985901 ], [ 6.59288201, 4.71397503 ], [ 6.57272943, 4.69648177 ], [ 6.56308647, 4.67905788 ], [ 6.56101477, 4.65187261 ], [ 6.56647762, 4.62020905 ], [ 6.60288177, 4.56157891 ], [ 6.59930712, 4.53438383 ], [ 6.58829029, 4.49808228 ], [ 6.57866667, 4.4783945 ], [ 6.56373849, 4.46697342 ], [ 6.55409194, 4.45105862 ], [ 6.54749696, 4.42761645 ], [ 6.55222264, 4.3936837 ], [ 6.5605872, 4.37638018 ], [ 6.58995855, 4.35770661 ], [ 6.59854283, 4.34117456 ] ] ] ] } },{ "type": "Feature", "properties": { "ucode": "NGA_0025_V1", "uuid": "ac3e2032-28de-4915-b47c-e437ff9646d1", "cnpt_uuid": "7c9c5088-6f23-43fb-8efa-c74949b062a8", "is_latest": true, "start_date": "2023-09-06T00:00:00Z", "end_date": null, "name": "Lagos", "level": 1, "level_name": "Admin Level 1", "type": "Admin Level 1", "SALB_ID": null, "WFP_ID": "902344", "Source_ID": "NG025", "BrazilStat": null, "UNDP_ID": null, "default": "902344", "Abyei": null, "name_en": "Lagos", "Alternativ": null, "adm0_ucode": "NGA_V1", "adm0_type": "State" }, "geometry": { "type": "MultiPolygon", "coordinates": [ [ [ [ 4.35083771, 6.37152383 ], [ 4.27509583, 6.38176667 ], [ 4.24023875, 6.38303542 ], [ 4.21216679, 6.38712406 ], [ 4.11929321, 6.40530777 ], [ 3.98075481, 6.42908917 ], [ 3.9133636, 6.43627426 ], [ 3.81747979, 6.43949517 ], [ 3.7914648, 6.43825636 ], [ 3.71986164, 6.42809812 ], [ 3.67675108, 6.4256205 ], [ 3.49340735, 6.42190408 ], [ 3.42180419, 6.42215184 ], [ 3.40867281, 6.41818765 ], [ 3.39529368, 6.40183537 ], [ 3.39500523, 6.39419794 ], [ 3.35788165, 6.39960552 ], [ 3.26397992, 6.40456075 ], [ 3.21368428, 6.40431299 ], [ 3.087078, 6.40084432 ], [ 3.03480026, 6.39836671 ], [ 2.94213734, 6.39688014 ], [ 2.83683858, 6.39266819 ], [ 2.70872486, 6.3754128 ], [ 2.70795306, 6.4187071 ], [ 2.70746082, 6.42961133 ], [ 2.70730526, 6.45942885 ], [ 2.73544598, 6.45793051 ], [ 2.744411, 6.4490753 ], [ 2.78411413, 6.45274882 ], [ 2.79923248, 6.46009589 ], [ 2.8236761, 6.45147715 ], [ 2.83300137, 6.44314108 ], [ 2.85255075, 6.44997129 ], [ 2.85958625, 6.46774715 ], [ 2.87994624, 6.46992823 ], [ 2.88939906, 6.47610902 ], [ 2.89630699, 6.49501472 ], [ 2.88692931, 6.51095309 ], [ 2.91213283, 6.51417154 ], [ 2.98553816, 6.51072072 ], [ 3.03013826, 6.50318951 ], [ 3.08199997, 6.50358609 ], [ 3.1039462, 6.49945931 ], [ 3.13016294, 6.50066175 ], [ 3.17951607, 6.509849 ], [ 3.18657162, 6.51909688 ], [ 3.20396041, 6.52947744 ], [ 3.20522191, 6.539589 ], [ 3.19618107, 6.57332218 ], [ 3.21607257, 6.59500558 ], [ 3.22972418, 6.60104221 ], [ 3.24000762, 6.61602545 ], [ 3.2388513, 6.64000925 ], [ 3.24184108, 6.65986626 ], [ 3.26459897, 6.6982414 ], [ 3.31466479, 6.67546707 ], [ 3.34279747, 6.67373504 ], [ 3.3528618, 6.65828343 ], [ 3.37012914, 6.64118366 ], [ 3.38734642, 6.63861221 ], [ 3.45766355, 6.63943348 ], [ 3.4421713, 6.66724492 ], [ 3.4510194, 6.67566632 ], [ 3.46459133, 6.66895085 ], [ 3.46796631, 6.67933092 ], [ 3.45911161, 6.68732155 ], [ 3.53305897, 6.68973828 ], [ 3.5964215, 6.68233955 ], [ 3.70786503, 6.68303398 ], [ 3.94723283, 6.68018119 ], [ 3.97912555, 6.68241539 ], [ 4.01969953, 6.67994147 ], [ 4.0914807, 6.67899265 ], [ 4.09148076, 6.65258315 ], [ 4.08150819, 6.6376243 ], [ 4.05879216, 6.63596205 ], [ 4.0504813, 6.61915589 ], [ 4.06823106, 6.56355199 ], [ 4.08860777, 6.56263864 ], [ 4.09442129, 6.54688652 ], [ 4.10947947, 6.54843031 ], [ 4.11059617, 6.55828605 ], [ 4.13180572, 6.57322275 ], [ 4.15095512, 6.58129617 ], [ 4.16634226, 6.59337371 ], [ 4.18674852, 6.58486118 ], [ 4.20148747, 6.58687116 ], [ 4.2117606, 6.58173511 ], [ 4.2287331, 6.55761609 ], [ 4.22225672, 6.53774071 ], [ 4.21114391, 6.52808849 ], [ 4.17833427, 6.51513095 ], [ 4.15501027, 6.49664062 ], [ 4.1610732, 6.47472008 ], [ 4.2034616, 6.46190989 ], [ 4.21732568, 6.46305327 ], [ 4.22582961, 6.44561628 ], [ 4.25327155, 6.43432509 ], [ 4.26380878, 6.44356055 ], [ 4.29872178, 6.43518292 ], [ 4.3019399, 6.4387989 ], [ 4.33719925, 6.43952807 ], [ 4.35083775, 6.4276251 ], [ 4.35083771, 6.37152383 ] ], [ [ 3.43987492, 6.56120575 ], [ 3.43219207, 6.55363995 ], [ 3.42012503, 6.56043478 ], [ 3.4095731, 6.55762917 ], [ 3.41558791, 6.53079231 ], [ 3.40430901, 6.51977007 ], [ 3.40999604, 6.50445517 ], [ 3.39716409, 6.49203293 ], [ 3.39403871, 6.46820975 ], [ 3.41105293, 6.46432258 ], [ 3.42035129, 6.46802675 ], [ 3.45693896, 6.46885812 ], [ 3.50029256, 6.46190353 ], [ 3.51238772, 6.46764852 ], [ 3.55921891, 6.47687106 ], [ 3.57218337, 6.49146081 ], [ 3.57036904, 6.51277888 ], [ 3.58945656, 6.52623474 ], [ 3.62945702, 6.51791184 ], [ 3.6425264, 6.55021476 ], [ 3.62584591, 6.55554196 ], [ 3.59035207, 6.55867713 ], [ 3.56329606, 6.53130103 ], [ 3.5466521, 6.53332995 ], [ 3.52272697, 6.52496195 ], [ 3.48439001, 6.53575501 ], [ 3.46778344, 6.55067051 ], [ 3.47041919, 6.56895596 ], [ 3.47980882, 6.58427576 ], [ 3.47729491, 6.59718932 ], [ 3.4709311, 6.58920707 ], [ 3.45427302, 6.5831317 ], [ 3.43987492, 6.56120575 ] ] ] ] } },{ "type": "Feature", "properties": { "ucode": "NGA_0036_V1", "uuid": "42001d1e-5e00-44af-9d3b-d7e504cd6919", "cnpt_uuid": "c3255828-baa6-4990-a574-8e4c4397405d", "is_latest": true, "start_date": "2023-09-06T00:00:00Z", "end_date": null, "name": "Under National Administration", "level": 1, "level_name": "Admin Level 1", "type": "Admin Level 1", "SALB_ID": null, "WFP_ID": "902355", "Source_ID": null, "BrazilStat": null, "UNDP_ID": null, "default": "902355", "Abyei": null, "name_en": "Under National Administration", "Alternativ": null, "adm0_ucode": "NGA_V1", "adm0_type": "State" }, "geometry": { "type": "MultiPolygon", "coordinates": [ [ [ [ 3.43987492, 6.56120575 ], [ 3.45427302, 6.5831317 ], [ 3.4709311, 6.58920707 ], [ 3.47729491, 6.59718932 ], [ 3.47980882, 6.58427576 ], [ 3.47041919, 6.56895596 ], [ 3.46778344, 6.55067051 ], [ 3.48439001, 6.53575501 ], [ 3.52272697, 6.52496195 ], [ 3.5466521, 6.53332995 ], [ 3.56329606, 6.53130103 ], [ 3.59035207, 6.55867713 ], [ 3.62584591, 6.55554196 ], [ 3.6425264, 6.55021476 ], [ 3.62945702, 6.51791184 ], [ 3.58945656, 6.52623474 ], [ 3.57036904, 6.51277888 ], [ 3.57218337, 6.49146081 ], [ 3.55921891, 6.47687106 ], [ 3.51238772, 6.46764852 ], [ 3.50029256, 6.46190353 ], [ 3.45693896, 6.46885812 ], [ 3.42035129, 6.46802675 ], [ 3.41105293, 6.46432258 ], [ 3.39403871, 6.46820975 ], [ 3.39716409, 6.49203293 ], [ 3.40999604, 6.50445517 ], [ 3.40430901, 6.51977007 ], [ 3.41558791, 6.53079231 ], [ 3.4095731, 6.55762917 ], [ 3.42012503, 6.56043478 ], [ 3.43219207, 6.55363995 ], [ 3.43987492, 6.56120575 ] ] ] ] } }]}